total_ret,multiple,cagr,mdd,ret_2024,calmar,rebalance_freq,leader_w,sat_w,sat_hard_stop,profit_thresh,profit_pullback,min_breadth
1680.302818336691,17.80302818336691,30.714875030266462,-50.27559885122245,34.02730746926811,0.6109300681063818,15,0.5,0.25,0.12,,,0.35
1660.1231177746424,17.601231177746424,30.576333430025173,-51.795312842361085,34.027307469268045,0.59033012355933,15,0.5,0.25,0.12,,,0.4
1249.5835047377882,13.49583504737788,27.38986035277129,-52.57558814357173,6.22436624818381,0.520961558774691,15,0.5,0.25,0.12,,,0.45
1426.3417978769385,15.263417978769384,28.856741239429496,-51.054255454674156,41.60685075078422,0.5652171593227608,15,0.5,0.25,0.12,0.2,0.08,0.35
1377.0262027789813,14.770262027789814,28.463661928533647,-52.550171565753566,41.60685075078426,0.5416473644223673,15,0.5,0.25,0.12,0.2,0.08,0.4
865.9434107105515,9.659434107105515,23.48761773075987,-53.31822818756813,12.23159116922728,0.4405175964987585,15,0.5,0.25,0.12,0.2,0.08,0.45
1612.6199238141749,17.126199238141748,30.24443078370924,-52.51795647192304,30.890130082248557,0.5758874262344615,15,0.5,0.25,0.12,0.25,0.1,0.35
1557.498930320907,16.57498930320907,29.84867197851022,-53.969137867985964,30.890130082248525,0.5530692754722732,15,0.5,0.25,0.12,0.25,0.1,0.4
1141.4701887169967,12.414701887169967,26.404203338115373,-54.71422609348545,3.737972348040038,0.4825838766868566,15,0.5,0.25,0.12,0.25,0.1,0.45
2061.360214653314,21.61360214653314,33.09467049558723,-50.27559885122243,34.02730746926827,0.658265067981036,15,0.5,0.25,0.12,0.35,0.12,0.35
2031.1620635077638,21.311620635077638,32.9205808377006,-51.79531284236105,34.027307469268095,0.6355899603868468,15,0.5,0.25,0.12,0.35,0.12,0.4
1577.7845267686832,16.777845267686832,29.99568817131508,-52.57558814357173,6.224366248183869,0.5705250141834614,15,0.5,0.25,0.12,0.35,0.12,0.45
1936.5918498479896,20.365918498479896,32.36053434698025,-51.84512611314517,31.116557186606414,0.6241769819665911,15,0.5,0.25,0.15,,,0.35
1916.0175663473378,20.160175663473378,32.23557502521403,-53.316871049165805,31.116557186606435,0.6046036534193503,15,0.5,0.25,0.15,,,0.4
1502.1341151944087,16.02134115194409,29.438958846304185,-53.29586262787469,3.917428879070949,0.5523685591103855,15,0.5,0.25,0.15,,,0.45
1571.956244531597,16.71956244531597,29.95361453948975,-52.5992047882849,38.59670030809832,0.5694689617467589,15,0.5,0.25,0.15,0.2,0.08,0.35
1519.9540443252295,16.199540443252292,29.57221368161762,-54.04790301310227,38.59670030809838,0.5471482154349029,15,0.5,0.25,0.15,0.2,0.08,0.4
1070.1895496432812,11.701895496432812,25.710823453872056,-54.02722357206209,9.845873444059174,0.47588644675732195,15,0.5,0.25,0.15,0.2,0.08,0.45
1869.8194360493465,19.698194360493464,31.950718637033138,-54.01670477350925,28.046961561035832,0.5914969965495255,15,0.5,0.25,0.15,0.25,0.1,0.35
1808.798421354155,19.08798421354155,31.565030687366157,-55.42208031348341,28.046961561035722,0.5695389005397336,15,0.5,0.25,0.15,0.25,0.1,0.4
1383.0352702900016,14.830352702900015,28.512189749885785,-55.40201928205507,1.484597420159287,0.5146417065545659,15,0.5,0.25,0.15,0.25,0.1,0.45
2385.7351472822406,24.85735147282241,34.8372087862989,-51.84512611314517,31.11655718660647,0.6719476139429438,15,0.5,0.25,0.15,0.35,0.12,0.35
2354.062172103059,24.54062172103059,34.67645620477775,-53.31687104916577,31.11655718660647,0.6503843065509435,15,0.5,0.25,0.15,0.35,0.12,0.4
1904.0734902297572,20.040734902297572,32.16250020355675,-53.295862627874676,3.917428879070957,0.6034708627970532,15,0.5,0.25,0.15,0.35,0.12,0.45
1943.1264052873112,20.43126405287311,32.399982892918125,-51.84512611314517,30.031816586886624,0.6249378740483613,15,0.5,0.25,0.18,,,0.35
1918.3015414438448,20.183015414438447,32.24950383073888,-53.316871049165805,30.031816586886606,0.6048648991610969,15,0.5,0.25,0.18,,,0.4
1483.9647666220014,15.839647666220014,29.301699796252166,-53.29586262787469,1.7745734090893366,0.5497931424967095,15,0.5,0.25,0.18,,,0.45
1579.6609971745481,16.79660997174548,30.009205966070972,-52.5992047882849,37.48465393754925,0.5705258489526583,15,0.5,0.25,0.18,0.2,0.08,0.35
1525.8392768923202,16.2583927689232,29.615930636877685,-54.04790301310227,37.48465393754919,0.5479570711503498,15,0.5,0.25,0.18,0.2,0.08,0.4
1059.8078416744777,11.598078416744777,25.60665638245534,-54.02722357206209,7.607833006321776,0.47395839892273767,15,0.5,0.25,0.18,0.2,0.08,0.45
1879.531653412476,19.795316534124762,32.01110323386687,-54.01670477350925,27.0201079782481,0.5926148840083574,15,0.5,0.25,0.18,0.25,0.1,0.35
1816.3475951231192,19.16347595123119,31.613346991278423,-55.42208031348341,27.020107978248014,0.5704106885281847,15,0.5,0.25,0.18,0.25,0.1,0.4
1370.3495992400326,14.703495992400326,28.409532787687496,-55.40201928205507,-0.5826601274571809,0.5127887603347601,15,0.5,0.25,0.18,0.25,0.1,0.45
2395.1952568352817,24.95195256835282,34.884862223487254,-51.84512611314517,30.03181658688654,0.6728667637408313,15,0.5,0.25,0.18,0.35,0.12,0.35
2361.0102962713513,24.610102962713512,34.71188107417542,-53.31687104916577,30.031816586886663,0.6510487279376562,15,0.5,0.25,0.18,0.35,0.12,0.4
1884.7070926287831,19.84707092628783,32.04317127211691,-53.295862627874676,1.7745734090893774,0.6012318722721596,15,0.5,0.25,0.18,0.35,0.12,0.45
1927.3113387636195,20.273113387636194,32.30431094979566,-51.44989956660938,26.424541400157892,0.627878989500709,15,0.5,0.25,0.22,,,0.35
1896.3911542307947,19.963911542307947,32.11529003043185,-52.9343798729917,26.424541400157853,0.6067000332768192,15,0.5,0.25,0.22,,,0.4
1448.3266419908794,15.483266419908793,29.028275187423258,-52.91319932236931,-2.212959423895506,0.5486017772346533,15,0.5,0.25,0.22,,,0.45
1566.594445941863,16.66594445941863,29.914790751319842,-52.2101672707411,33.66505541348423,0.5729686824444302,15,0.5,0.25,0.22,0.2,0.08,0.35
1508.101836163597,16.08101836163597,29.483733651076193,-53.671401437068425,33.66505541348414,0.5493378756961823,15,0.5,0.25,0.22,0.2,0.08,0.4
1033.6512267743933,11.336512267743933,25.340410517025667,-53.65055256214693,3.387444024450418,0.4723233835788032,15,0.5,0.25,0.22,0.2,0.08,0.45
1864.176829689399,19.64176829689399,31.915512250301692,-53.63930125224986,23.494033627935977,0.5950023864071686,15,0.5,0.25,0.22,0.25,0.1,0.35
1795.4837403557544,18.954837403557544,31.479389943050997,-55.05683785190284,23.494033627935888,0.5717616770459516,15,0.5,0.25,0.22,0.25,0.1,0.4
1337.2220433968,14.372220433968,28.13761580734102,-55.03661245343912,-4.47965289382708,0.5112526834958346,15,0.5,0.25,0.22,0.25,0.1,0.45
2375.8876173606577,24.758876173606577,34.787428746106826,-51.44989956660937,26.424541400157718,0.6761418202783749,15,0.5,0.25,0.22,0.35,0.12,0.35
2334.262824472482,24.34262824472482,34.57500837206635,-52.934379872991734,26.42454140015773,0.6531673452116376,15,0.5,0.25,0.22,0.35,0.12,0.4
1840.0277515701198,19.400277515701198,31.763792869466823,-52.91319932236931,-2.212959423895363,0.6002999870778656,15,0.5,0.25,0.22,0.35,0.12,0.45
1526.85281652985,16.268528165298502,29.623444967509617,-53.323725281610024,35.40600314439257,0.5555396741518729,15,0.6,0.2,0.12,,,0.35
1504.0429989149907,16.040429989149906,29.45329730967807,-54.4842226571267,35.406003144392415,0.540583968592704,15,0.6,0.2,0.12,,,0.4
1209.8674398909475,13.098674398909475,27.036384557141723,-55.082614407808926,12.380804227272488,0.4908333572726868,15,0.6,0.2,0.12,,,0.45
1145.0307063957202,12.450307063957203,26.437882844797734,-54.19806236555688,42.39504148107417,0.48780125507953825,15,0.6,0.2,0.12,0.2,0.08,0.35
1106.2566397705111,12.062566397705112,26.066310681467385,-55.3368213761899,42.395041481074216,0.47104821045400863,15,0.6,0.2,0.12,0.2,0.08,0.4
766.6802388798609,8.66680238879861,22.24826041230683,-55.92400408970056,18.18138714687904,0.39783024793112515,15,0.6,0.2,0.12,0.2,0.08,0.45
1478.9146883071287,15.789146883071286,29.26329573936681,-55.84045126088486,31.600803784629466,0.5240519207599093,15,0.6,0.2,0.12,0.25,0.1,0.35
1429.8696544340735,15.298696544340734,28.884417220364167,-56.93837607868429,31.600803784629566,0.5072926066673944,15,0.6,0.2,0.12,0.25,0.1,0.4
1126.200811069305,12.262008110693051,26.25876707491517,-57.5045032993925,9.222662384482534,0.4566384468743438,15,0.6,0.2,0.12,0.25,0.1,0.45
1991.971557411535,20.91971557411535,32.6912843429418,-53.323725281610024,35.40600314439242,0.6130720269503784,15,0.6,0.2,0.12,0.35,0.12,0.35
1957.3428186928,20.573428186928,32.485412372718955,-54.484222657126736,35.40600314439233,0.5962352179850683,15,0.6,0.2,0.12,0.35,0.12,0.4
1615.3134205058368,17.153134205058368,30.26347208412712,-55.08261440780894,12.38080422727266,0.5494196746012974,15,0.6,0.2,0.12,0.35,0.12,0.45
1711.4176354642893,18.114176354642893,30.925724331688432,-54.502807301451526,33.041794573311826,0.5674152555232658,15,0.6,0.2,0.15,,,0.35
1687.448663230489,17.87448663230489,30.763592759012703,-55.633989535650684,33.04179457331182,0.5529639886655829,15,0.6,0.2,0.15,,,0.4
1402.078328710698,15.020783287106982,28.66480760105783,-55.627703870082065,10.418618988736899,0.5152973358023943,15,0.6,0.2,0.15,,,0.45
1239.8703868550786,13.398703868550784,27.304293227791575,-55.35505789410953,39.97208668444038,0.49325742337805584,15,0.6,0.2,0.15,0.2,0.08,0.35
1199.1818327850826,12.991818327850826,26.939622842521715,-56.4650508928346,39.9720866844407,0.47710260447034053,15,0.6,0.2,0.15,0.2,0.08,0.4
911.1257512586008,10.111257512586008,24.01386659900431,-56.45888296996367,16.170445221640435,0.4253337178452463,15,0.6,0.2,0.15,0.2,0.08,0.45
1667.236151764148,17.67236151764148,30.62533085395018,-56.955958662380425,29.302501046184577,0.5377019643456252,15,0.6,0.2,0.15,0.25,0.1,0.35
1613.7120425132246,17.137120425132245,30.252154636541672,-58.02614897438193,29.302501046184393,0.5213538235993871,15,0.6,0.2,0.15,0.25,0.1,0.4
1314.6202356285592,14.146202356285592,27.948814589952796,-58.02020222398864,7.315175979845229,0.48170832776582895,15,0.6,0.2,0.15,0.25,0.1,0.45
2241.2924767361346,23.412924767361346,34.08840508194437,-54.502807301451526,33.041794573311876,0.6254431059560582,15,0.6,0.2,0.15,0.35,0.12,0.35
2204.379776080751,23.04379776080751,33.890330757403134,-55.63398953565072,33.04179457331165,0.6091659260870719,15,0.6,0.2,0.15,0.35,0.12,0.4
1878.726292285905,19.78726292285905,32.00610622236573,-55.627703870082065,10.418618988736807,0.5753627059120697,15,0.6,0.2,0.15,0.35,0.12,0.45
1716.083621978576,18.16083621978576,30.95705968746383,-54.502807301451526,32.1614857357504,0.5679901865649291,15,0.6,0.2,0.18,,,0.35
1689.324694801357,17.89324694801357,30.776353571475322,-55.633989535650684,32.161485735750446,0.55319335946155,15,0.6,0.2,0.18,,,0.4
1388.881750487119,14.88881750487119,28.559233690945305,-55.627703870082065,8.61096329080314,0.513399470120951,15,0.6,0.2,0.18,,,0.45
1245.1374166539538,13.451374166539537,27.350762365502423,-55.35505789410953,39.07931780328289,0.49409689748356106,15,0.6,0.2,0.18,0.2,0.08,0.35
1203.668009991995,13.03668009991995,26.980334249148097,-56.4650508928346,39.079317803282926,0.4778236063287051,15,0.6,0.2,0.18,0.2,0.08,0.4
904.6488441115561,10.04648844111556,23.93975448934491,-56.45888296996367,14.296071933127049,0.4240210438113157,15,0.6,0.2,0.18,0.2,0.08,0.45
1674.7199296945248,17.747199296945247,30.67668939333179,-56.955958662380425,28.478314934247333,0.5386036880737086,15,0.6,0.2,0.18,0.25,0.1,0.35
1620.1498937186398,17.201498937186397,30.297594896301483,-58.02614897438193,28.47831493424734,0.522136923297764,15,0.6,0.2,0.18,0.25,0.1,0.4
1305.983935594026,14.05983935594026,27.875949242352593,-58.02020222398864,5.5841152912606855,0.48045246610373227,15,0.6,0.2,0.18,0.25,0.1,0.45
2248.6766552800664,23.486766552800663,34.12768846927956,-54.502807301451526,32.16148573575029,0.6261638649275717,15,0.6,0.2,0.18,0.35,0.12,0.35
2210.5470776974557,23.105470776974556,33.923623943721104,-55.63398953565072,32.16148573575047,0.6097643585668535,15,0.6,0.2,0.18,0.35,0.12,0.4
1864.5294297906116,19.645294297906116,31.9177149429408,-55.627703870082065,8.61096329080314,0.5737737264418517,15,0.6,0.2,0.18,0.35,0.12,0.45
1705.1277851447808,18.051277851447807,30.883367537679042,-54.201027776162455,29.229721664108027,0.5697930243171793,15,0.6,0.2,0.22,,,0.35
1674.0501014281247,17.740501014281246,30.67210060898433,-55.34011318187192,29.229721664108034,0.5542471607924316,15,0.6,0.2,0.22,,,0.4
1362.3170054177956,14.623170054177956,28.344114021889368,-55.3337858806354,5.205278935406512,0.5122388351130094,15,0.6,0.2,0.22,,,0.45
1236.9826451353042,13.369826451353042,27.27874534070498,-55.05893128417689,35.989669554169666,0.4954463282243998,15,0.6,0.2,0.22,0.2,0.08,0.35
1192.4811601581766,12.924811601581766,26.878577135528946,-56.17667941269353,35.98966955416964,0.4784650395241328,15,0.6,0.2,0.22,0.2,0.08,0.4
886.6794891781051,9.866794891781051,23.7318475191898,-56.170470634071414,10.70851916686991,0.4224968609181411,15,0.6,0.2,0.22,0.2,0.08,0.45
1663.9864321739242,17.639864321739243,30.602967719533414,-56.67045070923141,25.625989672183696,0.5400163107322579,15,0.6,0.2,0.22,0.25,0.1,0.35
1605.4139180358752,17.054139180358753,30.19335507331624,-57.74811806368339,25.62598967218347,0.522845697586537,15,0.6,0.2,0.22,0.25,0.1,0.4
1280.8562418903175,13.808562418903175,27.661611567616305,-57.742131922565044,2.271498497464278,0.47905421304346446,15,0.6,0.2,0.22,0.25,0.1,0.45
2234.5139729065636,23.345139729065636,34.05224479941611,-54.20102777616248,29.229721664108045,0.6282582858030642,15,0.6,0.2,0.22,0.35,0.12,0.35
2190.7946717491554,22.907946717491555,33.81670774986569,-55.34011318187193,29.22972166410789,0.6110704479177542,15,0.6,0.2,0.22,0.35,0.12,0.4
1829.454228792716,19.29454228792716,31.696823657629757,-55.33378588063539,5.205278935406362,0.5728294775637677,15,0.6,0.2,0.22,0.35,0.12,0.45
1346.162702318688,14.461627023186878,28.211557905226627,-56.25660654341734,36.45166478972413,0.5014799085588943,15,0.7,0.15,0.12,,,0.35
1322.7627638359797,14.227627638359797,28.017145348334683,-57.08597218063589,36.451664789724134,0.4907886172049526,15,0.7,0.15,0.12,,,0.4
1142.277892497517,12.422778924975171,26.411851212945514,-57.51556671889148,18.720936422174,0.4592122223542364,15,0.7,0.15,0.12,,,0.45
888.394440193073,9.88394440193073,23.751837233194117,-57.2095305651702,42.83066005877331,0.41517273430756835,15,0.7,0.15,0.12,0.2,0.08,0.35
859.4459061335398,9.594459061335398,23.41011119937102,-58.02082896123364,42.83066005877337,0.4034777099619239,15,0.7,0.15,0.12,0.2,0.08,0.4
660.6281360744116,7.606281360744116,20.772908227753906,-58.441065035895825,24.27103574079474,0.3554505417550949,15,0.7,0.15,0.12,0.2,0.08,0.45
1316.6512498818154,14.166512498818154,27.965891854632694,-58.99831064011474,31.975829371288455,0.4740117395093316,15,0.7,0.15,0.12,0.25,0.1,0.35
1275.2247130565638,13.752247130565637,27.613090063597845,-59.775694138190836,31.975829371288324,0.46194511768882623,15,0.7,0.15,0.12,0.25,0.1,0.4
1084.1543389737928,11.841543389737929,25.849627920005936,-60.17836298521898,14.826697587000334,0.4295502010640457,15,0.7,0.15,0.12,0.25,0.1,0.45
1870.1306921541454,19.701306921541455,31.95265802026952,-56.25660654341732,36.451664789724184,0.5679805445714066,15,0.7,0.15,0.12,0.35,0.12,0.35
1833.8824957479264,19.338824957479265,31.724911253106725,-57.08597218063589,36.45166478972424,0.5557391779668792,15,0.7,0.15,0.12,0.35,0.12,0.4
1614.652564191715,17.14652564191715,30.258802764178117,-57.51556671889148,18.720936422173928,0.5260976200072693,15,0.7,0.15,0.12,0.35,0.12,0.45
1467.3890443293378,15.673890443293379,29.17522832039461,-57.08565123776154,34.65591838752432,0.5110781376370724,15,0.7,0.15,0.15,,,0.35
1442.7231131139697,15.427231131139697,28.98476516747848,-57.89929836009418,34.655918387524046,0.5006065010876815,15,0.7,0.15,0.15,,,0.4
1276.3122663008128,13.763122663008128,27.622474494078908,-57.90176678600398,17.15853192696705,0.4770575412002076,15,0.7,0.15,0.15,,,0.45
944.7475535229876,10.447475535229875,24.39180068715716,-58.02051500991053,41.006802773936215,0.42039958940369243,15,0.7,0.15,0.15,0.2,0.08,0.35
914.6064498419936,10.146064498419936,24.053516856321355,-58.81643730966233,41.00680277393619,0.4089590930113997,15,0.7,0.15,0.15,0.2,0.08,0.4
754.3003176613291,8.543003176613292,22.08475842324562,-58.818851962369855,22.684173132046617,0.3754707493674756,15,0.7,0.15,0.15,0.2,0.08,0.45
1442.4427786167769,15.424427786167769,28.98258467646164,-59.77539331104881,30.238516024122507,0.4848581175475852,15,0.7,0.15,0.15,0.25,0.1,0.35
1398.0138760237464,14.980138760237464,28.63238153143801,-60.53804348338988,30.238516024122507,0.4729650957301588,15,0.7,0.15,0.15,0.25,0.1,0.4
1218.857752472681,13.188577524726812,27.117241837521156,-60.54035719580144,13.315133270419025,0.447920083289528,15,0.7,0.15,0.15,0.25,0.1,0.45
2044.9135502615704,21.449135502615704,33.0001325378646,-57.085651237761525,34.6559183875242,0.5780810382703557,15,0.7,0.15,0.15,0.35,0.12,0.35
2006.4002330013118,21.064002330013118,32.776153534027806,-57.8992983600942,34.65591838752412,0.56608895897464,15,0.7,0.15,0.15,0.35,0.12,0.4
1809.564897644746,19.09564897644746,31.569944194537225,-57.901766786003996,17.158531926966965,0.5452328304801971,15,0.7,0.15,0.15,0.35,0.12,0.45
1470.4228221632006,15.704228221632006,29.198466218229658,-57.08565123776154,33.987848028706594,0.5114852083690549,15,0.7,0.15,0.18,,,0.35
1444.09999380315,15.440999938031501,28.995469573269105,-57.89929836009418,33.98784802870659,0.5007913808028733,15,0.7,0.15,0.18,,,0.4
1267.5375556639933,13.675375556639933,27.546565462805695,-57.90176678600398,15.73111307112717,0.4757465443949847,15,0.7,0.15,0.18,,,0.45
948.0189038727647,10.480189038727646,24.427981896991334,-58.02051500991053,40.33654969616152,0.42102318279696016,15,0.7,0.15,0.18,0.2,0.08,0.35
917.6485928869902,10.176485928869901,24.088070419178266,-58.81643730966233,40.33654969616143,0.40954657441009423,15,0.7,0.15,0.18,0.2,0.08,0.4
750.6396688483569,8.50639668848357,22.03600042374132,-58.818851962369855,21.214761934370944,0.37464179746043236,15,0.7,0.15,0.18,0.2,0.08,0.45
1447.6749826829719,15.476749826829717,29.023222559136407,-59.77539331104881,29.61991635663539,0.48553796054691606,15,0.7,0.15,0.18,0.25,0.1,0.35
1402.896251436246,15.02896251436246,28.671323341653565,-60.53804348338988,29.61991635663543,0.4736083575201808,15,0.7,0.15,0.18,0.25,0.1,0.4
1213.548061513567,13.13548061513567,27.06954808439772,-60.54035719580144,11.958341124531596,0.44713228230300284,15,0.7,0.15,0.18,0.25,0.1,0.45
2050.158939876671,21.50158939876671,33.03035503981393,-57.085651237761525,33.987848028706516,0.578610462062395,15,0.7,0.15,0.18,0.35,0.12,0.35
2011.2717155206187,21.112717155206187,32.80468846471387,-57.8992983600942,33.987848028706665,0.5665817962195508,15,0.7,0.15,0.18,0.35,0.12,0.4
1800.082702816389,19.00082702816389,31.509032225570046,-57.901766786003996,15.731113071127162,0.5441808423916074,15,0.7,0.15,0.18,0.35,0.12,0.45
1463.5061728636258,15.635061728636257,29.14542700927427,-56.86999334688115,31.759655400169446,0.5124921825030011,15,0.7,0.15,0.22,,,0.35
1434.3867051847162,15.343867051847162,28.919769032993294,-57.6879434172677,31.759655400169223,0.5013139196835497,15,0.7,0.15,0.22,,,0.4
1249.4007611703844,13.494007611703843,27.388255647038505,-57.690424235227944,13.008327340458727,0.47474526336234163,15,0.7,0.15,0.22,,,0.45
943.3807154728394,10.433807154728393,24.37665298381335,-57.80955509896405,37.99950224360804,0.4216716932362308,15,0.7,0.15,0.22,0.2,0.08,0.35
911.211901587612,10.11211901587612,24.01484947057564,-58.60968660958478,37.99950224360803,0.4097419873705374,15,0.7,0.15,0.22,0.2,0.08,0.4
739.329042992812,8.39329042992812,21.884136858113234,-58.6121133843892,18.36015262032909,0.37337225352365255,15,0.7,0.15,0.22,0.2,0.08,0.45
1440.8380470033214,15.408380470033215,28.970095869692347,-59.57325220696043,27.462374313038413,0.4862936770523925,15,0.7,0.15,0.22,0.25,0.1,0.35
1393.402518193134,14.93402518193134,28.595495505737812,-60.33993563153685,27.462374313038367,0.4739066292737689,15,0.7,0.15,0.22,0.25,0.1,0.4
1196.0928930046443,12.960928930046443,26.911516977179573,-60.34226095930241,9.322612268621798,0.4459812501114258,15,0.7,0.15,0.22,0.25,0.1,0.45
2040.693875130269,21.40693875130269,32.97577123008617,-56.86999334688115,31.75965540016936,0.5798448230677455,15,0.7,0.15,0.22,0.35,0.12,0.35
1997.9676090956962,20.97967609095696,32.72661727604576,-57.68794341726768,31.759655400169386,0.567304281231314,15,0.7,0.15,0.22,0.35,0.12,0.4
1774.8625616776658,18.748625616776657,31.345670411843084,-57.690424235227944,13.008327340458766,0.5433426920910427,15,0.7,0.15,0.22,0.35,0.12,0.45
1150.551128875609,12.50551128875609,26.48992908057648,-59.07267678141805,37.15776014597839,0.44842946898436764,15,0.8,0.1,0.12,,,0.35
1128.2670225656839,12.282670225656839,26.278542900184476,-59.59862276945783,37.15776014597831,0.4409253381883732,15,0.8,0.1,0.12,,,0.4
1051.278304342679,11.512783043426788,25.52043868829856,-59.87236374877728,25.237523876886474,0.4262473884508985,15,0.8,0.1,0.12,,,0.45
663.6602328184141,7.636602328184141,20.817612384953055,-60.0883608044,42.91175607818884,0.3464499964097652,15,0.8,0.1,0.12,0.2,0.08,0.35
643.2386051097562,7.432386051097562,20.513357744652705,-60.6012545111031,42.91175607818885,0.3384972458102222,15,0.8,0.1,0.12,0.2,0.08,0.4
552.9770911122743,6.529770911122743,19.070577499688923,-60.868202123124995,30.491446091574016,0.3133093607909218,15,0.8,0.1,0.12,0.2,0.08,0.45
1137.0345018049243,12.370345018049242,26.362122696728505,-61.99368948423536,32.01361590037327,0.42523880924093477,15,0.8,0.1,0.12,0.25,0.1,0.35
1103.9795476405131,12.039795476405132,26.04415406008398,-62.48209832615261,32.01361590037332,0.4168258550494758,15,0.8,0.1,0.12,0.25,0.1,0.4
1018.1246508302088,11.181246508302088,25.179719530475598,-62.73630221350043,20.540451781954,0.40135804378118245,15,0.8,0.1,0.12,0.25,0.1,0.45
1705.2957096749103,18.052957096749104,30.884500104582834,-59.07267678141809,37.15776014597808,0.5228220860697118,15,0.8,0.1,0.12,0.35,0.12,0.35
1670.0699758155163,17.700699758155164,30.644801556794498,-59.59862276945784,37.15776014597836,0.514186404530456,15,0.8,0.1,0.12,0.35,0.12,0.4
1575.8860807740652,16.75886080774065,29.981998106676944,-59.8723637487773,25.237523876886677,0.5007652317266199,15,0.8,0.1,0.12,0.35,0.12,0.45
1219.4085568875528,13.194085568875527,27.122179406936752,-59.589975960375426,35.94837886036504,0.45514667475234,15,0.8,0.1,0.15,,,0.35
1196.1579059831283,12.961579059831283,26.912109147485474,-60.10927427623945,35.94837886036501,0.4477197482672577,15,0.8,0.1,0.15,,,0.4
1132.4762153633314,12.324762153633316,26.318736151814214,-60.115250287247044,24.133248643228207,0.4378046506677777,15,0.8,0.1,0.15,,,0.45
692.6244738278932,7.926244738278932,21.23672160793031,-60.59282228790479,41.69443543368202,0.3504824632037229,15,0.8,0.1,0.15,0.2,0.08,0.35
671.5835659980643,7.715835659980643,20.933675633395453,-61.099233296192665,41.69443543368189,0.3426176484394594,15,0.8,0.1,0.15,0.2,0.08,0.4
605.791983050856,7.05791983050856,19.93520221906042,-61.10506100190138,29.379921500329548,0.3262446987564599,15,0.8,0.1,0.15,0.2,0.08,0.45
1209.7136342608715,13.097136342608716,27.034996882429184,-62.47406864609752,30.84923269904849,0.4327394944545194,15,0.8,0.1,0.15,0.25,0.1,0.35
1174.9731900045224,12.749731900045223,26.717707468476505,-62.95630426501724,30.849232699048525,0.42438494095852863,15,0.8,0.1,0.15,0.25,0.1,0.4
1101.8166276963261,12.01816627696326,26.023073135676732,-62.96185376379068,19.477263896539814,0.4133149133966984,15,0.8,0.1,0.15,0.25,0.1,0.45
1811.2571626902695,19.112571626902696,31.58078615239779,-59.589975960375476,35.948378860365,0.5299680968724928,15,0.8,0.1,0.15,0.35,0.12,0.35
1774.3410578735347,18.743410578735347,31.34227141994441,-60.10927427623943,35.94837886036524,0.5214215576103484,15,0.8,0.1,0.15,0.35,0.12,0.4
1701.228126623951,18.012281266239512,30.85703937996833,-60.11525028724706,24.133248643228285,0.5132980272480774,15,0.8,0.1,0.15,0.35,0.12,0.45
1221.1116045739302,13.211116045739303,27.13743419923582,-59.589975960375426,35.498839254104844,0.45540267069885976,15,0.8,0.1,0.18,,,0.35
1197.0183711296982,12.970183711296983,26.919944152130327,-60.10927427623945,35.49883925410459,0.4478500942868893,15,0.8,0.1,0.18,,,0.4
1127.4119585747542,12.274119585747542,26.270362697424442,-60.115250287247044,23.132832990387953,0.43699997208524444,15,0.8,0.1,0.18,,,0.45
694.3755951063257,7.943755951063257,21.26161245918814,-60.59282228790479,41.24826353938163,0.35089325197899335,15,0.8,0.1,0.18,0.2,0.08,0.35
673.3352296946839,7.733352296946839,20.959188534729158,-61.099233296192665,41.24826353938168,0.34303521343917104,15,0.8,0.1,0.18,0.2,0.08,0.4
604.0202257760661,7.0402022577606616,19.907163341845102,-61.10506100190138,28.357548598336784,0.3257858353373652,15,0.8,0.1,0.18,0.2,0.08,0.45
1212.8627679000183,13.128627679000184,27.063379769885422,-62.47406864609752,30.43756952131485,0.43319380914974154,15,0.8,0.1,0.18,0.25,0.1,0.35
1178.1165160021812,12.781165160021812,26.746736473345734,-62.95630426501724,30.437569521314874,0.4248460386231411,15,0.8,0.1,0.18,0.25,0.1,0.4
1099.0331539239985,11.990331539239985,25.99589328286136,-62.96185376379068,18.53346900943021,0.41288322577648723,15,0.8,0.1,0.18,0.25,0.1,0.45
1814.4728827681465,19.144728827681465,31.601364570385137,-59.589975960375476,35.498839254104915,0.5303134304232402,15,0.8,0.1,0.18,0.35,0.12,0.35
1777.6088457138458,18.776088457138457,31.36355566115141,-60.10927427623943,35.49883925410475,0.5217756500771644,15,0.8,0.1,0.18,0.35,0.12,0.4
1695.7621478750586,17.957621478750585,30.820049217260028,-60.11525028724706,23.132832990387982,0.5126827064678834,15,0.8,0.1,0.18,0.35,0.12,0.45
1217.3386680765448,13.173386680765448,27.103614629119765,-59.45322041140045,33.99731983250907,0.45588135413977526,15,0.8,0.1,0.22,,,0.35
1191.6762966521092,12.916762966521091,26.8712252197022,-59.97436653129027,33.99731983250902,0.4480451695255963,15,0.8,0.1,0.22,,,0.4
1116.6581674426839,12.166581674426839,26.167039948653215,-59.98036275276426,21.20080759458247,0.43626011493982303,15,0.8,0.1,0.22,,,0.45
692.0961822327739,7.920961822327739,21.22920255319527,-60.45946057012193,39.680886584100094,0.35113119358008954,15,0.8,0.1,0.22,0.2,0.08,0.35
670.1317488387942,7.701317488387943,20.912490138772455,-60.96767352590559,39.680886584100186,0.3430094823921171,15,0.8,0.1,0.22,0.2,0.08,0.4
597.8354564562297,6.978354564562297,19.808782292045592,-60.9735209405221,26.34160355357349,0.3248751586999295,15,0.8,0.1,0.22,0.2,0.08,0.45
1209.1003322877489,13.091003322877489,27.02946204112857,-62.34707343970843,28.990622163193656,0.4335321699945853,15,0.8,0.1,0.22,0.25,0.1,0.35
1172.8266315137628,12.728266315137628,26.697846412806882,-62.83102498354227,28.99062216319371,0.42491502279009485,15,0.8,0.1,0.22,0.25,0.1,0.4
1088.5040378663796,11.885040378663795,25.892559018511797,-62.83659325034638,16.672240891446798,0.4120617888266733,15,0.8,0.1,0.22,0.25,0.1,0.45
1809.0087436770452,19.090087436770453,31.566379139732682,-59.4532204114005,33.99731983250915,0.5309448154583001,15,0.8,0.1,0.22,0.35,0.12,0.35
1769.8597215776506,18.698597215776505,31.313028124222498,-59.97436653129032,33.99731983250923,0.5221068589008874,15,0.8,0.1,0.22,0.35,0.12,0.4
1680.0138446147137,17.800138446147137,30.712901185519435,-59.98036275276426,21.200807594582717,0.5120492737284087,15,0.8,0.1,0.22,0.35,0.12,0.45
1055.570685449781,11.55570685449781,25.56389879256877,-56.42514204002551,-11.235005026314388,0.45305865201783396,20,0.5,0.25,0.12,,,0.35
699.5300431083615,7.995300431083614,21.334591238191546,-66.09134835973988,-11.235005026314266,0.32280459950772766,20,0.5,0.25,0.12,,,0.4
985.6790028166397,10.856790028166397,24.837286421217144,-68.02919233301154,-16.00719492606996,0.3650974760899038,20,0.5,0.25,0.12,,,0.45
488.5386715159732,5.885386715159732,17.92529658285631,-55.16243372878087,-15.175815698687636,0.3249547812011026,20,0.5,0.25,0.12,0.2,0.08,0.35
292.0919250715631,3.920919250715631,13.553068442236093,-65.10874650505151,-15.175815698687654,0.20816048794895117,20,0.5,0.25,0.12,0.2,0.08,0.4
378.80827402259445,4.788082740225945,15.683348470680357,-67.10274514653099,-19.73613945804507,0.2337214138770765,20,0.5,0.25,0.12,0.2,0.08,0.45
521.5117967893599,6.215117967893598,18.524803588680825,-56.175019930118786,-18.271283192966536,0.32976941729127135,20,0.5,0.25,0.12,0.25,0.1,0.35
318.5920777351118,4.185920777351118,14.246005332105337,-65.89671081209386,-18.271283192966507,0.21618689546930775,20,0.5,0.25,0.12,0.25,0.1,0.4
300.61202943227846,4.006120294322785,13.780371526554468,-67.8456781176254,-22.665188211292048,0.20311347618433653,20,0.5,0.25,0.12,0.25,0.1,0.45
1008.166496080546,11.08166496080546,25.07558983006939,-57.83922238829729,-16.801165326868883,0.4335395393410922,20,0.5,0.25,0.12,0.35,0.12,0.35
669.2234956369942,7.692234956369942,20.899218119835282,-67.27485304698932,-16.801165326868926,0.3106542366616223,20,0.5,0.25,0.12,0.35,0.12,0.4
830.8880503512298,9.308880503512299,23.06370779818394,-69.14506096531377,-21.27410692525747,0.3335553903084086,20,0.5,0.25,0.12,0.35,0.12,0.45
1287.6019452759483,13.876019452759483,27.719497152824246,-57.50752064560587,-11.784161702257904,0.48201516674049627,20,0.5,0.25,0.15,,,0.35
764.3389874771929,8.643389874771929,22.217502560315474,-66.93362302907346,-11.78416170225784,0.3319333625592779,20,0.5,0.25,0.15,,,0.4
1058.6029616177593,11.586029616177592,25.594512245562484,-68.82333188600003,-16.526827802196937,0.37188714269105144,20,0.5,0.25,0.15,,,0.45
550.619228964813,6.50619228964813,19.03051586378679,-56.27617740415525,-15.700592015121206,0.33816290909591235,20,0.5,0.25,0.15,0.2,0.08,0.35
345.19041773856014,4.451904177385601,14.902596468642981,-65.97542853392933,-15.700592015121329,0.22588101054893472,20,0.5,0.25,0.15,0.2,0.08,0.4
451.5251949826311,5.515251949826311,17.214900678139223,-67.91989720399552,-20.232702713263944,0.25345887415634255,20,0.5,0.25,0.15,0.2,0.08,0.45
627.9059019932748,7.279059019932748,20.27989648012931,-57.263611449136356,-18.77690898007085,0.3541497989197321,20,0.5,0.25,0.15,0.25,0.1,0.35
340.60229663211305,4.40602296632113,14.79192165852725,-66.74382018490729,-18.776908980070807,0.2216223407282901,20,0.5,0.25,0.15,0.25,0.1,0.4
327.784986415688,4.27784986415688,14.47710939658824,-68.6443760758469,-23.143630509285693,0.21090015270285384,20,0.5,0.25,0.15,0.25,0.1,0.45
1197.067338180898,12.97067338180898,26.92038988205987,-56.494878856778996,-17.315886197466835,0.4765102683077903,20,0.5,0.25,0.15,0.35,0.12,0.35
709.1703044335976,8.091703044335976,21.46994400415889,-68.08773002662163,-17.315886197466774,0.3153276514838188,20,0.5,0.25,0.15,0.35,0.12,0.4
893.4148576820787,9.934148576820787,23.810175622468787,-69.91148287581798,-21.761155336226675,0.34057603476616577,20,0.5,0.25,0.15,0.35,0.12,0.45
1402.3878326824424,15.023878326824425,28.667273551697136,-57.966538505798724,-12.559804574309322,0.4945486532515545,20,0.5,0.25,0.18,,,0.35
835.7717383275043,9.357717383275043,23.123623542014094,-67.29081700391642,-12.55980457430941,0.3436371346281658,20,0.5,0.25,0.18,,,0.4
1136.3408287698253,12.363408287698253,26.35552956256624,-69.16011259880054,-17.26077050763527,0.38107991112529405,20,0.5,0.25,0.18,,,0.45
605.736854750526,7.05736854750526,19.934330751003195,-56.748496642578885,-16.441799446613775,0.35127504569074863,20,0.5,0.25,0.18,0.2,0.08,0.35
382.8701676470061,4.828701676470061,15.774290424366178,-66.34297324361972,-16.441799446613732,0.23776881941122843,20,0.5,0.25,0.18,0.2,0.08,0.4
488.95318193119357,5.8895318193119355,17.93302019193912,-68.26643711797367,-20.93406129871925,0.26269160877619013,20,0.5,0.25,0.18,0.2,0.08,0.45
689.5709179152796,7.895709179152796,21.19319808419857,-57.725264097394046,-19.491067716316866,0.36713904068834424,20,0.5,0.25,0.18,0.25,0.1,0.35
377.89371999768383,4.778937199976839,15.662775993858924,-67.10306447304595,-19.49106771631684,0.23341372136812574,20,0.5,0.25,0.18,0.25,0.1,0.4
356.8156291388384,4.568156291388384,15.178455775465682,-68.98308992868284,-23.81939459334987,0.22003154383426005,20,0.5,0.25,0.18,0.25,0.1,0.45
1306.337901108494,14.063379011084939,27.87894365344188,-56.96483560955038,-18.04289106122351,0.4894061986684267,20,0.5,0.25,0.18,0.35,0.12,0.35
777.275009795895,8.77275009795895,22.38651235898097,-68.43245695476601,-18.042891061223383,0.32713296226932925,20,0.5,0.25,0.18,0.35,0.12,0.4
960.0692291895999,10.600692291896,24.560381073211413,-70.23650902059833,-22.449074913391158,0.3496811190602962,20,0.5,0.25,0.18,0.35,0.12,0.45
1278.117974961112,13.78117974961112,27.638041000044765,-58.66712204074658,-13.816264633991354,0.47109931489138124,20,0.5,0.25,0.22,,,0.35
758.369473578079,8.58369473578079,22.138735639062478,-67.83599016439503,-13.816264633991308,0.3263567847305102,20,0.5,0.25,0.22,,,0.4
1034.3430777136223,11.343430777136223,25.34752421720128,-69.67412968340125,-18.449680673262268,0.363801088472583,20,0.5,0.25,0.22,,,0.45
545.3094354207544,6.453094354207544,18.9398146084657,-57.4693816241342,-17.642477706115823,0.32956357060421104,20,0.5,0.25,0.22,0.2,0.08,0.35
342.5742434993422,4.425742434993421,14.839616506713305,-66.90394438286481,-17.642477706115635,0.22180480752811899,20,0.5,0.25,0.22,0.2,0.08,0.4
439.9311791591987,5.399311791591987,16.98347096952231,-68.79534934337882,-22.070188609228904,0.24686946329398757,20,0.5,0.25,0.22,0.2,0.08,0.45
625.8626319583915,7.2586263195839145,20.24844880211052,-58.429869020824384,-20.64792992790754,0.346542772411384,20,0.5,0.25,0.22,0.25,0.1,0.35
339.3338020982253,4.393338020982253,14.761138556181997,-67.99356147715021,-20.647929927907537,0.21709612256658445,20,0.5,0.25,0.22,0.25,0.1,0.4
320.0549661005453,4.200549661005454,14.283087527125238,-69.82269596044975,-24.914061497396105,0.2045622462818641,20,0.5,0.25,0.22,0.25,0.1,0.45
1192.8643990798403,12.928643990798403,26.882076319956493,-57.68211480864459,-19.220562651357135,0.4660383276364857,20,0.5,0.25,0.22,0.35,0.12,0.35
706.490124082937,8.06490124082937,21.43246071651108,-69.40464724908676,-19.22056265135719,0.3088044038260434,20,0.5,0.25,0.22,0.35,0.12,0.4
874.763812199014,9.74763812199014,23.592080105263324,-71.15313965649592,-23.56343244070846,0.3315676612326338,20,0.5,0.25,0.22,0.35,0.12,0.45
860.5415854910012,9.605415854910012,23.42321449252671,-59.38226162266377,-7.857596862374557,0.39444800269424285,20,0.6,0.2,0.12,,,0.35
614.0794636541102,7.140794636541102,20.065513634265763,-66.95993901129911,-7.857596862374557,0.29966445505393635,20,0.6,0.2,0.12,,,0.4
808.3752087879473,9.083752087879473,22.78376763549277,-68.4925640535316,-11.849071722344721,0.33264585652955997,20,0.6,0.2,0.12,,,0.45
344.99099139577163,4.449909913957716,14.897807452118993,-58.30444357535399,-10.869941385353588,0.25551753071555733,20,0.6,0.2,0.12,0.2,0.08,0.35
217.23424331597823,3.1723424331597823,11.337125783773416,-66.08319955113983,-10.869941385353528,0.1715583667373725,20,0.6,0.2,0.12,0.2,0.08,0.4
270.94531485458873,3.709453148545887,12.968941511481002,-67.65649379348702,-14.730925862789531,0.1916880521634342,20,0.6,0.2,0.12,0.2,0.08,0.45
346.33665634870584,4.4633665634870585,14.930084526286347,-59.48230722699959,-14.370661526556358,0.2510004272246763,20,0.6,0.2,0.12,0.25,0.1,0.35
220.97395474418585,3.2097395474418584,11.458570597741913,-67.0413200285827,-14.370661526556283,0.1709180337269107,20,0.6,0.2,0.12,0.25,0.1,0.4
208.96990391059802,3.08969903910598,11.0640734682522,-68.5701700600761,-18.079999900140162,0.16135403278945756,20,0.6,0.2,0.12,0.25,0.1,0.45
801.7392196660268,9.017392196660268,22.70005018986381,-60.012508681358845,-12.519079707347553,0.3782553119115803,20,0.6,0.2,0.12,0.35,0.12,0.35
572.2251791574806,6.722251791574806,19.3927948495328,-67.54271184393669,-12.51907970734751,0.28711898471505765,20,0.6,0.2,0.12,0.35,0.12,0.4
680.74450809138,7.8074450809138,21.066527876402642,-69.04830387804185,-16.308625911754902,0.30509841217261296,20,0.6,0.2,0.12,0.35,0.12,0.45
1012.3484980006573,11.123484980006573,25.119422831623094,-60.1942074428112,-8.313385397182465,0.417306313991896,20,0.6,0.2,0.15,,,0.35
660.1976108803389,7.601976108803388,20.766547618076615,-67.62040757722406,-8.313385397182667,0.3071047389704172,20,0.6,0.2,0.15,,,0.4
857.0233758087941,9.57023375808794,23.381091774594644,-69.12239554938296,-12.285116160882083,0.33825638693165,20,0.6,0.2,0.15,,,0.45
382.61417979850603,4.82614179798506,15.768579622786705,-59.13793490476304,-11.310829157323772,0.266640687541436,20,0.6,0.2,0.15,0.2,0.08,0.35
251.44164206281857,3.514416420628186,12.40277770216811,-66.76119407908223,-11.310829157323798,0.1857782484758489,20,0.6,0.2,0.15,0.2,0.08,0.4
315.6878286750049,4.1568782867500484,14.172037012312423,-68.30303827681915,-15.152715017858508,0.20748765164553687,20,0.6,0.2,0.15,0.2,0.08,0.45
406.72113065455926,5.067211306545593,16.29469616588719,-60.292253142339305,-14.794232753162085,0.27026185482599735,20,0.6,0.2,0.15,0.25,0.1,0.35
234.50337715468882,3.345033771546888,11.887467114556038,-67.70016179352211,-14.794232753162015,0.1755899365619166,20,0.6,0.2,0.15,0.25,0.1,0.4
225.71004355540555,3.2571004355540554,11.610543584521649,-69.19845021714927,-18.485222637398575,0.1677861794315769,20,0.6,0.2,0.15,0.25,0.1,0.45
923.1274067267778,10.231274067267778,24.15006479278514,-59.433643891420004,-12.951809906757328,0.40633660014023654,20,0.6,0.2,0.15,0.35,0.12,0.35
600.1446732595357,7.001446732595356,19.845607145360766,-68.19153082068074,-12.951809906757466,0.2910274473460288,20,0.6,0.2,0.15,0.35,0.12,0.4
722.5573942894863,8.225573942894862,21.655497908276054,-69.66702617270127,-16.722610868439737,0.3108428635175714,20,0.6,0.2,0.15,0.35,0.12,0.45
1085.2215038456386,11.852215038456386,25.860173956198594,-60.53766785549001,-8.957234392822304,0.42717492880514724,20,0.6,0.2,0.18,,,0.35
709.963051131144,8.09963051131144,21.48100927374932,-67.89979174373505,-8.957234392822398,0.31636340439484956,20,0.6,0.2,0.18,,,0.4
907.9577826612099,10.079577826612098,23.97767103640629,-69.38881995864217,-12.901074554668607,0.3455552501209518,20,0.6,0.2,0.18,,,0.45
415.14300293909514,5.151430029390951,16.473155709438746,-59.490509262385906,-11.933629266353227,0.27690392826834037,20,0.6,0.2,0.18,0.2,0.08,0.35
275.11204044767175,3.7511204044767172,13.086386216951018,-67.04799188576187,-11.933629266353185,0.19517939089433053,20,0.6,0.2,0.18,0.2,0.08,0.4
338.1158482520193,4.381158482520193,14.731505993701521,-68.57653243067796,-15.748536332181898,0.214818473194065,20,0.6,0.2,0.18,0.2,0.08,0.45
440.87479362307124,5.4087479362307125,17.00247423649961,-60.634867577227894,-15.392571429993296,0.2804075429841473,20,0.6,0.2,0.18,0.25,0.1,0.35
257.0329446580048,3.5703294465800477,12.567941625779167,-67.97885780852842,-15.392571429993327,0.18488015290251658,20,0.6,0.2,0.18,0.25,0.1,0.4
243.28340204554056,3.4328340204554055,12.15746066479404,-69.46421839609873,-19.057642153181245,0.17501759820386653,20,0.6,0.2,0.18,0.25,0.1,0.45
991.6279436993802,10.916279436993802,24.90076063252966,-59.78366675278901,-13.563086590999509,0.41651444257336384,20,0.6,0.2,0.18,0.35,0.12,0.35
646.986533576967,7.469865335769669,20.56976028324509,-68.46598710578832,-13.563086590999433,0.30043765017894647,20,0.6,0.2,0.18,0.35,0.12,0.4
766.3352935960722,8.663352935960724,22.243733480628137,-69.92875128955532,-17.307407935973703,0.31809138688210065,20,0.6,0.2,0.18,0.35,0.12,0.45
1005.9891028849567,11.059891028849567,25.052708396691557,-61.069052410329604,-9.999359222615038,0.4102357480243788,20,0.6,0.2,0.22,,,0.35
655.8167864689407,7.558167864689407,20.701638579753244,-68.33204077585125,-9.999359222615102,0.3029565390511396,20,0.6,0.2,0.22,,,0.4
840.7160435256387,9.407160435256387,23.183994755658222,-69.80101831072702,-13.898056052863438,0.3321440763579134,20,0.6,0.2,0.22,,,0.45
379.6785934949248,4.796785934949248,15.702892842625026,-60.03599445123776,-12.941684667561681,0.26155797011706333,20,0.6,0.2,0.22,0.2,0.08,0.35
249.93363915136135,3.4993363915136135,12.357824140176433,-67.49171092645958,-12.941684667561582,0.1831013611974037,20,0.6,0.2,0.22,0.2,0.08,0.4
308.7695482152805,4.087695482152805,13.9939294080897,-68.99966873353732,-16.71292423987616,0.20281154482250355,20,0.6,0.2,0.22,0.2,0.08,0.45
405.7860387571801,5.057860387571801,16.274715937878547,-61.164943278077885,-16.361033904849958,0.2660791470677545,20,0.6,0.2,0.22,0.25,0.1,0.35
233.87076068889527,3.3387076068889527,11.867766230246435,-68.41004216749023,-16.361033904849936,0.17347988473958617,20,0.6,0.2,0.22,0.25,0.1,0.4
221.0611693585164,3.210611693585164,11.461387494746145,-69.87540146188532,-19.984152242495696,0.16402607004695274,20,0.6,0.2,0.22,0.25,0.1,0.45
920.8095846765067,10.208095846765067,24.123874796161225,-60.32520439586572,-14.552490340692511,0.39989710831074304,20,0.6,0.2,0.22,0.35,0.12,0.35
598.5264691150448,6.985264691150448,19.819813376724802,-69.24670688247566,-14.552490340692517,0.28622030229340223,20,0.6,0.2,0.22,0.35,0.12,0.4
710.253629395137,8.10253629395137,21.485062745948614,-70.67325591878496,-18.253952154562878,0.3040055600471901,20,0.6,0.2,0.22,0.35,0.12,0.45
677.8248776710295,7.778248776710295,21.024341503419187,-62.87433359068343,-4.49506868741605,0.334386709214116,20,0.7,0.15,0.12,,,0.35
521.872506796699,6.21872506796699,18.531200868079,-67.8436485144114,-4.495068687415972,0.27314570005978656,20,0.7,0.15,0.12,,,0.4
642.60696922016,7.426069692201599,20.503826871393606,-68.97874396531184,-7.62031252514348,0.297248481093025,20,0.7,0.15,0.12,,,0.45
227.86174242232738,3.278617424223274,11.678926801896283,-62.87433359068343,-6.476201763621316,0.1857503075567681,20,0.7,0.15,0.12,0.2,0.08,0.35
150.3203140408557,2.503203140408557,8.910412811318125,-67.06929463657193,-6.476201763621208,0.13285383213884888,20,0.7,0.15,0.12,0.2,0.08,0.4
180.75421106452,2.8075421106452003,10.079074653388798,-68.23172420728125,-9.536616237534446,0.14771830509177172,20,0.7,0.15,0.12,0.2,0.08,0.45
212.55902387249265,3.1255902387249264,11.183461255031313,-62.87433359068343,-10.413710792103775,0.17787005629095767,20,0.7,0.15,0.12,0.25,0.1,0.35
140.19739310954796,2.4019739310954797,8.492995773229417,-68.18583039788236,-10.413710792103705,0.12455660836966478,20,0.7,0.15,0.12,0.25,0.1,0.4
132.9031778388661,2.3290317783886607,8.182210824949209,-69.30884708109416,-13.345276675078852,0.11805434904112157,20,0.7,0.15,0.12,0.25,0.1,0.45
615.591717504486,7.15591717504486,20.089144043689487,-62.87433359068343,-8.149737880437307,0.31951263570396315,20,0.7,0.15,0.12,0.35,0.12,0.35
473.38153878565345,5.733815387856534,17.63942764880071,-67.88957413821556,-8.149737880437215,0.25982528057826393,20,0.7,0.15,0.12,0.35,0.12,0.4
540.06689301363,6.4006689301363,18.849595592201585,-69.02304844852473,-11.155388601689463,0.273091322621878,20,0.7,0.15,0.12,0.35,0.12,0.45
768.5352201221664,8.685352201221663,22.272576499248764,-63.63164693000465,-4.849188573765341,0.35002357433477693,20,0.7,0.15,0.15,,,0.35
551.8697016850002,6.518697016850002,19.051778590044677,-68.32864212536694,-4.849188573765356,0.27882565784183383,20,0.7,0.15,0.15,,,0.4
672.332027977339,7.7233202797733895,20.94458336877505,-69.4466176601053,-7.962844413078329,0.3015925623805721,20,0.7,0.15,0.15,,,0.45
248.6834877662617,3.486834877662617,12.320423726853091,-63.63164693000465,-6.822975865725221,0.19362100969044008,20,0.7,0.15,0.15,0.2,0.08,0.35
170.46438481629465,2.704643848162947,9.697388053320033,-67.56596733007328,-6.822975865725292,0.1435247423595129,20,0.7,0.15,0.15,0.2,0.08,0.4
205.96342249854942,3.059634224985494,10.963094349078851,-68.71086472163489,-9.872042720088292,0.15955401512545536,20,0.7,0.15,0.15,0.2,0.08,0.45
243.88662232344282,3.4388662232344283,12.175779463955516,-63.63164693000465,-10.745885121918619,0.19134785993122222,20,0.7,0.15,0.15,0.25,0.1,0.35
147.80475408344915,2.4780475408344915,8.808133711508304,-68.6656630991078,-10.74588512191854,0.12827566667193158,20,0.7,0.15,0.15,0.25,0.1,0.4
142.35166081815612,2.4235166081815613,8.583145557603377,-69.77174204245816,-13.666581139190884,0.12301750402591755,20,0.7,0.15,0.15,0.25,0.1,0.45
686.9062292091155,7.869062292091155,21.1550923171719,-63.63164693000465,-8.490306727887424,0.3324618069439988,20,0.7,0.15,0.15,0.35,0.12,0.35
491.2341191760725,5.912341191760725,17.97543309251777,-68.3738750824632,-8.490306727887562,0.2628991419725482,20,0.7,0.15,0.15,0.35,0.12,0.4
565.6874793964056,6.6568747939640565,19.28430154991634,-69.49025392723325,-11.484812886474787,0.27751088044821226,20,0.7,0.15,0.15,0.35,0.12,0.45
810.7846934709866,9.107846934709865,22.814027678888472,-63.26719335542348,-5.34948256062474,0.36059806779674025,20,0.7,0.15,0.18,,,0.35
583.5620285863076,6.835620285863076,19.578681620743165,-68.53327576416454,-5.349482560624849,0.2856813920308868,20,0.7,0.15,0.18,,,0.4
702.9012940414847,8.029012940414846,21.382092314531185,-69.64402788263298,-8.44676709137802,0.3070197540924138,20,0.7,0.15,0.18,,,0.45
266.2137204695283,3.662137204695283,12.834115533078938,-63.26719335542348,-7.312891865274616,0.20285577488761408,20,0.7,0.15,0.18,0.2,0.08,0.35
184.0548177919705,2.840548177919705,10.198820236750894,-67.77552873102103,-7.3128918652746995,0.15047939024167095,20,0.7,0.15,0.18,0.2,0.08,0.4
218.26869289049208,3.182686928904921,11.370848259213574,-68.9130287599494,-10.3459270138656,0.16500288064282612,20,0.7,0.15,0.18,0.2,0.08,0.45
261.1756902729721,3.6117569027297205,12.688809746923102,-63.638114402532345,-11.215174834813748,0.19939009610910435,20,0.7,0.15,0.18,0.25,0.1,0.35
160.25657432481782,2.6025657432481784,9.305501069384503,-68.86811919223523,-11.21517483481375,0.1351205924966466,20,0.7,0.15,0.18,0.25,0.1,0.4
152.09858642106298,2.5209858642106298,8.98215391651378,-69.96705158506919,-14.120514108060744,0.12837691046038807,20,0.7,0.15,0.18,0.25,0.1,0.45
726.161356211468,8.26161356211468,21.704983172485125,-63.26719335542348,-8.971456059113812,0.3430685323837666,20,0.7,0.15,0.18,0.35,0.12,0.35
520.7121225970435,6.207121225970435,18.510609156571878,-68.57821646399026,-8.971456059113883,0.2699196641588312,20,0.7,0.15,0.18,0.35,0.12,0.4
592.0357039113597,6.920357039113598,19.715804537174787,-69.68738220895627,-11.9502173869184,0.28291785273347375,20,0.7,0.15,0.18,0.35,0.12,0.45
764.6471290149087,8.646471290149087,22.22155504031873,-63.852422486939645,-6.158558072023207,0.34801428316778305,20,0.7,0.15,0.22,,,0.35
548.9348687540127,6.489348687540127,19.001816759656066,-68.85425618685817,-6.158558072023184,0.27597156387963184,20,0.7,0.15,0.22,,,0.4
662.2925278245888,7.622925278245888,20.79746739613806,-69.9536779335402,-9.229366920091879,0.2973034157817518,20,0.7,0.15,0.22,,,0.45
247.2094562973025,3.472094562973025,12.27616899991435,-63.852422486939645,-8.105184094022091,0.19225846916654282,20,0.7,0.15,0.22,0.2,0.08,0.35
169.67714943333726,2.6967714943333725,9.667647004603852,-68.1042386511091,-8.105184094022198,0.14195367566077932,20,0.7,0.15,0.22,0.2,0.08,0.4
202.18453474519552,3.021845347451955,10.834888036935396,-69.23013546270349,-11.112292765607823,0.1565053710283797,20,0.7,0.15,0.22,0.2,0.08,0.45
243.51372161797568,3.435137216179757,12.164458531112432,-64.00902855684777,-11.974110229656667,0.19004285497488718,20,0.7,0.15,0.22,0.25,0.1,0.35
147.529683834188,2.47529683834188,8.796892694611124,-69.18568400088931,-11.974110229656642,0.12714903121429064,20,0.7,0.15,0.22,0.25,0.1,0.4
139.79068757604048,2.397906875760405,8.475894094871528,-70.27340659058902,-14.85461457413742,0.12061310965400979,20,0.7,0.15,0.22,0.25,0.1,0.45
685.7609738757965,7.857609738757965,21.138678886903996,-63.852422486939645,-9.749570830520144,0.3310552374301491,20,0.7,0.15,0.22,0.35,0.12,0.35
490.3584793471295,5.903584793471295,17.95916858197284,-69.16459299590986,-9.74957083052025,0.2596584148631494,20,0.7,0.15,0.22,0.35,0.12,0.4
558.2492969274701,6.582492969274702,19.159683193682355,-70.2530600825036,-12.702869615595558,0.2727238240039887,20,0.7,0.15,0.22,0.35,0.12,0.45
513.5935298284809,6.135935298284809,18.38351603953159,-67.36524047553561,-1.1570673310935298,0.2728931999613028,20,0.8,0.1,0.12,,,0.35
428.06752744482594,5.280675274448259,16.741945547629754,-68.74019464494533,-1.1570673310936581,0.24355394444407263,20,0.8,0.1,0.12,,,0.4
493.1618180371335,5.931618180371335,18.011162147719805,-69.4866152593114,-3.3290216470340894,0.25920333118119837,20,0.8,0.1,0.12,,,0.45
135.38370223465387,2.3538370223465384,8.288877062022749,-67.36524047553561,-2.001515364405271,0.12304382799662002,20,0.8,0.1,0.12,0.2,0.08,0.35
92.62992146368727,1.9262992146368727,6.288414808083598,-68.06455003099813,-2.0015153644050767,0.09238898670776068,20,0.8,0.1,0.12,0.2,0.08,0.4
107.58632828904686,2.0758632828904684,7.030328953687781,-68.82710366545531,-4.154913952576267,0.10214477406836371,20,0.8,0.1,0.12,0.2,0.08,0.45
113.42088845973961,2.134208884597396,7.30666326672198,-67.36524047553561,-6.4082752145230835,0.10846340360612934,20,0.8,0.1,0.12,0.25,0.1,0.35
75.41631892299219,1.7541631892299219,5.366895767118951,-69.32768883096824,-6.4082752145231305,0.07741345280100542,20,0.8,0.1,0.12,0.25,0.1,0.4
71.58833204340593,1.7158833204340593,5.15085641299311,-70.06008127829082,-8.464840566191207,0.07352056005377745,20,0.8,0.1,0.12,0.25,0.1,0.45
453.7898409703069,5.537898409703069,17.25958981671363,-67.36524047553561,-3.70043757361497,0.2562091324083023,20,0.8,0.1,0.12,0.35,0.12,0.35
377.34236623554824,4.773423662355483,15.650356282724665,-68.44026380586561,-3.70043757361498,0.22867177027718244,20,0.8,0.1,0.12,0.35,0.12,0.4
412.90845599044974,5.129084559904498,16.426065038389837,-69.1938461590407,-5.816504393847728,0.23739199293293867,20,0.8,0.1,0.12,0.35,0.12,0.45
560.5296232780045,6.605296232780044,19.198022669496527,-67.81042280895917,-1.4012632110334853,0.2831131539112018,20,0.8,0.1,0.15,,,0.35
444.9769611618641,5.449769611618641,17.084739052688413,-69.05640764912762,-1.4012632110334453,0.24740266159651936,20,0.8,0.1,0.15,,,0.4
508.9345514279257,6.089345514279257,18.299610087333917,-69.79527773967656,-3.5678516168269017,0.26218980251913415,20,0.8,0.1,0.15,,,0.45
145.36079398336668,2.4536079398336668,8.707859873660961,-67.81042280895917,-2.2436249977618443,0.12841477036934903,20,0.8,0.1,0.15,0.2,0.08,0.35
102.91080716704624,2.0291080716704624,6.803756566367891,-68.38759761430558,-2.2436249977618083,0.09948816457539453,20,0.8,0.1,0.15,0.2,0.08,0.4
119.91791263371572,2.199179126337157,7.606423187467737,-69.14243752908781,-4.391703518540277,0.11001092034494386,20,0.8,0.1,0.15,0.2,0.08,0.45
127.50663294009425,2.2750663294009428,7.946545854109677,-67.81042280895917,-6.639497750843855,0.11718767594912816,20,0.8,0.1,0.15,0.25,0.1,0.35
79.12611781950423,1.7912611781950423,5.572222983292563,-69.6379589542083,-6.639497750843796,0.08001703477490889,20,0.8,0.1,0.15,0.25,0.1,0.4
76.22077200862395,1.7622077200862396,5.411752221734933,-70.36294278163135,-8.690982265954815,0.0769119654152342,20,0.8,0.1,0.15,0.25,0.1,0.45
490.1062392127222,5.901062392127222,17.95447930607068,-67.81042280895917,-3.938349943772163,0.2647746255270144,20,0.8,0.1,0.15,0.35,0.12,0.35
387.24454370665217,4.872445437066522,15.871455861513951,-68.7595108030813,-3.9383499437720904,0.23082560763074406,20,0.8,0.1,0.15,0.35,0.12,0.4
426.54717662993784,5.265471766299378,16.71063861572366,-69.50547018685239,-6.049188926412128,0.24042192032943951,20,0.8,0.1,0.15,0.35,0.12,0.45
581.7384160316874,6.817384160316874,19.548970028076607,-67.59542200087736,-1.7463012367507433,0.2892055327034258,20,0.8,0.1,0.18,,,0.35
462.4691148742258,5.624691148742258,17.42934039221309,-69.18948502005891,-1.7463012367506847,0.2519073582808154,20,0.8,0.1,0.18,,,0.4
524.8684251326209,6.2486842513262095,18.584204531607384,-69.92517749347813,-3.905307847782788,0.2657727187512784,20,0.8,0.1,0.18,,,0.45
153.53995031733163,2.5353995031733163,9.03996708021566,-67.59542200087736,-2.585715248920471,0.13373638055101314,20,0.8,0.1,0.18,0.2,0.08,0.35
109.67250351910633,2.096725035191063,7.129933522637644,-68.52355129901703,-2.5857152489202133,0.1040508465698847,20,0.8,0.1,0.18,0.2,0.08,0.4
125.77877322958653,2.2577877322958653,7.870018775018517,-69.27514491614272,-4.726276748730208,0.11360523005105427,20,0.8,0.1,0.18,0.2,0.08,0.45
135.09061686686928,2.350906168668693,8.276327213456614,-67.59542200087736,-6.96620501328036,0.12243916774939567,20,0.8,0.1,0.18,0.25,0.1,0.35
85.0952253023872,1.8509522530238722,5.894638855789713,-69.76853528008105,-6.966205013280283,0.08448849946650142,20,0.8,0.1,0.18,0.25,0.1,0.4
80.91709422481071,1.8091709422481073,5.669971684277919,-70.49040121024687,-9.010510530060056,0.08043608189101498,20,0.8,0.1,0.18,0.25,0.1,0.45
509.6035332304523,6.096035332304523,18.311693852173107,-67.59542200087736,-4.27450964684706,0.27090139110212863,20,0.8,0.1,0.18,0.35,0.12,0.35
403.3375411727914,5.033375411727914,16.22223942400729,-68.89386502161517,-4.27450964684691,0.23546711189621355,20,0.8,0.1,0.18,0.35,0.12,0.4
440.32523568786576,5.4032523568786575,16.991410456925227,-69.63661629973103,-6.377961925165125,0.24400109252566965,20,0.8,0.1,0.18,0.35,0.12,0.45
558.4743270246942,6.584743270246942,19.163472011823934,-67.94039096895949,-2.3037919027382014,0.28206302228345015,20,0.8,0.1,0.22,,,0.35
443.2750497542252,5.432750497542252,17.05067734090928,-69.40114807843707,-2.303791902738138,0.24568292907256564,20,0.8,0.1,0.22,,,0.4
503.5673384579918,6.035673384579918,18.202224370418165,-70.13178646824062,-4.450548328295119,0.25954314422977226,20,0.8,0.1,0.22,,,0.45
144.72399267152662,2.447239926715266,8.681583649567127,-67.94039096895949,-3.138443086814982,0.12778236224065234,20,0.8,0.1,0.22,0.2,0.08,0.35
102.5586166299217,2.0255861662992167,6.786498479472858,-68.73978921010911,-3.1384430868150703,0.09872736820197889,20,0.8,0.1,0.22,0.2,0.08,0.4
118.12649495005594,2.181264949500559,7.524581296024357,-69.48621950543505,-5.266859058557024,0.10828882834006824,20,0.8,0.1,0.22,0.2,0.08,0.45
127.387517154933,2.27387517154933,7.941287150685139,-67.94039096895949,-7.494077988845947,0.11688609731894747,20,0.8,0.1,0.22,0.25,0.1,0.35
79.03030022919634,1.7903030022919635,5.566968465017519,-69.97622036051663,-7.494077988845996,0.07955514653887513,20,0.8,0.1,0.22,0.25,0.1,0.4
74.99554719517252,1.7499554719517252,5.3433590893305905,-70.69312719309457,-9.526784133201266,0.07558526976371388,20,0.8,0.1,0.22,0.25,0.1,0.45
489.6289512424264,5.896289512424264,17.945601296625966,-67.94039096895949,-4.817655279435897,0.26413744520288274,20,0.8,0.1,0.22,0.35,0.12,0.35
386.844925176079,4.86844925176079,15.862612279328658,-69.15875519150384,-4.8176552794358365,0.22936520814182296,20,0.8,0.1,0.22,0.35,0.12,0.4
422.64000086726696,5.22640000867267,16.629804718352183,-69.89518143076855,-6.909172587098593,0.23792490952790601,20,0.8,0.1,0.22,0.35,0.12,0.45
381.11161218758156,4.811116121875816,15.735003531043045,-64.72319239064942,-33.64765807103734,0.2431122901984094,25,0.5,0.25,0.12,,,0.35
240.54607620825848,3.4054607620825847,12.073964026578498,-71.74631864684403,-33.64765807103717,0.1682868787457934,25,0.5,0.25,0.12,,,0.4
238.86074633483582,3.3886074633483583,12.022253142874861,-71.74631864684403,-33.64765807103719,0.16756613258516917,25,0.5,0.25,0.12,,,0.45
386.6189595906368,4.866189595906367,15.857608732891993,-63.96640463118304,-34.48508197096907,0.24790526877856683,25,0.5,0.25,0.12,0.2,0.08,0.35
237.6046618006899,3.376046618006899,11.983560838463347,-70.59256655198823,-34.485081970969034,0.169756695694553,25,0.5,0.25,0.12,0.2,0.08,0.4
234.77606885573823,3.3477606885573823,11.895948833782422,-70.59256655198821,-34.48508197096908,0.16851560178112515,25,0.5,0.25,0.12,0.2,0.08,0.45
317.5071533354061,4.1750715333540604,14.218428013928852,-67.29240907954865,-41.37856377439887,0.2112931935178716,25,0.5,0.25,0.12,0.25,0.1,0.35
189.58393196942382,2.8958393196942382,10.396616677093506,-73.30695720498834,-41.37856377439886,0.14182305573018716,25,0.5,0.25,0.12,0.25,0.1,0.4
184.69984139019027,2.8469984139019027,10.2220741001384,-73.3069572049883,-41.37856377439884,0.13944207330218886,25,0.5,0.25,0.12,0.25,0.1,0.45
463.91403769489773,5.639140376948977,17.457369464312777,-64.72319239064936,-37.201432155542186,0.26972355379112706,25,0.5,0.25,0.12,0.35,0.12,0.35
284.21615584189715,3.8421615584189714,13.33893506201509,-71.74631864684406,-37.20143215554222,0.18591804170013448,25,0.5,0.25,0.12,0.35,0.12,0.4
277.090625584069,3.77090625584069,13.141741490826519,-71.74631864684402,-37.20143215554217,0.18316955822519543,25,0.5,0.25,0.12,0.35,0.12,0.45
496.8703284245744,5.968703284245744,18.079602578585273,-61.67951262296737,-30.13250031711776,0.2931216835175354,25,0.5,0.25,0.15,,,0.35
327.70154035692997,4.277015403569299,14.475031954614593,-69.67124193900112,-30.13250031711775,0.2077619337873701,25,0.5,0.25,0.15,,,0.4
325.58488644948545,4.255848864494855,14.422213219096648,-69.6712419390011,-30.132500317117767,0.2070038199078416,25,0.5,0.25,0.15,,,0.45
548.3915155938342,6.483915155938342,18.992544380651722,-60.60009959650756,-31.03043409589288,0.31340780802522444,25,0.5,0.25,0.15,0.2,0.08,0.35
355.85213923069506,4.558521392306951,15.155836184220206,-68.81694026466985,-31.030434095892794,0.22023408954148327,25,0.5,0.25,0.15,0.2,0.08,0.4
352.0328195030245,4.520328195030245,15.06574230273201,-68.8169402646699,-31.03043409589295,0.21892490780306678,25,0.5,0.25,0.15,0.2,0.08,0.45
456.3523938738167,5.563523938738167,17.309958215644116,-64.23371551191688,-38.282050640733246,0.26948399415619523,25,0.5,0.25,0.15,0.25,0.1,0.35
291.04592600934825,3.910459260093482,13.52485475903693,-71.69276637044885,-38.28205064073328,0.18865020062347268,25,0.5,0.25,0.15,0.25,0.1,0.4
284.45058865661133,3.8445058865661133,13.345366281087824,-71.69276637044884,-38.282050640733274,0.1861466219915413,25,0.5,0.25,0.15,0.25,0.1,0.45
601.1104613956622,7.011104613956622,19.860975812837943,-61.67951262296734,-33.87454321272505,0.32200280073942084,25,0.5,0.25,0.15,0.35,0.12,0.35
383.5929346885441,4.8359293468854405,15.790399737204064,-69.67124193900115,-33.87454321272503,0.22664157115254152,25,0.5,0.25,0.15,0.35,0.12,0.4
374.62439956527726,4.746243995652772,15.588940967355613,-69.67124193900112,-33.87454321272504,0.22375000837510708,25,0.5,0.25,0.15,0.35,0.12,0.45
444.2080238222845,5.442080238222845,17.069361660875828,-64.2970418990587,-35.432522673130755,0.26547662468941235,25,0.5,0.25,0.18,,,0.35
275.7217100215364,3.7572171002153643,13.103471236998644,-71.7428860533121,-35.43252267313079,0.1826448858951877,25,0.5,0.25,0.18,,,0.4
273.86229930965044,3.7386229930965045,13.051285339065878,-71.7428860533121,-35.43252267313071,0.18191748418606235,25,0.5,0.25,0.18,,,0.45
491.19469472921014,5.911946947292101,17.97470127572749,-63.291359542304534,-36.26234081697787,0.2839992916207311,25,0.5,0.25,0.18,0.2,0.08,0.35
300.45869427388124,4.004586942738812,13.776319688888329,-70.94693853353982,-36.2623408169779,0.19417778939644648,25,0.5,0.25,0.18,0.2,0.08,0.4
292.94217680095375,3.9294217680095374,13.575951988765889,-70.94693853353986,-36.262340816978,0.19135359846919842,25,0.5,0.25,0.18,0.2,0.08,0.45
407.31284817782694,5.073128481778269,16.30732220081761,-66.67677673458493,-42.96386282602796,0.24457274330657733,25,0.5,0.25,0.18,0.25,0.1,0.35
243.55335257222617,3.4355335257222617,12.16566222074309,-73.62632770596873,-42.96386282602795,0.16523521680080813,25,0.5,0.25,0.18,0.25,0.1,0.4
234.22102813785216,3.3422102813785215,11.878678406283782,-73.6263277059687,-42.96386282602786,0.16133737450171384,25,0.5,0.25,0.18,0.25,0.1,0.45
539.3112512401085,6.3931125124010855,18.836536515866232,-64.29704189905871,-38.89070095222978,0.2929611683448534,25,0.5,0.25,0.18,0.35,0.12,0.35
324.86051622621846,4.2486051622621845,14.404082638072646,-71.74288605331208,-38.890700952229714,0.2007736715159324,25,0.5,0.25,0.18,0.35,0.12,0.4
312.61337472864363,4.126133747286437,14.093221259168963,-71.74288605331209,-38.89070095222965,0.19644067913153507,25,0.5,0.25,0.18,0.35,0.12,0.45
444.3511086407387,5.443511086407387,17.07222459678377,-65.08789290251379,-36.86274742061933,0.26229493436442797,25,0.5,0.25,0.22,,,0.35
269.12358010520717,3.6912358010520716,12.917217164466921,-72.36880525183622,-36.86274742061924,0.17849150776382577,25,0.5,0.25,0.22,,,0.4
267.29682290552876,3.6729682290552876,12.865117204091248,-72.36880525183624,-36.86274742061937,0.17777158486065814,25,0.5,0.25,0.22,,,0.45
491.91554947457706,5.9191554947457705,17.98807516224079,-64.10448726856633,-37.67418438412039,0.28060555397439785,25,0.5,0.25,0.22,0.2,0.08,0.35
293.802325013232,3.93802325013232,13.599056236587836,-71.59048864916977,-37.67418438412035,0.18995618682294807,25,0.5,0.25,0.22,0.2,0.08,0.4
286.4107460584843,3.864107460584843,13.399000709247556,-71.59048864916976,-37.67418438412035,0.1871617439979989,25,0.5,0.25,0.22,0.2,0.08,0.45
408.12875772868625,5.081287577286862,16.32471014375476,-67.41491457972658,-44.227261959223185,0.24215279727824537,25,0.5,0.25,0.22,0.25,0.1,0.35
237.97410944406496,3.3797410944406496,11.994954802575064,-74.21052706389193,-44.22726195922318,0.1616341411003313,25,0.5,0.25,0.22,0.25,0.1,0.4
228.79334023853755,3.2879334023853755,11.7084077551713,-74.21052706389199,-44.22726195922325,0.15777286886927616,25,0.5,0.25,0.22,0.25,0.1,0.45
540.3394533795478,6.403394533795478,18.854302576305916,-65.08789290251377,-40.24432409840513,0.2896744960625041,25,0.5,0.25,0.22,0.35,0.12,0.35
317.9608597453989,4.179608597453989,14.229968518043702,-72.3688052518362,-40.244324098405095,0.1966312483469201,25,0.5,0.25,0.22,0.35,0.12,0.4
305.91260956856956,4.059126095685696,13.91958024599238,-72.36880525183625,-40.24432409840509,0.19234226953939096,25,0.5,0.25,0.22,0.35,0.12,0.45
334.5125609578576,4.3451256095785755,14.64339919385862,-65.05066009324658,-30.29377582906249,0.22510761878308544,25,0.6,0.2,0.12,,,0.35
230.14821930333045,3.3014821930333045,11.75114875800305,-70.34082099207117,-30.293775829062415,0.16706015926836623,25,0.6,0.2,0.12,,,0.4
228.39949010905536,3.2839949010905536,11.69595339532008,-70.34082099207122,-30.293775829062504,0.1662754746157774,25,0.6,0.2,0.12,,,0.45
333.24902629334525,4.332490262933453,14.612346533830012,-64.0333905870596,-30.20765377534982,0.2281988568755095,25,0.6,0.2,0.12,0.2,0.08,0.35
226.0968213285375,3.260968213285375,11.622865929328308,-69.31554245872525,-30.20765377534974,0.16768051604370376,25,0.6,0.2,0.12,0.2,0.08,0.4
223.50577592208575,3.2350577592208576,11.540063487585229,-69.31554245872526,-30.207653775349826,0.16648594353072968,25,0.6,0.2,0.12,0.2,0.08,0.45
269.1716661294199,3.691716661294199,12.91858543863671,-67.97896890670499,-38.56907205762272,0.1900379727201556,25,0.6,0.2,0.12,0.25,0.1,0.35
177.83418882835656,2.7783418882835655,9.972067372035042,-72.68166265746086,-38.56907205762272,0.13720197099827072,25,0.6,0.2,0.12,0.25,0.1,0.4
173.7330290597837,2.737330290597837,9.820040693633892,-72.68166265746086,-38.569072057622705,0.13511029239815903,25,0.6,0.2,0.12,0.25,0.1,0.45
440.8495717075274,5.408495717075274,17.001966688535152,-65.05066009324649,-33.305205744384494,0.26136501403927004,25,0.6,0.2,0.12,0.35,0.12,0.35
292.59761989631374,3.9259761989631374,13.566684053532207,-70.3408209920712,-33.305205744384544,0.1928707095281336,25,0.6,0.2,0.12,0.35,0.12,0.4
286.27372099399236,3.8627372099399233,13.395259418736671,-70.34082099207126,-33.305205744384644,0.19043365189392047,25,0.6,0.2,0.12,0.35,0.12,0.45
416.36178506778,5.1636178506778,16.49876220465678,-62.64288282507802,-27.355066781208777,0.26337808000834506,25,0.6,0.2,0.15,,,0.35
296.3214390649835,3.963214390649835,13.666459239157147,-68.9109216975611,-27.355066781208897,0.19832065661720547,25,0.6,0.2,0.15,,,0.4
294.22220353897467,3.942222035389747,13.610317879427768,-68.91092169756105,-27.355066781208915,0.1975059619600107,25,0.6,0.2,0.15,,,0.45
477.04774795654464,5.7704774795654465,17.70919656352423,-61.36019633619261,-27.28168613928587,0.28861049378811493,25,0.6,0.2,0.15,0.2,0.08,0.35
339.2196161429935,4.392196161429935,14.758363603078672,-67.84345333527507,-27.28168613928593,0.2175355598445796,25,0.6,0.2,0.15,0.2,0.08,0.4
335.72973861461446,4.357297386146145,14.673235232312877,-67.84345333527509,-27.28168613928598,0.2162807833469107,25,0.6,0.2,0.15,0.2,0.08,0.45
391.7437935305097,4.917437935305097,15.97057313025072,-65.59614605922923,-35.98828720411843,0.24346816222755358,25,0.6,0.2,0.15,0.25,0.1,0.35
274.24604530946027,3.7424604530946026,13.06207473572254,-71.36866573343856,-35.98828720411846,0.1830225435979046,25,0.6,0.2,0.15,0.25,0.1,0.4
268.7217330171424,3.6872173301714244,12.905776394825974,-71.3686657334385,-35.98828720411835,0.1808325301054242,25,0.6,0.2,0.15,0.25,0.1,0.45
543.7939990554586,6.437939990554586,18.91380394463851,-62.642882825078026,-30.493454029888127,0.3019306119332472,25,0.6,0.2,0.15,0.35,0.12,0.35
372.0684169820242,4.720684169820242,15.53089412374289,-68.91092169756101,-30.493454029888046,0.22537638071226931,25,0.6,0.2,0.15,0.35,0.12,0.4
364.4644153460444,4.644644153460444,15.356504587781528,-68.9109216975611,-30.493454029888216,0.22284572908745506,25,0.6,0.2,0.15,0.35,0.12,0.45
379.643984579402,4.79643984579402,15.7021162600949,-64.70478638141756,-31.80858288172084,0.242673179809838,25,0.6,0.2,0.18,,,0.35
257.2925682145459,3.572925682145459,12.575553627749292,-70.6268646279258,-31.808582881720703,0.1780562353149814,25,0.6,0.2,0.18,,,0.4
255.40006082421877,3.5540006082421876,12.519951080654401,-70.62686462792585,-31.80858288172073,0.17726896339815734,25,0.6,0.2,0.18,,,0.45
436.00816905839633,5.360081690583963,16.90414191084535,-63.492896999833484,-31.739700858707504,0.26623674000714886,25,0.6,0.2,0.18,0.2,0.08,0.35
295.9614393007247,3.959614393007247,13.65685069739666,-69.61831453821887,-31.739700858707483,0.19616749971588812,25,0.6,0.2,0.18,0.2,0.08,0.4
289.5103129248691,3.8951031292486906,13.483310484994826,-69.61831453821883,-31.73970085870742,0.1936747617983886,25,0.6,0.2,0.18,0.2,0.08,0.45
356.80392123210925,4.568039212321092,15.1781811719236,-67.49504603216073,-39.912541531659876,0.22487844759289954,25,0.6,0.2,0.18,0.25,0.1,0.35
237.411331599546,3.37411331599546,11.977593922992401,-72.94895496374882,-39.91254153165994,0.1641914394653705,25,0.6,0.2,0.18,0.25,0.1,0.4
229.63518768247516,3.2963518768247515,11.734983414167143,-72.9489549637488,-39.91254153165986,0.16086568231167556,25,0.6,0.2,0.18,0.25,0.1,0.45
498.0505033379518,5.980505033379518,18.101301777610445,-64.70478638141753,-34.75457050220369,0.2797521294778423,25,0.6,0.2,0.18,0.35,0.12,0.35
325.60565482605585,4.256056548260559,14.422732627081714,-70.62686462792588,-34.7545705022038,0.20421029169372135,25,0.6,0.2,0.18,0.35,0.12,0.4
315.22861555141117,4.152286155514112,14.160298422275751,-70.62686462792584,-34.754570502203734,0.20049450725123616,25,0.6,0.2,0.18,0.35,0.12,0.45
379.9806297238107,4.799806297238107,15.709668016978174,-65.32978789597269,-33.01610465617886,0.2404671517071711,25,0.6,0.2,0.22,,,0.35
252.40332495625216,3.5240332495625215,12.431354194980448,-71.14699900912457,-33.016104656178705,0.17472773789638174,25,0.6,0.2,0.22,,,0.4
250.5367149111889,3.505367149111889,12.375822869882613,-71.1469990091246,-33.01610465617871,0.1739472225426601,25,0.6,0.2,0.22,,,0.45
436.64681202364994,5.366468120236499,16.91709202550269,-64.13935844114093,-32.94844238406923,0.26375524228274094,25,0.6,0.2,0.22,0.2,0.08,0.35
290.73412734121047,3.9073412734121047,13.51643138536167,-70.15630814929462,-32.948442384069274,0.19266166852164343,25,0.6,0.2,0.22,0.2,0.08,0.4
284.36816595040176,3.8436816595040177,13.343105576201598,-70.15630814929456,-32.948442384069196,0.1901911022428247,25,0.6,0.2,0.22,0.2,0.08,0.45
357.51418894228414,4.5751418894228415,15.194828631465729,-68.07063811328497,-40.976559813410894,0.22322148069448225,25,0.6,0.2,0.22,0.25,0.1,0.35
233.07781997064808,3.3307781997064807,11.843024672536906,-73.42797017245843,-40.976559813410866,0.16128764889893443,25,0.6,0.2,0.22,0.25,0.1,0.4
225.40154824794567,3.2540154824794567,11.600705721273918,-73.42797017245842,-40.976559813410944,0.1579875583381596,25,0.6,0.2,0.22,0.25,0.1,0.45
498.98039019274825,5.989803901927482,18.11837173498607,-65.3297878959727,-35.90992523938127,0.27733706657423557,25,0.6,0.2,0.22,0.35,0.12,0.35
320.13942745968006,4.201394274596801,14.285224927324403,-71.14699900912458,-35.90992523938124,0.20078464483782832,25,0.6,0.2,0.22,0.35,0.12,0.4
309.8956647414481,4.098956647414481,14.023106103238803,-71.14699900912458,-35.90992523938126,0.1971004581857394,25,0.6,0.2,0.22,0.35,0.12,0.45
282.5544674812557,3.825544674812557,13.293247508489458,-65.4635291027736,-26.973691367108394,0.20306341088974747,25,0.7,0.15,0.12,,,0.35
212.25310269485988,3.122531026948599,11.17333375931211,-69.30243918665711,-26.973691367108533,0.16122569263714062,25,0.7,0.15,0.12,,,0.4
210.69876686284616,3.1069876686284617,11.12173816379598,-69.43137788889614,-26.973691367108472,0.16018316936750052,25,0.7,0.15,0.12,,,0.45
276.43010271776154,3.7643010271776154,13.123291262629099,-64.18996990433445,-25.841748107472117,0.2044445772787774,25,0.7,0.15,0.12,0.2,0.08,0.35
207.66637112917064,3.0766637112917063,11.02040144981622,-68.04710776494784,-25.841748107471968,0.1619525327642655,25,0.7,0.15,0.12,0.2,0.08,0.4
205.5449998170592,3.055449998170592,10.948969452041112,-68.04710776494784,-25.841748107472107,0.16090278943025266,25,0.7,0.15,0.12,0.2,0.08,0.45
218.37348479196942,3.1837348479196943,11.374258868938902,-68.72935793690726,-35.791658970090516,0.16549345447662028,25,0.7,0.15,0.12,0.25,0.1,0.35
160.20781634711864,2.6020781634711865,9.303595984063652,-72.09755330298276,-35.79165897009053,0.12904177129237965,25,0.7,0.15,0.12,0.25,0.1,0.4
157.07779593002735,2.5707779593002735,9.180616229603732,-72.09755330298277,-35.79165897009056,0.1273360302675336,25,0.7,0.15,0.12,0.25,0.1,0.45
405.6226956789336,5.056226956789336,16.271222328588685,-65.4635291027736,-29.359619430785926,0.24855400482677759,25,0.7,0.15,0.12,0.35,0.12,0.35
291.33679354208886,3.9133679354208883,13.532707179086234,-69.30243918665712,-29.359619430785955,0.19527028684571468,25,0.7,0.15,0.12,0.35,0.12,0.4
286.23309023732605,3.8623309023732606,13.39414981758502,-69.43137788889611,-29.359619430785994,0.19291205539688844,25,0.7,0.15,0.12,0.35,0.12,0.45
335.4563165991401,4.354563165991402,14.66653957070536,-63.65757189142849,-24.676641953390224,0.2303974081154078,25,0.7,0.15,0.15,,,0.35
258.21312030103286,3.5821312030103285,12.602503276943766,-68.19905432051041,-24.67664195339032,0.18479000042605645,25,0.7,0.15,0.15,,,0.4
256.4300043493398,3.564300043493398,12.550244403194831,-68.19905432051041,-24.67664195339035,0.1840237306548755,25,0.7,0.15,0.15,,,0.45
400.9609806083019,5.009609806083019,16.171082779909753,-62.178867111606564,-23.524188147228354,0.2600736155402097,25,0.7,0.15,0.15,0.2,0.08,0.35
313.07754960594434,4.130775496059443,14.105154770527006,-66.90513388573271,-23.524188147228333,0.21082320520600412,25,0.7,0.15,0.15,0.2,0.08,0.4
310.2293642154012,4.102293642154012,14.031738001579486,-66.90513388573274,-23.52418814722834,0.20972587881737578,25,0.7,0.15,0.15,0.2,0.08,0.45
323.7291975313401,4.237291975313401,14.375710200185488,-66.97075919692259,-33.780178357051355,0.21465652133216484,25,0.7,0.15,0.15,0.25,0.1,0.35
249.3846707795995,3.493846707795995,12.341415762191254,-71.0982136505702,-33.78017835705138,0.17358264193311806,25,0.7,0.15,0.15,0.25,0.1,0.4
245.18194863115923,3.4518194863115923,12.2150180933704,-71.09821365057019,-33.7801783570514,0.17180485227665687,25,0.7,0.15,0.15,0.25,0.1,0.45
476.2248672635411,5.762248672635411,17.69357199373969,-63.657571891428475,-27.137619608953813,0.2779492127647762,25,0.7,0.15,0.15,0.35,0.12,0.35
349.46877754812016,4.494687775481202,15.004871017199385,-68.19905432051037,-27.137619608953855,0.22001582231158268,25,0.7,0.15,0.15,0.35,0.12,0.4
343.60693341995557,4.436069334199555,14.86451700042435,-68.19905432051043,-27.137619608953866,0.21795781698917108,25,0.7,0.15,0.15,0.35,0.12,0.45
312.0591680804711,4.120591680804711,14.07895715553844,-65.17727054665043,-28.17558152012603,0.2160102292939909,25,0.7,0.15,0.18,,,0.35
231.41276020047297,3.3141276020047297,11.79089666624915,-69.52884588643245,-28.17558152012604,0.169582804315611,25,0.7,0.15,0.18,,,0.4
229.76305128190563,3.2976305128190564,11.739014459502872,-69.52884588643245,-28.17558152012603,0.16883660745177953,25,0.7,0.15,0.18,,,0.45
374.0303567154509,4.740303567154509,15.575475477421818,-63.76039943569213,-27.076661787932416,0.24428133473553645,25,0.7,0.15,0.18,0.2,0.08,0.35
282.1612041370364,3.821612041370364,13.282408531421863,-68.28903215962762,-27.076661787932444,0.1945028083041775,25,0.7,0.15,0.18,0.2,0.08,0.4
277.1226635549295,3.771226635549295,13.142635654307533,-68.28903215962761,-27.076661787932427,0.19245602461587444,25,0.7,0.15,0.18,0.2,0.08,0.45
300.9755736447374,4.0097557364473735,13.789972460337353,-68.3519132761571,-36.85623816183766,0.20174961898466195,25,0.7,0.15,0.18,0.25,0.1,0.35
223.25564938900362,3.232556493890036,11.532038350299011,-72.30677367626595,-36.856238161837574,0.15948766296682795,25,0.7,0.15,0.18,0.25,0.1,0.4
217.3458370863579,3.173458370863579,11.340768473339313,-72.3067736762659,-36.85623816183761,0.15684240765760823,25,0.7,0.15,0.18,0.25,0.1,0.45
445.28245408973345,5.452824540897335,17.09084291137073,-65.17727054665046,-30.522241222863105,0.2622209056627801,25,0.7,0.15,0.18,0.35,0.12,0.35
315.85488350762347,4.1585488350762345,14.17630441754092,-69.52884588643239,-30.522241222863062,0.20389097843931323,25,0.7,0.15,0.18,0.35,0.12,0.4
307.83364883860935,4.0783364883860935,13.969625549628262,-69.52884588643245,-30.522241222863126,0.20091841553714374,25,0.7,0.15,0.18,0.35,0.12,0.45
312.4266927792752,4.124266927792752,14.088418403601978,-65.6394206175049,-29.128799737383222,0.2146334972348132,25,0.7,0.15,0.22,,,0.35
228.10148239258262,3.281014823925826,11.686520765348597,-69.93324399805853,-29.128799737383183,0.16710966197525506,25,0.7,0.15,0.22,,,0.4
226.46825637747466,3.2646825637747465,11.634686999506094,-69.9332439980585,-29.128799737383105,0.16636847276567204,25,0.7,0.15,0.22,,,0.45
374.5318527512823,4.745318527512823,15.586844164314172,-64.24135352032147,-28.044464325260783,0.2426294483254246,25,0.7,0.15,0.22,0.2,0.08,0.35
278.4056342575212,3.7840563425752123,13.178386214293392,-68.70988446685193,-28.044464325260716,0.191797531265696,25,0.7,0.15,0.22,0.2,0.08,0.4
273.4166083593799,3.734166083593799,13.038741684543286,-68.709884466852,-28.04446432526072,0.1897651522152336,25,0.7,0.15,0.22,0.2,0.08,0.45
301.52380697414327,4.015238069741432,13.804435977640917,-68.77193105625169,-37.69425099040163,0.20072776444723708,25,0.7,0.15,0.22,0.25,0.1,0.35
220.17785378364226,3.2017785378364225,11.432825630829369,-72.67430450192525,-37.69425099040159,0.1573159276746363,25,0.7,0.15,0.22,0.25,0.1,0.4
214.32431024031385,3.1432431024031384,11.241725896950738,-72.67430450192529,-37.69425099040165,0.1546863912079533,25,0.7,0.15,0.22,0.25,0.1,0.45
446.0279908129665,5.460279908129665,17.105725992857757,-65.63942061750481,-31.44431573125783,0.2606014165258488,25,0.7,0.15,0.22,0.35,0.12,0.35
311.8954280879036,4.118954280879036,14.074739505540613,-69.93324399805853,-31.444315731257795,0.20125963992077006,25,0.7,0.15,0.22,0.35,0.12,0.4
303.95056554374173,4.039505655437417,13.86824448769337,-69.93324399805853,-31.444315731257856,0.19830689518819372,25,0.7,0.15,0.22,0.35,0.12,0.45
228.3763848394733,3.283763848394733,11.695222338053668,-66.9939259448415,-23.706409713167893,0.1745713834965093,25,0.8,0.1,0.12,,,0.35
188.15392619632678,2.8815392619632676,10.345790768226637,-69.66493246781205,-23.706409713167833,0.14850787048428993,25,0.8,0.1,0.12,,,0.4
187.0039881325465,2.8700398813254653,10.304752931350913,-69.89930378136451,-23.706409713167893,0.14742282646452068,25,0.8,0.1,0.12,,,0.45
219.21396267997736,3.1921396267997735,11.401576711657913,-65.51655569986957,-21.403303315656178,0.17402588689015305,25,0.8,0.1,0.12,0.2,0.08,0.35
183.57244363594972,2.8357244363594973,10.181398757168992,-67.34667572353153,-21.403303315656157,0.15117893567553656,25,0.8,0.1,0.12,0.2,0.08,0.4
182.09116540337172,2.820911654033717,10.127732239182862,-67.59895808599569,-21.403303315656206,0.14982083342614416,25,0.8,0.1,0.12,0.2,0.08,0.45
167.8182391914887,2.678182391914887,9.59710533204905,-70.46478298448439,-33.06111855135098,0.13619718851844378,25,0.8,0.1,0.12,0.25,0.1,0.35
137.92043695403282,2.379204369540328,8.39691115669632,-72.03228858493553,-33.06111855135114,0.11657148928143882,25,0.8,0.1,0.12,0.25,0.1,0.4
135.85930564388153,2.3585930564388153,8.309212163439984,-72.24836950364283,-33.06111855135108,0.1150089921824606,25,0.8,0.1,0.12,0.25,0.1,0.45
360.8025320357415,4.608025320357415,15.271597594625842,-66.99392594484154,-25.382235266552527,0.22795495829277848,25,0.8,0.1,0.12,0.35,0.12,0.35
280.5730666585062,3.8057306665850623,13.23853371100563,-69.66493246781204,-25.382235266552527,0.19003153009761917,25,0.8,0.1,0.12,0.35,0.12,0.4
277.01828523401815,3.7701828523401817,13.139722254968955,-69.89930378136448,-25.382235266552584,0.1879807314829375,25,0.8,0.1,0.12,0.35,0.12,0.45
258.0145063794117,3.5801450637941175,12.596694067926073,-65.30006606448411,-22.114678722421193,0.19290476759222233,25,0.8,0.1,0.15,,,0.35
215.8436448556945,3.158436448556945,11.291635557465241,-67.93740724135243,-22.11467872242113,0.16620645408722928,25,0.8,0.1,0.15,,,0.4
214.58320522116793,3.1458320522116794,11.25024595887849,-68.18512556183309,-22.11467872242123,0.1649956037505028,25,0.8,0.1,0.15,,,0.45
324.29062946423596,4.24290629464236,14.389798975713642,-63.74992938863456,-19.77561083406093,0.22572258689088176,25,0.8,0.1,0.15,0.2,0.08,0.35
279.24951310967333,3.792495131096733,13.201841392199775,-66.06510422582197,-19.775610834061006,0.1998307812710564,25,0.8,0.1,0.15,0.2,0.08,0.4
277.2684530275227,3.7726845302752268,13.146703694497042,-66.06510422582203,-19.77561083406099,0.1989961848778641,25,0.8,0.1,0.15,0.2,0.08,0.45
255.99684041591027,3.5599684041591027,12.53751360958919,-68.9499132772923,-31.671008842711444,0.18183508888789637,25,0.8,0.1,0.15,0.25,0.1,0.35
218.2124645659533,3.182124645659533,11.369017804103887,-70.93298195165684,-31.671008842711462,0.1602783006056653,25,0.8,0.1,0.15,0.25,0.1,0.4
215.45575445565555,3.1545575445565555,11.278914215014968,-70.93298195165683,-31.671008842711434,0.15900803694819882,25,0.8,0.1,0.15,0.25,0.1,0.45
402.77021518150286,5.027702151815029,16.210047388466275,-65.30006606448413,-23.825467415676126,0.2482393719549805,25,0.8,0.1,0.15,0.35,0.12,0.35
317.4568859652696,4.174568859652696,14.217148710182691,-67.93740724135243,-23.8254674156762,0.2092683440166515,25,0.8,0.1,0.15,0.35,0.12,0.4
313.5575874763265,4.135575874763265,14.117483318919222,-68.18512556183308,-23.82546741567619,0.20704637855534794,25,0.8,0.1,0.15,0.35,0.12,0.45
245.0938458137913,3.450938458137913,12.21235347809424,-65.71176388145074,-24.551716633704398,0.18584729364632943,25,0.8,0.1,0.18,,,0.35
199.8839197448056,2.9988391974480564,10.75612112107802,-68.84039475754253,-24.551716633704526,0.15624723186090564,25,0.8,0.1,0.18,,,0.4
198.68717070660153,2.9868717070660153,10.714930681461677,-69.08113651962042,-24.55171663370456,0.15510646207186277,25,0.8,0.1,0.18,,,0.45
308.9646235337314,4.089646235337314,13.998988855422345,-64.11932974339581,-22.285838366026272,0.2183271239959307,25,0.8,0.1,0.18,0.2,0.08,0.35
260.07401333860196,3.6007401333860196,12.656790614299695,-67.02082192083061,-22.28583836602631,0.18884863317926368,25,0.8,0.1,0.18,0.2,0.08,0.4
256.6753505116529,3.566753505116529,12.557448963187557,-67.02082192083057,-22.285838366026205,0.18736638261496177,25,0.8,0.1,0.18,0.2,0.08,0.45
243.15406816966885,3.4315406816966885,12.153529208940505,-69.26632405545892,-33.80902842276286,0.17546086607988082,25,0.8,0.1,0.18,0.25,0.1,0.35
202.1375069707524,3.021375069707524,10.833283384915514,-71.75160428292313,-33.80902842276296,0.1509831521285418,25,0.8,0.1,0.18,0.25,0.1,0.4
198.25172322414923,2.9825172322414923,10.699906035795713,-71.75160428292313,-33.80902842276285,0.1491242759340266,25,0.8,0.1,0.18,0.25,0.1,0.45
384.6325166608465,4.846325166608465,15.81353209356986,-65.71176388145076,-26.208974612374806,0.24064994088575564,25,0.8,0.1,0.18,0.35,0.12,0.35
296.3684545335555,3.963684545335555,13.66771351687579,-68.84039475754254,-26.208974612374753,0.19854205608514872,25,0.8,0.1,0.18,0.35,0.12,0.4
291.003370124207,3.91003370124207,13.523705452737822,-69.0811365196204,-26.208974612374718,0.1957655321564784,25,0.8,0.1,0.18,0.35,0.12,0.45
245.3824296064056,3.453824296064056,12.221079218503705,-66.0149271734723,-25.218801107913603,0.18512599713076214,25,0.8,0.1,0.22,,,0.35
197.9403588079609,2.979403588079609,10.689150538412795,-69.11589590816266,-25.218801107913674,0.15465545802395358,25,0.8,0.1,0.22,,,0.4
196.75136595316246,2.9675136595316247,10.647985005300198,-69.3545091249031,-25.218801107913684,0.15352981572003987,25,0.8,0.1,0.22,,,0.45
309.29848576772997,4.0929848576773,14.007642785097985,-64.43657272076344,-22.97295685751689,0.21738652745856382,25,0.8,0.1,0.22,0.2,0.08,0.35
257.73324909399633,3.5773324909399635,12.588462641435783,-67.31241102912063,-22.972956857516866,0.1870154767742575,25,0.8,0.1,0.22,0.2,0.08,0.4
254.3566802480897,3.543566802480897,12.489181242471826,-67.3124110291206,-22.972956857516763,0.18554054224961242,25,0.8,0.1,0.22,0.2,0.08,0.45
243.51284468021927,3.4351284468021928,12.164431894929928,-69.53805930433718,-34.394263334704014,0.17493200150570232,25,0.8,0.1,0.22,0.25,0.1,0.35
200.24210910014423,3.0024210910014424,10.768420513133826,-72.00136564744204,-34.394263334704085,0.14955855928985967,25,0.8,0.1,0.22,0.25,0.1,0.4
196.38070202333074,2.9638070202333076,10.635121220330923,-72.00136564744206,-34.39426333470414,0.14770721533819614,25,0.8,0.1,0.22,0.25,0.1,0.45
385.1392125719684,4.851392125719684,15.824790576317959,-66.01492717347229,-26.86140625396783,0.23971533793764538,25,0.8,0.1,0.22,0.35,0.12,0.35
293.88191808122366,3.9388191808122364,13.601191853866323,-69.11589590816266,-26.86140625396781,0.19678818707550036,25,0.8,0.1,0.22,0.35,0.12,0.4
288.5504904318934,3.885504904318934,13.457268067449867,-69.35450912490313,-26.86140625396795,0.19403595003771376,25,0.8,0.1,0.22,0.35,0.12,0.45
13380.155497414662,134.80155497414663,57.80150964347002,-46.60249179894734,13.595720002073348,1.2403094214969776,30,0.5,0.25,0.12,,,0.35
11774.757496811415,118.74757496811415,55.951066381456485,-46.60249179894734,13.59572000207336,1.2006024618348907,30,0.5,0.25,0.12,,,0.4
10660.704513347728,107.60704513347727,54.52844620555977,-46.60249179894731,13.595720002073305,1.1700757642060566,30,0.5,0.25,0.12,,,0.45
2682.635168495108,27.826351684951078,36.259887201671994,-37.02052223764345,6.892089290311937,0.9794536924387841,30,0.5,0.25,0.12,0.2,0.08,0.35
2404.112874902064,25.04112874902064,34.92963316555722,-37.02052223764347,6.892089290312059,0.9435208110068156,30,0.5,0.25,0.12,0.2,0.08,0.4
1826.2585190213385,19.262585190213386,31.676517576969033,-37.40210186402288,6.892089290311876,0.8469181141779282,30,0.5,0.25,0.12,0.2,0.08,0.45
6182.784039448648,62.827840394486486,46.983967415096096,-37.51911997472037,0.9521045452810936,1.2522673092213503,30,0.5,0.25,0.12,0.25,0.1,0.35
5414.341506576923,55.14341506576923,45.210964524087885,-37.5191199747202,0.9521045452812748,1.2050113263464157,30,0.5,0.25,0.12,0.25,0.1,0.4
4001.286167365529,41.01286167365529,41.26646464502961,-37.51911997472027,0.9521045452811294,1.0998782666766767,30,0.5,0.25,0.12,0.25,0.1,0.45
9104.996178045123,92.04996178045123,52.29998863643359,-38.412189829414054,-0.49085338522177924,1.3615466566393197,30,0.5,0.25,0.12,0.35,0.12,0.35
7979.140103139773,80.79140103139773,50.46286092174663,-38.412189829414054,-0.4908533852217482,1.3137199713384944,30,0.5,0.25,0.12,0.35,0.12,0.4
6980.635814711397,70.80635814711397,48.62769579174346,-38.41218982941406,-0.49085338522190286,1.2659443787947464,30,0.5,0.25,0.12,0.35,0.12,0.45
12950.394233368228,130.5039423336823,57.32661487905164,-49.505934906296645,7.710711864879053,1.1579745941079134,30,0.5,0.25,0.15,,,0.35
12606.465585000571,127.0646558500057,56.93623663043284,-49.50593490629669,7.710711864879162,1.1500891102895037,30,0.5,0.25,0.15,,,0.4
11355.752603545894,114.55752603545893,55.430799706339684,-49.50593490629671,7.710711864879073,1.119679889113444,30,0.5,0.25,0.15,,,0.45
2601.7506760261554,27.017506760261554,35.8864972846068,-40.07574340540756,1.5224113294287525,0.8954667895134918,30,0.5,0.25,0.15,0.2,0.08,0.35
2591.870670688793,26.918706706887928,35.84019514662018,-40.07574340540761,1.5224113294287978,0.894311423847077,30,0.5,0.25,0.15,0.2,0.08,0.4
1960.1453394547825,20.601453394547825,32.50219011959394,-40.07574340540753,1.522411329428855,0.8110190194303004,30,0.5,0.25,0.15,0.2,0.08,0.45
5995.980018394807,60.959800183948076,46.571847270860815,-41.80614982458757,-4.176049458010055,1.113995129096303,30,0.5,0.25,0.15,0.25,0.1,0.35
5824.604516248441,59.24604516248441,46.183563898725666,-41.80614982458759,-4.176049458010134,1.1047074196620605,30,0.5,0.25,0.15,0.25,0.1,0.4
4283.982158487869,43.83982158487869,42.145128143778706,-41.80614982458752,-4.176049458009932,1.0081083362283656,30,0.5,0.25,0.15,0.25,0.1,0.45
8811.531403564,89.11531403564001,51.841650389937534,-42.698901287045935,-5.646084036011597,1.2141214136033365,30,0.5,0.25,0.15,0.35,0.12,0.35
8561.002667483786,86.61002667483785,51.4394067862596,-42.698901287045956,-5.646084036011636,1.204700946294966,30,0.5,0.25,0.15,0.35,0.12,0.4
7451.93416665678,75.5193416665678,49.521308131845096,-42.69890128704592,-5.646084036011515,1.15977944722594,30,0.5,0.25,0.15,0.35,0.12,0.45
12170.053179533392,122.70053179533392,56.42684902619688,-50.5564059403944,4.226280149013696,1.116116701268751,30,0.5,0.25,0.18,,,0.35
11919.414830296975,120.19414830296975,56.12682161166664,-50.556405940394434,4.226280149013677,1.1101821928924236,30,0.5,0.25,0.18,,,0.4
10736.32909672473,108.36329096724731,54.62914913562153,-50.556405940394434,4.226280149013767,1.080558400453324,30,0.5,0.25,0.18,,,0.45
2520.3858968319114,26.203858968319114,35.5005174814484,-42.11730172594861,-1.7371157244538356,0.8428962926553392,30,0.5,0.25,0.18,0.2,0.08,0.35
2529.5873574750667,26.29587357475067,35.54470843987308,-42.117301725948664,-1.7371157244538367,0.843945527924782,30,0.5,0.25,0.18,0.2,0.08,0.4
1912.478607601631,20.12478607601631,32.21396441620059,-42.117301725948536,-1.737115724453752,0.764862968330982,30,0.5,0.25,0.18,0.2,0.08,0.45
5632.940783922048,57.32940783922048,45.73705724288186,-43.78851344199277,-7.252220502315108,1.0444989712535082,30,0.5,0.25,0.18,0.25,0.1,0.35
5511.858530224157,56.11858530224157,45.44794893577573,-43.78851344199287,-7.252220502315207,1.0378965934977704,30,0.5,0.25,0.18,0.25,0.1,0.4
4052.56201574093,41.5256201574093,41.42983512188019,-43.78851344199292,-7.252220502315254,0.9461347706348311,30,0.5,0.25,0.18,0.25,0.1,0.45
8278.671347201953,83.78671347201953,50.97325356993976,-44.66501187502936,-8.698424621351405,1.1412345240735762,30,0.5,0.25,0.18,0.35,0.12,0.35
8101.710089803639,82.01710089803639,50.67375787142871,-44.66501187502944,-8.698424621351556,1.1345291480770554,30,0.5,0.25,0.18,0.35,0.12,0.4
7051.455441151186,71.51455441151187,48.7653567599752,-44.66501187502938,-8.698424621351402,1.0918021671284537,30,0.5,0.25,0.18,0.35,0.12,0.45
12301.71936345976,124.0171936345976,56.58224024324059,-50.65451439453179,0.38539716548147906,1.1170226567081394,30,0.5,0.25,0.22,,,0.35
11538.534134356414,116.38534134356414,55.65984175979723,-50.654514394531816,0.3853971654816003,1.0988130559554974,30,0.5,0.25,0.22,,,0.4
10392.938954519273,104.92938954519273,54.16664886556761,-50.6545143945318,0.3853971654814627,1.069335073349651,30,0.5,0.25,0.22,,,0.45
2548.4602454098576,26.484602454098578,35.6349102960972,-44.381392811731686,-5.36003901731997,0.8029245600124011,30,0.5,0.25,0.22,0.2,0.08,0.35
2445.882294046277,25.458822940462767,35.137430728680805,-44.38139281173167,-5.360039017319907,0.7917153676932973,30,0.5,0.25,0.22,0.2,0.08,0.4
1848.417358972825,19.48417358972825,31.816694751933518,-44.38139281173171,-5.360039017320042,0.7168926601042395,30,0.5,0.25,0.22,0.2,0.08,0.45
5694.349028119868,57.943490281198684,45.88157138192261,-45.98723481175414,-10.671803523728803,0.99770233130424,30,0.5,0.25,0.22,0.25,0.1,0.35
5333.209142124725,54.33209142124725,45.01088313657302,-45.987234811753986,-10.671803523728537,0.9787690719135951,30,0.5,0.25,0.22,0.25,0.1,0.4
3920.3682586885056,40.20368258688506,41.004843608621066,-45.98723481175414,-10.671803523728798,0.8916570821549027,30,0.5,0.25,0.22,0.25,0.1,0.45
8368.580304116635,84.68580304116635,51.12322729733587,-46.82843775068173,-12.06301430775456,1.0917132783613226,30,0.5,0.25,0.22,0.35,0.12,0.35
7840.765684954512,79.40765684954512,50.221254441130434,-46.82843775068166,-12.06301430775449,1.0724520580531087,30,0.5,0.25,0.22,0.35,0.12,0.4
6823.925784108537,69.23925784108538,48.31858463990317,-46.8284377506817,-12.063014307754493,1.031821409399885,30,0.5,0.25,0.22,0.35,0.12,0.45
13054.34572523032,131.5434572523032,57.44276967632338,-47.04370535387272,22.662162847542845,1.2210511320106845,30,0.6,0.2,0.12,,,0.35
11770.132119418338,118.70132119418338,55.94541468231968,-47.04370535387269,22.662162847543033,1.1892221129582896,30,0.6,0.2,0.12,,,0.4
10705.717383186802,108.05717383186801,54.58846310137919,-47.04370535387268,22.662162847542987,1.1603776252476978,30,0.6,0.2,0.12,,,0.45
2078.5386202815816,21.785386202815815,33.19272050376843,-38.627135618997585,14.473123024113645,0.8593109473911805,30,0.6,0.2,0.12,0.2,0.08,0.35
1918.5919490836195,20.185919490836195,32.25127385506812,-38.6271356189976,14.473123024113601,0.8349382717160705,30,0.6,0.2,0.12,0.2,0.08,0.4
1524.991995408563,16.24991995408563,29.609645674521534,-38.62713561899756,14.473123024113544,0.766550384853257,30,0.6,0.2,0.12,0.2,0.08,0.45
5074.47649056452,51.7447649056452,44.35420332487112,-37.961883254851266,6.625036372809282,1.1683878543934714,30,0.6,0.2,0.12,0.25,0.1,0.35
4552.956261347265,46.529562613472656,42.934668448401744,-37.96188325485125,6.625036372809374,1.1309941648618027,30,0.6,0.2,0.12,0.25,0.1,0.4
3545.0349634017575,36.45034963401758,39.72514745232942,-38.129128960078326,6.6250363728093955,1.0418582468516957,30,0.6,0.2,0.12,0.25,0.1,0.45
8070.946165329203,81.70946165329202,50.6210947802697,-38.11969103586851,4.724220180847686,1.3279513397062441,30,0.6,0.2,0.12,0.35,0.12,0.35
7247.420592291092,73.47420592291093,49.13993321899943,-38.11969103586847,4.724220180847805,1.2890957896999096,30,0.6,0.2,0.12,0.35,0.12,0.4
6461.919091877669,65.6191909187767,47.57953158193189,-38.129128960078326,4.724220180847701,1.2478525704520618,30,0.6,0.2,0.12,0.35,0.12,0.45
12715.990970516248,128.15990970516248,57.06158339510119,-49.363562885135956,17.52716917629491,1.155945398995566,30,0.6,0.2,0.15,,,0.35
12431.995954603959,125.3199595460396,56.73452571686261,-49.363562885136005,17.527169176295153,1.1493199113053911,30,0.6,0.2,0.15,,,0.4
11260.665757899584,113.60665757899584,55.31033335897082,-49.363562885136005,17.52716917629509,1.1204688261192237,30,0.6,0.2,0.15,,,0.45
2028.4280006223273,21.284280006223273,32.904708949892616,-39.55497967317376,9.85567695210802,0.8318727306086477,30,0.6,0.2,0.15,0.2,0.08,0.35
2040.5971687579495,21.405971687579495,32.97521240811025,-39.55497967317373,9.855676952108073,0.8336551473561774,30,0.6,0.2,0.15,0.2,0.08,0.4
1616.0233484519918,17.160233484519917,30.268486305160458,-39.55497967317376,9.85567695210787,0.7652256822088215,30,0.6,0.2,0.15,0.2,0.08,0.45
4952.121450665938,50.521214506659376,44.03322250516821,-40.48590347610278,2.2657886264814535,1.0876186209147902,30,0.6,0.2,0.15,0.25,0.1,0.35
4831.6206643531505,49.3162066435315,43.71013937384627,-40.48590347610282,2.265788626481389,1.0796384820619498,30,0.6,0.2,0.15,0.25,0.1,0.4
3747.2282116706465,38.47228211670647,40.428618418236816,-40.48590347610276,2.2657886264815907,0.9985850616400407,30,0.6,0.2,0.15,0.25,0.1,0.45
7860.773911740867,79.60773911740867,50.25642452509737,-41.606532407007265,0.3401607824869385,1.2078974530603592,30,0.6,0.2,0.15,0.35,0.12,0.35
7670.897337040418,77.70897337040418,49.919382033841146,-41.60653240700729,0.3401607824869749,1.1997967421441211,30,0.6,0.2,0.15,0.35,0.12,0.4
6811.186719087055,69.11186719087056,48.29317872217129,-41.60653240700719,0.34016078248701737,1.1607114539071266,30,0.6,0.2,0.15,0.35,0.12,0.45
12100.5234760125,122.005234760125,56.344179511826134,-50.20918342245266,14.487544096051689,1.1221887246752158,30,0.6,0.2,0.18,,,0.35
11889.62184522032,119.8962184522032,56.09078130930571,-50.20918342245263,14.487544096051689,1.1171418749706838,30,0.6,0.2,0.18,,,0.4
10768.985821617609,108.68985821617609,54.672438433916206,-50.20918342245264,14.487544096051666,1.0888932005507916,30,0.6,0.2,0.18,,,0.45
1978.7609697802175,20.787609697802175,32.61311306330899,-39.90416695823227,7.040163826185335,0.8172859014309249,30,0.6,0.2,0.18,0.2,0.08,0.35
2003.266872384539,21.03266872384539,32.7577680845615,-39.904166958232366,7.040163826185262,0.820910961976703,30,0.6,0.2,0.18,0.2,0.08,0.4
1586.0972787008297,16.860972787008297,30.055468086415992,-39.90416695823232,7.040163826185202,0.753191217295052,30,0.6,0.2,0.18,0.2,0.08,0.45
4710.676388279379,48.10676388279379,43.378585777284975,-42.104759134261606,-0.3547905974557828,1.0302537449261129,30,0.6,0.2,0.18,0.25,0.1,0.35
4624.282604444515,47.242826044445145,43.13708676047785,-42.10475913426169,-0.35479059745594055,1.0245180746177485,30,0.6,0.2,0.18,0.25,0.1,0.4
3585.4808089964413,36.854808089964415,39.868651062231784,-42.104759134261585,-0.3547905974558581,0.9468917975543,30,0.6,0.2,0.18,0.25,0.1,0.45
7478.470460915871,75.78470460915871,49.57010429254139,-43.20878015359456,-2.2549537889581988,1.1472229513616026,30,0.6,0.2,0.18,0.35,0.12,0.35
7342.370526945166,74.42370526945166,49.31817662193028,-43.2087801535945,-2.2549537889581943,1.141392477330271,30,0.6,0.2,0.18,0.35,0.12,0.4
6519.005516798924,66.19005516798924,47.69849469674556,-43.2087801535946,-2.254953788958302,1.103907458789425,30,0.6,0.2,0.18,0.35,0.12,0.45
12207.755461768722,123.07755461768721,56.47149883722014,-50.29980187407481,11.11874160502886,1.1226982360406932,30,0.6,0.2,0.22,,,0.35
11589.15299266462,116.8915299266462,55.72269492129347,-50.29980187407483,11.118741605028951,1.10781141963133,30,0.6,0.2,0.22,,,0.4
10496.600942392433,105.96600942392433,54.30769671944318,-50.299801874074845,11.118741605029008,1.0796801318502618,30,0.6,0.2,0.22,,,0.45
1996.9994669054638,20.96999466905464,32.72091850995784,-41.79267116196357,3.8886272719602952,0.7829343662469191,30,0.6,0.2,0.22,0.2,0.08,0.35
1950.2771793325905,20.502771793325905,32.44302058437329,-41.79267116196358,3.8886272719602664,0.7762849246616328,30,0.6,0.2,0.22,0.2,0.08,0.4
1543.6177539067291,16.43617753906729,29.747127308647524,-41.792671161963504,3.888627271960284,0.711778560249604,30,0.6,0.2,0.22,0.2,0.08,0.45
4752.870525564324,48.528705255643246,43.49510579609921,-43.9241099979894,-3.288600754879118,0.9902330587481494,30,0.6,0.2,0.22,0.25,0.1,0.35
4505.246282732403,46.052462827324035,42.79769470524219,-43.92410999798939,-3.2886007548791056,0.9743554213665625,30,0.6,0.2,0.22,0.25,0.1,0.4
3492.618862331607,35.92618862331607,39.537008788231276,-43.92410999798938,-3.2886007548791056,0.9001208855464817,30,0.6,0.2,0.22,0.25,0.1,0.45
7545.0786222883635,76.45078622288364,49.69190713059459,-44.99244523814568,-5.131107328286802,1.1044500219442308,30,0.6,0.2,0.22,0.35,0.12,0.35
7154.978207438644,72.54978207438644,48.964378510958205,-44.99244523814563,-5.1311073282867605,1.088280004604975,30,0.6,0.2,0.22,0.35,0.12,0.4
6352.3448013549905,64.5234480135499,47.348534299429424,-44.99244523814566,-5.131107328286745,1.0523663261423768,30,0.6,0.2,0.22,0.35,0.12,0.45
12425.328273953766,125.25328273953767,56.72676654155866,-47.556310940766686,32.12512485642711,1.1928336201732332,30,0.7,0.15,0.12,,,0.35
11485.388263324494,115.85388263324494,55.59358344524572,-47.556310940766686,32.125124856427306,1.1690053821561093,30,0.7,0.15,0.12,,,0.4
10526.260363389789,106.2626036338979,54.34782260185096,-47.55631094076669,32.125124856427206,1.1428098926668926,30,0.7,0.15,0.12,,,0.45
1567.4089911325386,16.674089911325385,29.92069601302363,-40.21814119356928,22.35987288138532,0.7439601912235524,30,0.7,0.15,0.12,0.2,0.08,0.35
1492.2610025833546,15.922610025833547,29.364549322903912,-40.21814119356924,22.359872881385417,0.7301319367688534,30,0.7,0.15,0.12,0.2,0.08,0.4
1245.1929197946322,13.451929197946322,27.351251170754807,-40.218141193569274,22.35987288138539,0.6800724836862467,30,0.7,0.15,0.12,0.2,0.08,0.45
4057.8569374751587,41.57856937475159,41.44660094933752,-39.57013456547468,12.393776749817164,1.047421278812129,30,0.7,0.15,0.12,0.25,0.1,0.35
3734.057309724914,38.34057309724914,40.38382750493474,-39.57013456547467,12.393776749817395,1.0205633098900309,30,0.7,0.15,0.12,0.25,0.1,0.4
3072.9376159183835,31.729376159183836,37.93384426428346,-39.94373499439136,12.393776749817157,0.949681953117551,30,0.7,0.15,0.12,0.25,0.1,0.45
6973.00268343361,70.7300268343361,48.61278385119441,-39.57013456547468,9.967992336928713,1.228522075676981,30,0.7,0.15,0.12,0.35,0.12,0.35
6422.181510311843,65.22181510311843,47.496166561589746,-39.57013456547463,9.967992336928697,1.200303387470172,30,0.7,0.15,0.12,0.35,0.12,0.4
5854.068219448535,59.540682194485356,46.25103854114305,-39.95576126475921,9.967992336928608,1.1575561840674087,30,0.7,0.15,0.12,0.35,0.12,0.45
12181.62720439123,122.8162720439123,56.44056905726642,-49.29164565315267,27.934732984845915,1.1450331655473245,30,0.7,0.15,0.15,,,0.35
11967.503212039865,120.67503212039864,56.184823110022705,-49.29164565315271,27.93473298484599,1.1398447417514677,30,0.7,0.15,0.15,,,0.4
10933.055420947063,110.33055420947063,54.88815762774075,-49.29164565315266,27.93473298484589,1.1135387528744467,30,0.7,0.15,0.15,,,0.45
1538.963054888549,16.389630548885492,29.71290270194402,-40.90065992049312,18.64448854287103,0.7264651171815564,30,0.7,0.15,0.15,0.2,0.08,0.35
1564.9603332025931,16.64960333202593,29.90293591926163,-40.90065992049307,18.644488542871017,0.7311113311469802,30,0.7,0.15,0.15,0.2,0.08,0.4
1302.1122045648078,14.021122045648077,27.843151180310286,-40.90065992049309,18.644488542871247,0.6807506586552556,30,0.7,0.15,0.15,0.2,0.08,0.45
3984.5616192122534,40.845616192122534,41.21277761210425,-40.260051467491635,8.926514883652867,1.0236643051830647,30,0.7,0.15,0.15,0.25,0.1,0.35
3907.285389930151,40.072853899301506,40.96209672421922,-40.26005146749168,8.926514883652919,1.0174377635183705,30,0.7,0.15,0.15,0.25,0.1,0.4
3205.687308517722,33.05687308517722,38.46074891387461,-40.260051467491635,8.926514883652946,0.9553079917180461,30,0.7,0.15,0.15,0.25,0.1,0.45
6835.385666037289,69.3538566603729,48.341403245249246,-41.382632628002966,6.480321224235378,1.1681567888587492,30,0.7,0.15,0.15,0.35,0.12,0.35
6704.174411843504,68.04174411843503,48.07806762290363,-41.382632628003016,6.480321224235201,1.1617933555626403,30,0.7,0.15,0.15,0.35,0.12,0.4
6091.628343372968,61.916283433729674,46.78427215592511,-41.382632628002966,6.480321224235299,1.1305291419344583,30,0.7,0.15,0.15,0.35,0.12,0.45
11737.531156211198,118.37531156211197,55.905523166150076,-49.92893414966438,25.454702054879686,1.1197019146968086,30,0.7,0.15,0.18,,,0.35
11575.624966678695,116.75624966678696,55.70592145305091,-49.928934149664336,25.454702054879547,1.1157041984126836,30,0.7,0.15,0.18,,,0.4
10574.769674230172,106.74769674230173,54.4132318708316,-49.928934149664336,25.45470205487949,1.0898136080318752,30,0.7,0.15,0.18,,,0.45
1511.2181837153576,16.112181837153575,29.507055217923185,-40.9721471991511,16.368867681357205,0.7201735138385557,30,0.7,0.15,0.18,0.2,0.08,0.35
1544.52844992787,16.4452844992787,29.753813099738547,-40.97214719915112,16.368867681357305,0.7261960901174104,30,0.7,0.15,0.18,0.2,0.08,0.4
1284.9059130211317,13.849059130211318,27.696392902479094,-40.97214719915112,16.36886768135736,0.6759809967453432,30,0.7,0.15,0.18,0.2,0.08,0.45
3837.7034718211085,39.377034718211085,40.73259586700642,-41.25705332626207,6.837672183578904,0.9872880533879086,30,0.7,0.15,0.18,0.25,0.1,0.35
3781.5048996829546,38.815048996829546,40.54453611063311,-41.257053326262096,6.8376721835789285,0.9827298084040472,30,0.7,0.15,0.18,0.25,0.1,0.4
3101.9285467100062,32.01928546710006,38.05059784051774,-41.257053326262096,6.837672183578928,0.9222810349447983,30,0.7,0.15,0.18,0.25,0.1,0.45
6584.606407260331,66.84606407260331,47.83405749237253,-42.58846747570837,4.416186771395549,1.12316925983909,30,0.7,0.15,0.18,0.35,0.12,0.35
6489.20426789616,65.8920426789616,47.636508113961604,-42.588467475708356,4.4161867713956235,1.1185306947504638,30,0.7,0.15,0.18,0.35,0.12,0.4
5896.010895071411,59.960108950714115,46.34657066390775,-42.58846747570828,4.416186771395773,1.088242273341792,30,0.7,0.15,0.18,0.35,0.12,0.45
11817.366144103104,119.17366144103103,56.003035725541196,-50.00595777221816,22.691302383310532,1.1199272690794222,30,0.7,0.15,0.22,,,0.35
11358.715604005045,114.58715604005044,55.434538967300284,-50.00595777221821,22.691302383310546,1.1085586885428687,30,0.7,0.15,0.22,,,0.4
10376.454167066036,104.76454167066036,54.144102435632014,-50.005957772218224,22.691302383310664,1.0827530327938808,30,0.7,0.15,0.22,,,0.45
1522.0640188550715,16.220640188550714,29.587903631162305,-41.57426850674938,13.803827990627255,0.71168789479384,30,0.7,0.15,0.22,0.2,0.08,0.35
1513.7908790931324,16.137908790931323,29.526277489425688,-41.57426850674938,13.80382799062749,0.7102055802769505,30,0.7,0.15,0.22,0.2,0.08,0.4
1259.020898017103,13.590208980171031,27.472465173499884,-41.57426850674938,13.803827990627452,0.6608045351186363,30,0.7,0.15,0.22,0.2,0.08,0.45
3864.1984280768006,39.64198428076801,40.82041414096147,-42.64764137341873,4.48272214344916,0.9571552570408706,30,0.7,0.15,0.22,0.25,0.1,0.35
3708.945375629835,38.08945375629835,40.29804008762121,-42.64764137341878,4.482722143449162,0.944906653448319,30,0.7,0.15,0.22,0.25,0.1,0.4
3042.072790397469,31.42072790397469,37.80847584642393,-42.647641373418665,4.482722143449193,0.8865314617372749,30,0.7,0.15,0.22,0.25,0.1,0.45
6629.688904999426,67.29688904999426,47.92652167849318,-43.94666379365309,2.116203976774372,1.0905610924990141,30,0.7,0.15,0.22,0.35,0.12,0.35
6366.128751925453,64.66128751925453,47.377787482552236,-43.94666379365304,2.116203976774344,1.0780747249668299,30,0.7,0.15,0.22,0.35,0.12,0.4
5784.015257256325,58.84015257256325,46.09011053998273,-43.94666379365309,2.116203976774358,1.0487738217488811,30,0.7,0.15,0.22,0.35,0.12,0.45
11537.43536574055,116.37435365740549,55.6584746774482,-48.13822910897003,41.968456431838945,1.1562218990535498,30,0.8,0.1,0.12,,,0.35
10940.600595795373,110.40600595795374,54.898007908506166,-48.13822910897,41.96845643183924,1.1404243347679892,30,0.8,0.1,0.12,,,0.4
10133.612773194478,102.33612773194479,53.80818239519023,-48.13822910897005,41.96845643183917,1.1177848332015945,30,0.8,0.1,0.12,,,0.45
1147.6027378315944,12.476027378315944,26.462157800287066,-41.79304588527619,30.54415115066385,0.6331713145035394,30,0.8,0.1,0.12,0.2,0.08,0.35
1128.9671454140425,12.289671454140425,26.285236971293145,-41.79304588527618,30.5441511506638,0.6289380545138376,30,0.8,0.1,0.12,0.2,0.08,0.4
992.7213102291995,10.927213102291995,24.91239253010469,-41.7930458852762,30.544151150663883,0.5960894211561018,30,0.8,0.1,0.12,0.2,0.08,0.45
3159.525357769002,32.59525357769002,38.27973719806608,-44.25458536067033,18.24139055393636,0.8649891731238728,30,0.8,0.1,0.12,0.25,0.1,0.35
2985.1424941043197,30.8514249410432,37.574274262767496,-44.254585360670376,18.241390553936508,0.8490481597904709,30,0.8,0.1,0.12,0.25,0.1,0.4
2605.209236913601,27.052092369136012,35.90266936950355,-44.25458536067038,18.24139055393634,0.8112756921548453,30,0.8,0.1,0.12,0.25,0.1,0.45
5870.54344670099,59.7054344670099,46.288636455408884,-44.25458536067039,15.219200552006221,1.0459624935622192,30,0.8,0.1,0.12,0.35,0.12,0.35
5551.122564949433,56.51122564949433,45.542314449265355,-44.25458536067036,15.219200552006257,1.0290982070693948,30,0.8,0.1,0.12,0.35,0.12,0.4
5189.611286366096,52.89611286366095,44.65001704730855,-44.254585360670376,15.219200552006363,1.0089353833826584,30,0.8,0.1,0.12,0.35,0.12,0.45
11385.18360136285,114.8518360136285,55.46790232221876,-49.29050123817645,38.9361470070438,1.1253264001961052,30,0.8,0.1,0.15,,,0.35
11245.387251355814,113.45387251355815,55.290891668606164,-49.290501238176404,38.93614700704385,1.121735228486221,30,0.8,0.1,0.15,,,0.4
10393.190840445313,104.93190840445314,54.16699312353186,-49.29050123817647,38.93614700704383,1.0989337045243608,30,0.8,0.1,0.15,,,0.45
1133.5746014339961,12.33574601433996,26.32920407003574,-42.23914583278426,27.891771154292773,0.6233365649548744,30,0.8,0.1,0.15,0.2,0.08,0.35
1166.6308042853875,12.666308042853876,26.64034858698767,-42.23914583278428,27.891771154292755,0.6307028246369161,30,0.8,0.1,0.15,0.2,0.08,0.4
1023.7538082207205,11.237538082207205,25.238210549747354,-42.23914583278425,27.891771154292606,0.5975075975650652,30,0.8,0.1,0.15,0.2,0.08,0.45
3121.4522449926644,32.21452244992665,38.12868549510395,-44.254585360670326,15.79476333924173,0.8615759290107247,30,0.8,0.1,0.15,0.25,0.1,0.35
3078.5849346003874,31.785849346003875,37.95666306726269,-44.254585360670376,15.794763339241797,0.8576888193148742,30,0.8,0.1,0.15,0.25,0.1,0.4
2681.0669590702773,27.810669590702773,36.25274193618326,-44.25458536067036,15.794763339241912,0.8191861168899699,30,0.8,0.1,0.15,0.25,0.1,0.45
5792.43123851374,58.9243123851374,46.109535574134064,-44.25458536067037,12.758229456508216,1.0419154353915203,30,0.8,0.1,0.15,0.35,0.12,0.35
5714.021670512501,58.14021670512501,45.9275739710816,-44.254585360670376,12.758229456508149,1.0378037348395999,30,0.8,0.1,0.15,0.35,0.12,0.4
5330.222747403371,54.30222747403371,45.00346676983629,-44.25458536067037,12.758229456508161,1.0169221201162006,30,0.8,0.1,0.15,0.35,0.12,0.45
11107.225503137724,112.07225503137724,55.11399631305365,-49.716827249245426,37.141721524785524,1.1085581957342248,30,0.8,0.1,0.18,,,0.35
10999.676558629992,110.99676558629992,54.97492165225415,-49.71682724924542,37.1417215247855,1.1057608599327613,30,0.8,0.1,0.18,,,0.4
10165.936438882021,102.65936438882022,53.85330990093728,-49.71682724924543,37.14172152478543,1.0832008573466367,30,0.8,0.1,0.18,,,0.45
1120.128210544277,12.20128210544277,26.20047043395384,-42.28558794276978,26.259983570916827,0.6196075710101068,30,0.8,0.1,0.18,0.2,0.08,0.35
1156.953854554674,12.569538545546742,26.550033260519122,-42.2855879427698,26.259983570916752,0.6278742841757927,30,0.8,0.1,0.18,0.2,0.08,0.4
1015.1684263753907,11.151684263753907,25.14889517752723,-42.28558794276977,26.25998357091664,0.5947391629404394,30,0.8,0.1,0.18,0.2,0.08,0.45
3043.9949658342184,31.439949658342183,37.81631598597941,-44.25458536067032,14.317637671451136,0.85451746249073,30,0.8,0.1,0.18,0.25,0.1,0.35
3012.38421177073,31.123842117707298,37.6868267850804,-44.254585360670355,14.317637671451092,0.8515914560702943,30,0.8,0.1,0.18,0.25,0.1,0.4
2623.1453849370855,27.231453849370855,35.98623843788342,-44.25458536067035,14.317637671451266,0.8131640629914224,30,0.8,0.1,0.18,0.25,0.1,0.45
5649.825857718163,57.49825857718163,45.77693288339451,-44.25458536067038,11.301904053581687,1.0343997692062223,30,0.8,0.1,0.18,0.35,0.12,0.35
5592.015227271461,56.92015227271461,45.639964060700876,-44.25458536067036,11.301904053581682,1.0313047492986278,30,0.8,0.1,0.18,0.35,0.12,0.4
5216.270271653661,53.162702716536614,44.717678190284936,-44.25458536067034,11.30190405358165,1.0104642903292491,30,0.8,0.1,0.18,0.35,0.12,0.45
11158.744956163482,112.58744956163481,55.18018930140818,-49.77416778828322,35.131619783918126,1.1086109874527632,30,0.8,0.1,0.22,,,0.35
10863.811897149957,109.63811897149957,54.797473278960005,-49.774167788283165,35.131619783918076,1.100921938304297,30,0.8,0.1,0.22,,,0.4
10040.277103524204,101.40277103524204,53.677145788210055,-49.77416778828318,35.13161978391816,1.0784137269060605,30,0.8,0.1,0.22,,,0.45
1125.7258855701878,12.257258855701878,26.25421726491066,-42.6820762512737,24.40791649598748,0.615111062319214,30,0.8,0.1,0.22,0.2,0.08,0.35
1141.4637642726677,12.414637642726678,26.404142489129367,-42.682076251273706,24.407916495987582,0.6186236661423288,30,0.8,0.1,0.22,0.2,0.08,0.4
1001.4256310121359,11.01425631012136,25.004619681222607,-42.68207625127374,24.407916495987518,0.5858341926484049,30,0.8,0.1,0.22,0.2,0.08,0.45
3058.410794205738,31.584107942057383,37.87497686673971,-44.25458536067034,12.640749026078755,0.8558429947555157,30,0.8,0.1,0.22,0.25,0.1,0.35
2974.020797083394,30.74020797083394,37.52806429905704,-44.25458536067039,12.640749026078952,0.8480039750278331,30,0.8,0.1,0.22,0.25,0.1,0.4
2589.579748901146,26.89579748901146,35.829436848483184,-44.25458536067039,12.640749026078927,0.8096208914054194,30,0.8,0.1,0.22,0.25,0.1,0.45
5676.25772375853,57.7625772375853,45.83914139487683,-44.25458536067036,9.670539443217493,1.0358054656097782,30,0.8,0.1,0.22,0.35,0.12,0.35
5521.921127144799,56.219211271447996,45.472189884460114,-44.254585360670404,9.670539443217587,1.0275136353412049,30,0.8,0.1,0.22,0.35,0.12,0.4
5150.803268168415,52.50803268168415,44.55096646797401,-44.25458536067035,9.670539443217429,1.0066971841423478,30,0.8,0.1,0.22,0.35,0.12,0.45
618.8257651136794,7.1882576511367935,20.139527498527542,-59.656176385180174,-28.625230625636643,0.33759333431786315,40,0.5,0.25,0.12,,,0.35
618.8257651136794,7.1882576511367935,20.139527498527542,-59.656176385180174,-28.625230625636643,0.33759333431786315,40,0.5,0.25,0.12,,,0.4
663.115922995765,7.6311592299576505,20.809599144055714,-59.65617638518014,-28.62523062563664,0.3488255601514759,40,0.5,0.25,0.12,,,0.45
448.5523669386726,5.485523669386726,17.155983393269935,-57.730003769149484,-28.63391541127147,0.297176204281455,40,0.5,0.25,0.12,0.2,0.08,0.35
448.5523669386726,5.485523669386726,17.155983393269935,-57.730003769149484,-28.63391541127147,0.297176204281455,40,0.5,0.25,0.12,0.2,0.08,0.4
668.8952424076713,7.688952424076713,20.89441796161211,-57.730003769149526,-28.633915411271527,0.36193342451811733,40,0.5,0.25,0.12,0.2,0.08,0.45
510.3367489741111,6.103367489741111,18.324924062454585,-58.982516231069745,-29.893689563178903,0.31068399982572653,40,0.5,0.25,0.12,0.25,0.1,0.35
510.3367489741111,6.103367489741111,18.324924062454585,-58.982516231069745,-29.893689563178903,0.31068399982572653,40,0.5,0.25,0.12,0.25,0.1,0.4
551.3492672966399,6.513492672966399,19.042933751656843,-58.982516231069745,-29.893689563178892,0.3228572629396531,40,0.5,0.25,0.12,0.25,0.1,0.45
599.4463462347321,6.994463462347321,19.834482626612537,-58.24037199957321,-28.62523062563665,0.34056243024611665,40,0.5,0.25,0.12,0.35,0.12,0.35
599.4463462347321,6.994463462347321,19.834482626612537,-58.24037199957321,-28.62523062563665,0.34056243024611665,40,0.5,0.25,0.12,0.35,0.12,0.4
645.378462405376,7.45378462405376,20.54559194567791,-58.24037199957323,-28.625230625636682,0.352772333697121,40,0.5,0.25,0.12,0.35,0.12,0.45
644.251581645557,7.442515816455571,20.528627411933286,-59.19022325800542,-27.10928164717343,0.34682463221080706,40,0.5,0.25,0.15,,,0.35
644.251581645557,7.442515816455571,20.528627411933286,-59.19022325800542,-27.10928164717343,0.34682463221080706,40,0.5,0.25,0.15,,,0.4
701.2859270127749,8.012859270127748,21.35935433983032,-59.19022325800546,-27.1092816471735,0.3608594994941411,40,0.5,0.25,0.15,,,0.45
453.32524794346875,5.533252479434688,17.250435353336613,-58.47519566472927,-27.11815089143451,0.2950043203316997,40,0.5,0.25,0.15,0.2,0.08,0.35
453.32524794346875,5.533252479434688,17.250435353336613,-58.47519566472927,-27.11815089143451,0.2950043203316997,40,0.5,0.25,0.15,0.2,0.08,0.4
686.5574274193037,7.865574274193038,21.15009569806514,-58.47519566472927,-27.118150891434585,0.36169345750171356,40,0.5,0.25,0.15,0.2,0.08,0.45
533.0046228166352,6.330046228166352,18.72699540687044,-58.50878263027266,-28.40468174399988,0.32007152712798065,40,0.5,0.25,0.15,0.25,0.1,0.35
533.0046228166352,6.330046228166352,18.72699540687044,-58.50878263027266,-28.40468174399988,0.32007152712798065,40,0.5,0.25,0.15,0.25,0.1,0.4
585.0971476168921,6.8509714761689215,19.603637192839486,-58.508782630272684,-28.40468174399991,0.335054607386353,40,0.5,0.25,0.15,0.25,0.1,0.45
624.1866871300588,7.241866871300587,20.22259458097002,-57.75806696467545,-27.1092816471734,0.3501258896586352,40,0.5,0.25,0.15,0.35,0.12,0.35
624.1866871300588,7.241866871300587,20.22259458097002,-57.75806696467545,-27.1092816471734,0.3501258896586352,40,0.5,0.25,0.15,0.35,0.12,0.4
682.6612631527623,7.826612631527623,21.094145752406845,-57.758066964675415,-27.10928164717339,0.36521557699131335,40,0.5,0.25,0.15,0.35,0.12,0.45
591.6746845449877,6.916746845449877,19.709993578492767,-59.667266664818655,-27.32084290272131,0.3303317661459811,40,0.5,0.25,0.18,,,0.35
591.6746845449877,6.916746845449877,19.709993578492767,-59.667266664818655,-27.32084290272131,0.3303317661459811,40,0.5,0.25,0.18,,,0.4
644.6798965095721,7.446798965095722,20.535078185688647,-59.667266664818605,-27.32084290272139,0.3441598607330989,40,0.5,0.25,0.18,,,0.45
436.7816870979136,5.367816870979136,16.919825173759694,-60.744578580925044,-27.32968640449428,0.2785404980827843,40,0.5,0.25,0.18,0.2,0.08,0.35
436.7816870979136,5.367816870979136,16.919825173759694,-60.744578580925044,-27.32968640449428,0.2785404980827843,40,0.5,0.25,0.18,0.2,0.08,0.4
663.040588620789,7.63040588620789,20.80848967524913,-60.744578580925044,-27.329686404494304,0.3425571493187277,40,0.5,0.25,0.18,0.2,0.08,0.45
514.4245526677411,6.144245526677411,18.398421602022054,-58.62920858078199,-28.612483172822035,0.3138098235911179,40,0.5,0.25,0.18,0.25,0.1,0.35
514.4245526677411,6.144245526677411,18.398421602022054,-58.62920858078199,-28.612483172822035,0.3138098235911179,40,0.5,0.25,0.18,0.25,0.1,0.4
564.9880479315075,6.649880479315075,19.27263730514348,-58.629208580782034,-28.612483172822103,0.3287207480992814,40,0.5,0.25,0.18,0.25,0.1,0.45
601.7473962483785,7.017473962483785,19.871100906695194,-57.8806718256465,-27.32084290272135,0.3433115110783917,40,0.5,0.25,0.18,0.35,0.12,0.35
601.7473962483785,7.017473962483785,19.871100906695194,-57.8806718256465,-27.32084290272135,0.3433115110783917,40,0.5,0.25,0.18,0.35,0.12,0.4
658.4101079495246,7.5841010794952455,20.74010393213137,-57.880671825646544,-27.320842902721417,0.35832521078204843,40,0.5,0.25,0.18,0.35,0.12,0.45
560.6552273533471,6.606552273533471,19.200130979988916,-60.33950368479297,-27.320842902721292,0.3182016723287669,40,0.5,0.25,0.22,,,0.35
560.6552273533471,6.606552273533471,19.200130979988916,-60.33950368479297,-27.320842902721292,0.3182016723287669,40,0.5,0.25,0.22,,,0.4
611.2833205073015,7.112833205073015,20.021701429600846,-60.339503684792994,-27.32084290272134,0.3318174695998833,40,0.5,0.25,0.22,,,0.45
411.70372015765366,5.117037201576537,16.40059927113311,-61.48589292506526,-27.329686404494307,0.26673759607136266,40,0.5,0.25,0.22,0.2,0.08,0.35
411.70372015765366,5.117037201576537,16.40059927113311,-61.48589292506526,-27.329686404494307,0.26673759607136266,40,0.5,0.25,0.22,0.2,0.08,0.4
627.3920053783867,7.273920053783867,20.271994713822707,-61.48589292506518,-27.329686404494236,0.32970155834816994,40,0.5,0.25,0.22,0.2,0.08,0.45
487.29154558020315,5.872915455802032,17.902028986697328,-59.318747207051516,-28.612483172822046,0.3017937807116942,40,0.5,0.25,0.22,0.25,0.1,0.35
487.29154558020315,5.872915455802032,17.902028986697328,-59.318747207051516,-28.612483172822046,0.3017937807116942,40,0.5,0.25,0.22,0.25,0.1,0.4
535.6221553425605,6.3562215534256055,18.77257948707909,-59.31874720705154,-28.612483172822056,0.31646958796269875,40,0.5,0.25,0.22,0.25,0.1,0.45
570.7582097105056,6.707582097105057,19.368533993422133,-58.58268652472349,-27.320842902721388,0.3306187398088697,40,0.5,0.25,0.22,0.35,0.12,0.35
570.7582097105056,6.707582097105057,19.368533993422133,-58.58268652472349,-27.320842902721388,0.3306187398088697,40,0.5,0.25,0.22,0.35,0.12,0.4
624.9186943253325,7.249186943253324,20.233893670588277,-58.58268652472347,-27.320842902721367,0.34539033408870773,40,0.5,0.25,0.22,0.35,0.12,0.45
600.8791935370792,7.008791935370793,19.857297377295424,-59.5412248033814,-25.77644316914645,0.33350502014140143,40,0.6,0.2,0.12,,,0.35
600.8791935370792,7.008791935370793,19.857297377295424,-59.5412248033814,-25.77644316914645,0.33350502014140143,40,0.6,0.2,0.12,,,0.4
631.5299839071813,7.315299839071813,20.33547779014,-59.54122480338133,-25.776443169146358,0.34153610136997303,40,0.6,0.2,0.12,,,0.45
411.2992371819604,5.112992371819604,16.392037095049304,-58.15785124857496,-25.61777501499557,0.281854242258494,40,0.6,0.2,0.12,0.2,0.08,0.35
411.2992371819604,5.112992371819604,16.392037095049304,-58.15785124857496,-25.61777501499557,0.281854242258494,40,0.6,0.2,0.12,0.2,0.08,0.4
568.3374809081115,6.683374809081115,19.32839436385525,-58.15785124857496,-25.617775014995566,0.3323436810146739,40,0.6,0.2,0.12,0.2,0.08,0.45
472.63037448990286,5.726303744899028,17.62508287114364,-59.29894689963319,-27.35464762186679,0.2972242137954842,40,0.6,0.2,0.12,0.25,0.1,0.35
472.63037448990286,5.726303744899028,17.62508287114364,-59.29894689963319,-27.35464762186679,0.2972242137954842,40,0.6,0.2,0.12,0.25,0.1,0.4
500.3680658987092,6.003680658987092,18.143800690708602,-59.29894689963323,-27.354647621866874,0.30597171854363614,40,0.6,0.2,0.12,0.25,0.1,0.45
577.5703531919133,6.775703531919134,19.480789399811947,-58.41472538881924,-25.77644316914649,0.3334910721593605,40,0.6,0.2,0.12,0.35,0.12,0.35
577.5703531919133,6.775703531919134,19.480789399811947,-58.41472538881924,-25.77644316914649,0.3334910721593605,40,0.6,0.2,0.12,0.35,0.12,0.4
609.7026035090759,7.097026035090758,19.996864328954512,-58.414725388819214,-25.77644316914645,0.34232574399437277,40,0.6,0.2,0.12,0.35,0.12,0.45
620.7687711740926,7.207687711740927,20.169698950323102,-59.16285634675563,-24.50508370630745,0.34091827534674407,40,0.6,0.2,0.15,,,0.35
620.7687711740926,7.207687711740927,20.169698950323102,-59.16285634675563,-24.50508370630745,0.34091827534674407,40,0.6,0.2,0.15,,,0.4
660.7661040884594,7.607661040884595,20.774945886091125,-59.162856346755596,-24.505083706307452,0.3511484598432576,40,0.6,0.2,0.15,,,0.45
415.07829112132345,5.150782911213234,16.471794584742483,-58.754724697898354,-24.343697759209824,0.2803484259255099,40,0.6,0.2,0.15,0.2,0.08,0.35
415.07829112132345,5.150782911213234,16.471794584742483,-58.754724697898354,-24.343697759209824,0.2803484259255099,40,0.6,0.2,0.15,0.2,0.08,0.4
580.8636480949544,6.808636480949545,19.534692096114227,-58.754724697898375,-24.343697759209864,0.33247865931729864,40,0.6,0.2,0.15,0.2,0.08,0.45
489.84641513562616,5.8984641513562615,17.949647139549096,-58.91831267208204,-26.11032088624981,0.304653109118218,40,0.6,0.2,0.15,0.25,0.1,0.35
489.84641513562616,5.8984641513562615,17.949647139549096,-58.91831267208204,-26.11032088624981,0.304653109118218,40,0.6,0.2,0.15,0.25,0.1,0.4
525.386318081825,6.25386318081825,18.593343698817712,-58.918312672082074,-26.110320886249877,0.31557834662206824,40,0.6,0.2,0.15,0.25,0.1,0.45
596.7984716303255,6.9679847163032544,19.792209625128688,-58.02582196560566,-24.50508370630737,0.3410931367221366,40,0.6,0.2,0.15,0.35,0.12,0.35
596.7984716303255,6.9679847163032544,19.792209625128688,-58.02582196560566,-24.50508370630737,0.3410931367221366,40,0.6,0.2,0.15,0.35,0.12,0.4
638.06637678647,7.3806637678647,20.435095800297674,-58.02582196560571,-24.505083706307435,0.35217244854214036,40,0.6,0.2,0.15,0.35,0.12,0.45
580.1598911716422,6.801598911716423,19.523193318056762,-59.2575360051547,-24.680116341945443,0.3294634680111991,40,0.6,0.2,0.18,,,0.35
580.1598911716422,6.801598911716423,19.523193318056762,-59.2575360051547,-24.680116341945443,0.3294634680111991,40,0.6,0.2,0.18,,,0.4
617.90373176268,7.1790373176268,20.12518406231978,-59.25753600515473,-24.68011634194546,0.33962235724025236,40,0.6,0.2,0.18,,,0.45
403.2989542509166,5.032989542509166,16.22141057258599,-60.56864990848181,-24.51910456319005,0.26781859257381935,40,0.6,0.2,0.18,0.2,0.08,0.35
403.2989542509166,5.032989542509166,16.22141057258599,-60.56864990848181,-24.51910456319005,0.26781859257381935,40,0.6,0.2,0.18,0.2,0.08,0.4
565.2929622167654,6.652929622167655,19.277723652332423,-60.56864990848175,-24.51910456319006,0.3182789063560233,40,0.6,0.2,0.18,0.2,0.08,0.45
476.6655136929591,5.766655136929591,17.701941348502782,-59.013559297450755,-26.281631828981634,0.2999639669127272,40,0.6,0.2,0.18,0.25,0.1,0.35
476.6655136929591,5.766655136929591,17.701941348502782,-59.013559297450755,-26.281631828981634,0.2999639669127272,40,0.6,0.2,0.18,0.25,0.1,0.4
511.4112303120136,6.114112303120136,18.344286082062066,-59.013559297450726,-26.281631828981585,0.31084866428069363,40,0.6,0.2,0.18,0.25,0.1,0.45
580.1243368651022,6.801243368651022,19.52261210519921,-58.123137803158464,-24.68011634194539,0.335883657405336,40,0.6,0.2,0.18,0.35,0.12,0.35
580.1243368651022,6.801243368651022,19.52261210519921,-58.123137803158464,-24.68011634194539,0.335883657405336,40,0.6,0.2,0.18,0.35,0.12,0.4
620.4047160147119,7.204047160147119,20.164051437381048,-58.12313780315848,-24.680116341945443,0.34691952636262025,40,0.6,0.2,0.18,0.35,0.12,0.45
555.5641042058048,6.555641042058048,19.114381891775345,-59.8061583220945,-24.680116341945453,0.31960557955975283,40,0.6,0.2,0.22,,,0.35
555.5641042058048,6.555641042058048,19.114381891775345,-59.8061583220945,-24.680116341945453,0.31960557955975283,40,0.6,0.2,0.22,,,0.4
591.9430606357794,6.9194306063577935,19.714313615626168,-59.80615832209448,-24.680116341945453,0.3296368495941832,40,0.6,0.2,0.22,,,0.45
384.3926907870992,4.843926907870992,15.808199581961336,-61.16728188601368,-24.51910456319006,0.2584420803824534,40,0.6,0.2,0.22,0.2,0.08,0.35
384.3926907870992,4.843926907870992,15.808199581961336,-61.16728188601368,-24.51910456319006,0.2584420803824534,40,0.6,0.2,0.22,0.2,0.08,0.4
540.3014459061187,6.403014459061187,18.853646314886486,-61.16728188601369,-24.519104563190044,0.30823089948676463,40,0.6,0.2,0.22,0.2,0.08,0.45
456.1987371745806,5.561987371745806,17.306943944231314,-59.5654669107014,-26.281631828981627,0.2905533162390436,40,0.6,0.2,0.22,0.25,0.1,0.35
456.1987371745806,5.561987371745806,17.306943944231314,-59.5654669107014,-26.281631828981627,0.2905533162390436,40,0.6,0.2,0.22,0.25,0.1,0.4
489.711273032643,5.89711273032643,17.947133025135287,-59.565466910701446,-26.281631828981627,0.30130097111537846,40,0.6,0.2,0.22,0.25,0.1,0.45
555.98564211607,6.559856421160701,19.1215046893622,-58.687035489059525,-24.680116341945432,0.3258216151150938,40,0.6,0.2,0.22,0.35,0.12,0.35
555.98564211607,6.559856421160701,19.1215046893622,-58.687035489059525,-24.680116341945432,0.3258216151150938,40,0.6,0.2,0.22,0.35,0.12,0.4
594.8364065261885,6.9483640652618845,19.7607914073364,-58.687035489059525,-24.68011634194545,0.33671476575129133,40,0.6,0.2,0.22,0.35,0.12,0.45
570.0106277464063,6.700106277464062,19.35615190734612,-59.73715870644652,-22.87994547378181,0.3240219710224903,40,0.7,0.15,0.12,,,0.35
570.0106277464063,6.700106277464062,19.35615190734612,-59.73715870644652,-22.87994547378181,0.3240219710224903,40,0.7,0.15,0.12,,,0.4
589.2539291865453,6.892539291865453,19.670957944348967,-59.73715870644658,-22.87994547378188,0.3292918238882721,40,0.7,0.15,0.12,,,0.45
368.05901198165583,4.680590119816558,15.439262956342237,-58.75734580823494,-22.537154593529824,0.2627631106199218,40,0.7,0.15,0.12,0.2,0.08,0.35
368.05901198165583,4.680590119816558,15.439262956342237,-58.75734580823494,-22.537154593529824,0.2627631106199218,40,0.7,0.15,0.12,0.2,0.08,0.4
471.20453929371047,5.712045392937105,17.597807082123552,-58.75734580823497,-22.537154593529845,0.2994996938690376,40,0.7,0.15,0.12,0.2,0.08,0.45
427.06163149479437,5.270616314947944,16.721241392629892,-59.760262062775126,-24.787372843460165,0.2798053558577952,40,0.7,0.15,0.12,0.25,0.1,0.35
427.06163149479437,5.270616314947944,16.721241392629892,-59.760262062775126,-24.787372843460165,0.2798053558577952,40,0.7,0.15,0.12,0.25,0.1,0.4
444.15626370267523,5.4415626370267525,17.06832584193276,-59.760262062775105,-24.787372843460183,0.28561330310103655,40,0.7,0.15,0.12,0.25,0.1,0.45
543.892064140743,6.43892064140743,18.915488794847057,-58.739763505659205,-22.879945473781856,0.3220218752331999,40,0.7,0.15,0.12,0.35,0.12,0.35
543.892064140743,6.43892064140743,18.915488794847057,-58.739763505659205,-22.879945473781856,0.3220218752331999,40,0.7,0.15,0.12,0.35,0.12,0.4
564.3813388017885,6.643813388017885,19.26251035194486,-58.73976350565919,-22.879945473781795,0.32792965450208267,40,0.7,0.15,0.12,0.35,0.12,0.45
584.3068568258338,6.843068568258339,19.590796218450656,-59.45132171607853,-21.88120343039129,0.3295266724600397,40,0.7,0.15,0.15,,,0.35
584.3068568258338,6.843068568258339,19.590796218450656,-59.45132171607853,-21.88120343039129,0.3295266724600397,40,0.7,0.15,0.15,,,0.4
609.8839222900514,7.098839222900514,19.999715856120947,-59.45132171607857,-21.881203430391324,0.33640489864352396,40,0.7,0.15,0.15,,,0.45
370.803337223466,4.7080333722346595,15.50205839020391,-59.203526635591054,-21.53397324227958,0.2618434960069528,40,0.7,0.15,0.15,0.2,0.08,0.35
370.803337223466,4.7080333722346595,15.50205839020391,-59.203526635591054,-21.53397324227958,0.2618434960069528,40,0.7,0.15,0.15,0.2,0.08,0.4
479.38795281201374,5.793879528120137,17.75352135098034,-59.20352663559109,-21.533973242279604,0.2998726994804992,40,0.7,0.15,0.15,0.2,0.08,0.45
439.080451815092,5.39080451815092,16.96631250035796,-59.47458908949148,-23.81333290797797,0.28526994066035044,40,0.7,0.15,0.15,0.25,0.1,0.35
439.080451815092,5.39080451815092,16.96631250035796,-59.47458908949148,-23.81333290797797,0.28526994066035044,40,0.7,0.15,0.15,0.25,0.1,0.4
461.24786745099397,5.61247867450994,17.405599275949648,-59.474589089491495,-23.813332907977994,0.2926560661017669,40,0.7,0.15,0.15,0.25,0.1,0.45
557.6309931519808,6.576309931519808,19.149266798762522,-58.44684573228529,-21.881203430391263,0.32763559023313915,40,0.7,0.15,0.15,0.35,0.12,0.35
557.6309931519808,6.576309931519808,19.149266798762522,-58.44684573228529,-21.881203430391263,0.32763559023313915,40,0.7,0.15,0.15,0.35,0.12,0.4
584.2668727932402,6.842668727932401,19.590146183808322,-58.44684573228531,-21.881203430391288,0.3351788439283896,40,0.7,0.15,0.15,0.35,0.12,0.45
555.4831767043669,6.554831767043669,19.113013970772563,-59.52172386443164,-22.016836238611344,0.3211098861031798,40,0.7,0.15,0.18,,,0.35
555.4831767043669,6.554831767043669,19.113013970772563,-59.52172386443164,-22.016836238611344,0.3211098861031798,40,0.7,0.15,0.18,,,0.4
579.982910930367,6.79982910930367,19.520299916304506,-59.521723864431586,-22.016836238611283,0.32795252974803807,40,0.7,0.15,0.18,,,0.45
363.10294743168015,4.631029474316802,15.325007776628974,-60.55714283067156,-21.670208924680598,0.2530668895571972,40,0.7,0.15,0.18,0.2,0.08,0.35
363.10294743168015,4.631029474316802,15.325007776628974,-60.55714283067156,-21.670208924680598,0.2530668895571972,40,0.7,0.15,0.18,0.2,0.08,0.4
469.911569098106,5.69911569098106,17.57301951840371,-60.55714283067163,-21.67020892468075,0.29018904619626706,40,0.7,0.15,0.18,0.2,0.08,0.45
430.5090047600762,5.305090047600762,16.792049598518656,-59.54495084015117,-23.945611079946683,0.2820062719271871,40,0.7,0.15,0.18,0.25,0.1,0.35
430.5090047600762,5.305090047600762,16.792049598518656,-59.54495084015117,-23.945611079946683,0.2820062719271871,40,0.7,0.15,0.18,0.25,0.1,0.4
452.3239556964506,5.523239556964506,17.23068190029975,-59.54495084015119,-23.945611079946623,0.28937267824026974,40,0.7,0.15,0.18,0.25,0.1,0.45
546.2550906746824,6.462550906746824,18.956017598979578,-58.51899188981997,-22.01683623861132,0.3239293259642975,40,0.7,0.15,0.18,0.35,0.12,0.35
546.2550906746824,6.462550906746824,18.956017598979578,-58.51899188981997,-22.01683623861132,0.3239293259642975,40,0.7,0.15,0.18,0.35,0.12,0.4
572.4302147062585,6.724302147062586,19.396181918035893,-58.51899188981994,-22.016836238611273,0.33145106044470474,40,0.7,0.15,0.18,0.35,0.12,0.45
537.5627580090544,6.375627580090544,18.80626512491461,-59.93462779705984,-22.0168362386113,0.313779626505617,40,0.7,0.15,0.22,,,0.35
537.5627580090544,6.375627580090544,18.80626512491461,-59.93462779705984,-22.0168362386113,0.313779626505617,40,0.7,0.15,0.22,,,0.4
561.392687866524,6.61392687866524,19.212502196863703,-59.93462779705992,-22.016836238611383,0.32055762925428843,40,0.7,0.15,0.22,,,0.45
349.9878498026814,4.499878498026814,15.017219361181787,-61.00858801482012,-21.670208924680665,0.24614926930506614,40,0.7,0.15,0.22,0.2,0.08,0.35
349.9878498026814,4.499878498026814,15.017219361181787,-61.00858801482012,-21.670208924680665,0.24614926930506614,40,0.7,0.15,0.22,0.2,0.08,0.4
453.77164619312174,5.537716461931217,17.259231433108233,-61.0085880148202,-21.67020892468075,0.2828983917627404,40,0.7,0.15,0.22,0.2,0.08,0.45
416.32151116753874,5.163215111675387,16.497916930084244,-59.95761784298557,-23.945611079946573,0.2751596464904306,40,0.7,0.15,0.22,0.25,0.1,0.35
416.32151116753874,5.163215111675387,16.497916930084244,-59.95761784298557,-23.945611079946573,0.2751596464904306,40,0.7,0.15,0.22,0.25,0.1,0.4
437.55306111758614,5.375530611175861,16.93544456686602,-59.95761784298564,-23.945611079946644,0.2824569283458828,40,0.7,0.15,0.22,0.25,0.1,0.45
528.9721795915059,6.289721795915058,18.656435127373005,-58.94212432067534,-22.016836238611333,0.31652125440665224,40,0.7,0.15,0.22,0.35,0.12,0.35
528.9721795915059,6.289721795915058,18.656435127373005,-58.94212432067534,-22.016836238611333,0.31652125440665224,40,0.7,0.15,0.22,0.35,0.12,0.4
554.4472977774707,6.544472977774706,19.095490923150905,-58.94212432067535,-22.016836238611337,0.32397018504561614,40,0.7,0.15,0.22,0.35,0.12,0.45
527.969792477246,6.27969792477246,18.638831549367296,-60.65660229930416,-19.93855898664073,0.3072844643917867,40,0.8,0.1,0.12,,,0.35
527.969792477246,6.27969792477246,18.638831549367296,-60.65660229930416,-19.93855898664073,0.3072844643917867,40,0.8,0.1,0.12,,,0.4
538.3175021236239,6.383175021236238,18.81934111674839,-60.65660229930422,-19.938558986640793,0.31026039051587734,40,0.8,0.1,0.12,,,0.45
320.81941643514193,4.208194164351419,14.30241871303901,-59.8217481362945,-19.394096511447497,0.2390839311558262,40,0.8,0.1,0.12,0.2,0.08,0.35
320.81941643514193,4.208194164351419,14.30241871303901,-59.8217481362945,-19.394096511447497,0.2390839311558262,40,0.8,0.1,0.12,0.2,0.08,0.4
380.0167272740865,4.8001672727408655,15.71047748629406,-59.82174813629448,-19.394096511447465,0.26262150431478865,40,0.8,0.1,0.12,0.2,0.08,0.45
375.91379226137195,4.75913792261372,15.618115809823042,-61.10117184918822,-22.194938916949695,0.2556107409588175,40,0.8,0.1,0.12,0.25,0.1,0.35
375.91379226137195,4.75913792261372,15.618115809823042,-61.10117184918822,-22.194938916949695,0.2556107409588175,40,0.8,0.1,0.12,0.25,0.1,0.4
384.9928453693627,4.849928453693628,15.821539479674662,-61.10117184918824,-22.194938916949738,0.2589400334043652,40,0.8,0.1,0.12,0.25,0.1,0.45
500.2471002286923,6.002471002286923,18.141586134484665,-59.973089254942366,-19.938558986640786,0.3024954418700321,40,0.8,0.1,0.12,0.35,0.12,0.35
500.2471002286923,6.002471002286923,18.141586134484665,-59.973089254942366,-19.938558986640786,0.3024954418700321,40,0.8,0.1,0.12,0.35,0.12,0.4
511.511139068457,6.11511139068457,18.346084856848034,-59.97308925494232,-19.938558986640782,0.3059052832656299,40,0.8,0.1,0.12,0.35,0.12,0.45
536.9222485421644,6.369222485421645,18.795157238488656,-60.468129775952576,-19.24174443540464,0.310827493890232,40,0.8,0.1,0.15,,,0.35
536.9222485421644,6.369222485421645,18.795157238488656,-60.468129775952576,-19.24174443540464,0.310827493890232,40,0.8,0.1,0.15,,,0.4
551.03329869839,6.5103329869839,19.037560703791033,-60.468129775952605,-19.241744435404655,0.31483627448590323,40,0.8,0.1,0.15,,,0.45
322.55322940974327,4.225532294097433,14.346145076234528,-60.114699169570706,-18.69254323242288,0.23864620923689764,40,0.8,0.1,0.15,0.2,0.08,0.35
322.55322940974327,4.225532294097433,14.346145076234528,-60.114699169570706,-18.69254323242288,0.23864620923689764,40,0.8,0.1,0.15,0.2,0.08,0.4
384.6863735837807,4.846863735837807,15.814729269409877,-60.114699169570706,-18.692543232422874,0.26307591134740455,40,0.8,0.1,0.15,0.2,0.08,0.45
383.2265239088046,4.832265239088047,15.78223576242972,-60.91482901340228,-21.5177627627829,0.259086925434156,40,0.8,0.1,0.15,0.25,0.1,0.35
383.2265239088046,4.832265239088047,15.78223576242972,-60.91482901340228,-21.5177627627829,0.259086925434156,40,0.8,0.1,0.15,0.25,0.1,0.4
395.19538468089644,4.951953846808965,16.046054775717742,-60.91482901340227,-21.517762762782883,0.26341787436007325,40,0.8,0.1,0.15,0.25,0.1,0.45
508.804336352574,6.08804336352574,18.29725662301844,-59.78134239750311,-19.241744435404716,0.3060696847748047,40,0.8,0.1,0.15,0.35,0.12,0.35
508.804336352574,6.08804336352574,18.29725662301844,-59.78134239750311,-19.241744435404716,0.3060696847748047,40,0.8,0.1,0.15,0.35,0.12,0.4
523.6929313923821,6.236929313923821,18.563435277434827,-59.781342397503145,-19.241744435404676,0.3105222220337788,40,0.8,0.1,0.15,0.35,0.12,0.45
519.096090941834,6.190960909418339,18.4818734616365,-60.51381871971485,-19.335080758121386,0.30541575218116707,40,0.8,0.1,0.18,,,0.35
519.096090941834,6.190960909418339,18.4818734616365,-60.51381871971485,-19.335080758121386,0.30541575218116707,40,0.8,0.1,0.18,,,0.4
532.8122015201623,6.328122015201623,18.72363766625771,-60.51381871971482,-19.33508075812137,0.3094109422011691,40,0.8,0.1,0.18,,,0.45
318.1722886452588,4.1817228864525875,14.235342555908815,-61.00220774451124,-18.786514294218026,0.23335782559754423,40,0.8,0.1,0.18,0.2,0.08,0.35
318.1722886452588,4.1817228864525875,14.235342555908815,-61.00220774451124,-18.786514294218026,0.23335782559754423,40,0.8,0.1,0.18,0.2,0.08,0.4
379.6612497786941,4.796612497786941,15.702503676799529,-61.00220774451125,-18.7865142942181,0.25740877678664636,40,0.8,0.1,0.18,0.2,0.08,0.45
378.38365975729056,4.783836597572906,15.673801402152154,-60.96000168469311,-21.60846857819561,0.2571161576277942,40,0.8,0.1,0.18,0.25,0.1,0.35
378.38365975729056,4.783836597572906,15.673801402152154,-60.96000168469311,-21.60846857819561,0.2571161576277942,40,0.8,0.1,0.18,0.25,0.1,0.4
390.2325694010825,4.902325694010825,15.93737333914438,-60.96000168469304,-21.60846857819559,0.2614398441387548,40,0.8,0.1,0.18,0.25,0.1,0.45
502.04875637571683,6.020487563757168,18.174527815065122,-59.82782509551311,-19.335080758121425,0.30378051995121164,40,0.8,0.1,0.18,0.35,0.12,0.35
502.04875637571683,6.020487563757168,18.174527815065122,-59.82782509551311,-19.335080758121425,0.30378051995121164,40,0.8,0.1,0.18,0.35,0.12,0.4
516.772140544762,6.167721405447621,18.440430319468536,-59.82782509551312,-19.33508075812142,0.30822498210538335,40,0.8,0.1,0.18,0.35,0.12,0.45
507.72037119058746,6.077203711905875,18.27764765612283,-60.785082147116206,-19.335080758121347,0.30069298272701217,40,0.8,0.1,0.22,,,0.35
507.72037119058746,6.077203711905875,18.27764765612283,-60.785082147116206,-19.335080758121347,0.30069298272701217,40,0.8,0.1,0.22,,,0.4
521.1844520237782,6.211844520237783,18.518995134640793,-60.78508214711622,-19.335080758121407,0.3046634878245266,40,0.8,0.1,0.22,,,0.45
310.2350355009596,4.102350355009595,14.031884647277803,-61.30141697691954,-18.786514294218108,0.2288998417860539,40,0.8,0.1,0.22,0.2,0.08,0.35
310.2350355009596,4.102350355009595,14.031884647277803,-61.30141697691954,-18.786514294218108,0.2288998417860539,40,0.8,0.1,0.22,0.2,0.08,0.4
370.5568857010591,4.705568857010591,15.496432693032581,-61.301416976919555,-18.786514294218083,0.2527907747853056,40,0.8,0.1,0.22,0.2,0.08,0.45
369.81436043171146,4.6981436043171145,15.479467055287511,-61.228199910132616,-21.608468578195644,0.252815974959372,40,0.8,0.1,0.22,0.25,0.1,0.35
369.81436043171146,4.6981436043171145,15.479467055287511,-61.228199910132616,-21.608468578195644,0.252815974959372,40,0.8,0.1,0.22,0.25,0.1,0.4
381.4510202393126,4.814510202393126,15.742596186046942,-61.228199910132574,-21.608468578195613,0.2571134903386523,40,0.8,0.1,0.22,0.25,0.1,0.45
491.2642408582086,5.912642408582086,17.97599219679551,-60.103801183790715,-19.33508075812127,0.29908245140481104,40,0.8,0.1,0.22,0.35,0.12,0.35
491.2642408582086,5.912642408582086,17.97599219679551,-60.103801183790715,-19.33508075812127,0.29908245140481104,40,0.8,0.1,0.22,0.35,0.12,0.4
505.72388465180893,6.057238846518089,18.241447979565308,-60.10380118379077,-19.335080758121308,0.30349907360742423,40,0.8,0.1,0.22,0.35,0.12,0.45
