date,titan_equity,taiex_close,etf_0050_close,market_exposure_pct,exposure,cash_reserve_pct,leader_stock_id,leader_stock_name,leader_name,benchmark_equity,etf0050_equity,drawdown_pct,etf0020_equity
20160104,1000000.0,8114.26,14.89,0.0,0.0,100.0,,,,1000000.0,1000000.0,0.0,1000000.0
20160105,1000000.0,8075.11,14.76,0.0,0.0,100.0,,,,995175.1607663544,991269.3082605776,0.0,1000000.0
20160106,1000000.0,7990.39,14.61,0.0,0.0,100.0,,,,984734.282608642,981195.4331766284,0.0,1000000.0
20160107,1000000.0,7852.06,14.34,0.0,0.0,100.0,,,,967686.517316428,963062.4580255204,0.0,1000000.0
20160108,1000000.0,7893.97,14.36,0.0,0.0,100.0,,,,972851.4984730586,964405.6413700468,0.0,1000000.0
20160111,1000000.0,7788.42,14.14,0.0,0.0,100.0,,,,959843.534715427,949630.6245802552,0.0,1000000.0
20160112,1000000.0,7768.45,14.13,0.0,0.0,100.0,,,,957382.4353668726,948959.032907992,0.0,1000000.0
20160113,1000000.0,7824.61,14.29,0.0,0.0,100.0,,,,964303.5840606536,959704.499664204,0.0,1000000.0
20160114,1000000.0,7742.88,14.18,0.0,0.0,100.0,,,,954231.192986175,952316.9912693084,0.0,1000000.0
20160115,1000000.0,7762.01,14.18,0.0,0.0,100.0,,,,956588.7708799076,952316.9912693084,0.0,1000000.0
20160118,1000000.0,7811.18,14.28,0.0,0.0,100.0,,,,962648.4731817812,959032.9079919409,0.0,1000000.0
20160119,1000000.0,7854.88,14.31,0.0,0.0,100.0,,,,968034.0536290432,961047.6830087306,0.0,1000000.0
20160120,1000000.0,7699.12,13.97,0.0,0.0,100.0,,,,948838.2181492829,938213.5661517796,0.0,1000000.0
20160121,1000000.0,7664.01,13.95,0.0,0.0,100.0,,,,944511.267817398,936870.382807253,0.0,1000000.0
20160122,1000000.0,7756.18,14.14,0.0,0.0,100.0,,,,955870.2826875156,949630.6245802552,0.0,1000000.0
20160125,1000000.0,7894.15,14.39,0.0,0.0,100.0,,,,972873.6816419488,966420.4163868368,0.0,1000000.0
20160126,1000000.0,7828.67,14.25,0.0,0.0,100.0,,,,964803.9377589576,957018.1329751512,0.0,1000000.0
20160127,1000000.0,7849.83,14.31,0.0,0.0,100.0,,,,967411.6925018424,961047.6830087306,0.0,1000000.0
20160128,1000000.0,7905.1,14.39,0.0,0.0,100.0,,,,974223.1577494435,966420.4163868368,0.0,1000000.0
20160129,1000000.0,8080.6,14.75,0.0,0.0,100.0,,,,995851.7474175094,990597.7165883144,0.0,1000000.0
20160201,1000000.0,8156.96,14.89,0.0,0.0,100.0,,,,1005262.3406200936,1000000.0,0.0,1000000.0
20160202,1000000.0,8131.24,14.84,0.0,0.0,100.0,,,,1002092.6122653204,996642.0416386836,0.0,1000000.0
20160203,1000000.0,8063.0,14.74,0.0,0.0,100.0,,,,993682.7264593444,989926.124916051,0.0,1000000.0
20160215,1000000.0,8066.51,14.75,0.0,0.0,100.0,,,,994115.2982527056,990597.7165883144,0.0,1000000.0
20160216,1000000.0,8212.07,15.06,0.0,0.0,100.0,,,,1012054.0874953476,1011417.0584284754,0.0,1000000.0
20160217,1000000.0,8214.25,14.99,0.0,0.0,100.0,,,,1012322.750318575,1006715.9167226328,0.0,1000000.0
20160218,1000000.0,8314.67,15.22,0.0,0.0,100.0,,,,1024698.4937628324,1022162.5251846878,0.0,1000000.0
20160219,1000000.0,8325.04,15.21,0.0,0.0,100.0,,,,1025976.4907705697,1021490.9335124244,0.0,1000000.0
20160222,1000000.0,8326.68,15.2,0.0,0.0,100.0,,,,1026178.6040871256,1020819.341840161,0.0,1000000.0
20160223,1000000.0,8334.64,15.21,0.0,0.0,100.0,,,,1027159.5931113866,1021490.9335124244,0.0,1000000.0
20160224,1000000.0,8282.86,15.07,0.0,0.0,100.0,,,,1020778.2348606032,1012088.6501007386,0.0,1000000.0
20160225,1008362.3479729728,8365.86,15.28,60.0,0.6,40.0,2330.0,台積電,台積電,1031007.1405155862,1026192.0752182672,0.0,1000000.0
20160226,1002332.274131274,8411.16,15.31,60.0,0.6,40.0,2330.0,台積電,台積電,1036589.9046863175,1028206.850235057,-0.59800664451827,1000000.0
20160301,1014440.9861677592,8485.69,15.46,60.0,0.6,40.0,2330.0,台積電,台積電,1045774.9690051834,1038280.725319006,0.0,1000000.0
20160302,1018445.3584815796,8544.05,15.59,60.0,0.6,40.0,2330.0,台積電,台積電,1052967.245318735,1047011.4170584284,0.0,1000000.0
20160303,1022439.261848174,8611.79,15.74,60.0,0.6,40.0,2330.0,台積電,台積電,1061315.5112111273,1057085.2921423777,0.0,1000000.0
20160304,1016463.9674607494,8643.55,15.78,60.0,0.6,40.0,2330.0,台積電,台積電,1065229.6081219974,1059771.6588314304,-0.584415584415593,1000000.0
20160307,1014464.3662132856,8659.55,15.78,60.0,0.6,40.0,2330.0,台積電,台積電,1067201.445356693,1059771.6588314304,-0.7799872258888808,1000000.0
20160308,1014464.3662132856,8664.31,15.76,60.0,0.6,40.0,2330.0,台積電,台積電,1067788.066934015,1058428.475486904,-0.7799872258888808,1000000.0
20160309,1018468.8308167591,8634.11,15.78,60.0,0.6,40.0,2330.0,台積電,台積電,1064066.2241535273,1059771.6588314304,-0.3883292807279107,1000000.0
20160310,1024459.8239392106,8660.7,15.81,60.0,0.6,40.0,2330.0,台積電,台積電,1067343.1711579368,1061786.4338482204,0.0,1000000.0
20160311,1026449.0663157916,8706.14,15.89,60.0,0.6,40.0,2330.0,台積電,台積電,1072943.188904472,1067159.1672263264,0.0,1000000.0
20160314,1030422.41754024,8747.9,16.0,60.0,0.6,40.0,2330.0,台積電,台積電,1078089.6840870269,1074546.6756212222,0.0,1000000.0
20160315,1024477.6728236616,8611.18,15.76,60.0,0.6,40.0,2330.0,台積電,台積電,1061240.3349165542,1058428.475486904,-0.5769230769230742,1000000.0
20160316,1030445.5039274888,8699.14,15.9,60.0,0.6,40.0,2330.0,台積電,台積電,1072080.5101142926,1067830.7588985895,0.0,1000000.0
20160317,1040353.6337729456,8734.54,16.07,60.0,0.6,40.0,2330.0,台積電,台積電,1076443.1999960565,1079247.8173270652,0.0,1000000.0
20160318,1044291.8809670388,8810.71,16.18,60.0,0.6,40.0,2330.0,台積電,台積電,1085830.3776314785,1086635.325721961,0.0,1000000.0
20160321,1046256.0663230896,8812.7,16.15,60.0,0.6,40.0,2330.0,台積電,台積電,1086075.6248875435,1084620.5507051712,0.0,1000000.0
20160322,1040370.875950022,8785.68,16.1,60.0,0.6,40.0,2330.0,台積電,台積電,1082745.6847574518,1081262.592343855,-0.5625000000000016,1000000.0
20160323,1044309.1884141862,8766.09,16.09,60.0,0.6,40.0,2330.0,台積電,台積電,1080331.416543221,1080591.0006715916,-0.1860804416403817,1000000.0
20160324,1040380.7525957004,8743.38,16.09,60.0,0.6,40.0,2330.0,台積電,台積電,1077532.6400682256,1080591.0006715916,-0.5615560011075603,1000000.0
20160325,1038411.5776696516,8704.97,16.01,60.0,0.6,40.0,2330.0,台積電,台積電,1072798.998306685,1075218.2672934856,-0.7497675670360602,1000000.0
20160328,1042354.9127747264,8690.45,16.02,60.0,0.6,40.0,2330.0,台積電,台積電,1071009.5560161988,1075889.858965749,-0.3728679502020142,1000000.0
20160329,1042354.9127747264,8617.35,15.91,60.0,0.6,40.0,2330.0,台積電,台積電,1062000.7246501837,1068502.3505708529,-0.3728679502020142,1000000.0
20160330,1052188.4496876956,8737.04,16.18,60.0,0.6,40.0,2330.0,台積電,台積電,1076751.2995639776,1086635.325721961,0.0,1000000.0
20160331,1054142.9793155985,8744.83,16.16,60.0,0.6,40.0,2330.0,台積電,台積電,1077711.3378176198,1085292.1423774343,0.0,1000000.0
20160401,1040478.162917063,8657.55,15.97,60.0,0.6,40.0,2330.0,台積電,台積電,1066954.965702356,1072531.9006044324,-1.2962962962962934,1000000.0
20160406,1020784.5699280964,8513.3,15.6,60.0,0.6,40.0,2330.0,台積電,台積電,1049177.6206333048,1047683.0087306916,-3.1645051992055127,1000000.0
20160407,1024774.6073349816,8490.25,15.54,60.0,0.6,40.0,2330.0,台積電,台積電,1046336.9426170716,1043653.458697112,-2.7859951218082704,1000000.0
20160408,1036713.7289738358,8541.5,15.69,60.0,0.6,40.0,2330.0,台積電,台積電,1052652.9837594556,1053727.333781061,-1.653404773712822,1000000.0
20160411,1040663.1146080218,8562.59,15.75,60.0,0.6,40.0,2330.0,台積電,台積電,1055252.1117144383,1057756.8838146408,-1.2787510776126862,1000000.0
20160412,1038836.7508418848,8531.18,15.74,0.0,0.0,100.0,,,,1051381.1487430772,1057085.2921423777,-1.452006869471473,968286.82
20160413,1038836.7508418848,8652.08,16.01,0.0,0.0,100.0,,,,1066280.8438477444,1075218.2672934856,-1.452006869471473,997040.05
20160414,1038836.7508418848,8667.71,16.06,0.0,0.0,100.0,,,,1068207.0823463877,1078576.2256548018,-1.452006869471473,997189.61
20160415,1038836.7508418848,8700.39,16.06,0.0,0.0,100.0,,,,1072234.559898253,1078576.2256548018,-1.452006869471473,1007989.2
20160418,1038836.7508418848,8666.01,15.96,0.0,0.0,100.0,,,,1067997.5746402012,1071860.308932169,-1.452006869471473,1006239.25
20160419,1038836.7508418848,8633.72,15.9,0.0,0.0,100.0,,,,1064018.1606209313,1067830.7588985895,-1.452006869471473,996772.87
20160420,1038836.7508418848,8514.48,15.66,0.0,0.0,100.0,,,,1049323.0436293634,1051712.5587642712,-1.452006869471473,991512.11
20160421,1038836.7508418848,8568.65,15.74,0.0,0.0,100.0,,,,1055998.9450670795,1057085.2921423777,-1.452006869471473,996391.47
20160422,1038836.7508418848,8535.75,15.8,0.0,0.0,100.0,,,,1051944.3547532368,1061114.842175957,-1.452006869471473,980979.73
20160425,1038836.7508418848,8560.28,15.81,0.0,0.0,100.0,,,,1054967.4277136794,1061786.4338482204,-1.452006869471473,967793.24
20160426,1038836.7508418848,8581.57,15.88,0.0,0.0,100.0,,,,1057591.203634096,1066487.575554063,-1.452006869471473,983659.16
20160427,1038836.7508418848,8563.05,15.85,0.0,0.0,100.0,,,,1055308.802034936,1064472.8005372733,-1.452006869471473,977115.99
20160428,1038836.7508418848,8473.87,15.6,0.0,0.0,100.0,,,,1044318.2742480524,1047683.0087306916,-1.452006869471473,968514.01
20160429,1038836.7508418848,8377.9,15.4,0.0,0.0,100.0,,,,1032490.9480346944,1034251.1752854264,-1.452006869471473,959408.44
20160503,1038836.7508418848,8294.12,15.19,0.0,0.0,100.0,,,,1022165.9153145204,1020147.750167898,-1.452006869471473,953299.46
20160504,1038836.7508418848,8185.47,15.03,0.0,0.0,100.0,,,,1008775.9080926668,1009402.2834116856,-1.452006869471473,943024.69
20160505,1038836.7508418848,8167.96,15.05,0.0,0.0,100.0,,,,1006617.9787189468,1010745.4667562122,-1.452006869471473,928786.81
20160506,1038836.7508418848,8146.43,14.93,0.0,0.0,100.0,,,,1003964.6252400096,1002686.3666890532,-1.452006869471473,912141.39
20160509,1038836.7508418848,8131.83,14.93,0.0,0.0,100.0,,,,1002165.32376335,1002686.3666890532,-1.452006869471473,899262.08
20160510,1038836.7508418848,8156.29,15.0,0.0,0.0,100.0,,,,1005179.7699358908,1007387.5083948958,-1.452006869471473,907614.13
20160511,1038836.7508418848,8135.56,14.96,0.0,0.0,100.0,,,,1002625.0083186884,1004701.1417058428,-1.452006869471473,890530.45
20160512,1038836.7508418848,8108.05,14.95,0.0,0.0,100.0,,,,999234.6806732838,1004029.5500335796,-1.452006869471473,875201.45
20160513,1038836.7508418848,8053.69,14.79,0.0,0.0,100.0,,,,992535.363668406,993284.0832773672,-1.452006869471473,883200.53
20160516,1038836.7508418848,8067.6,14.9,0.0,0.0,100.0,,,,994249.6296643196,1000671.5916722632,-1.452006869471473,893884.23
20160517,1038836.7508418848,8140.48,15.01,0.0,0.0,100.0,,,,1003231.348268357,1008059.100067159,-1.452006869471473,903467.75
20160518,1038836.7508418848,8159.68,14.99,0.0,0.0,100.0,,,,1005597.5529499915,1006715.9167226328,-1.452006869471473,908199.65
20160519,1038836.7508418848,8095.98,14.91,0.0,0.0,100.0,,,,997747.1759593604,1001343.1833445266,-1.452006869471473,900605.43
20160520,1038836.7508418848,8131.26,15.0,0.0,0.0,100.0,,,,1002095.077061864,1007387.5083948958,-1.452006869471473,912598.49
20160523,1038836.7508418848,8344.44,15.5,0.0,0.0,100.0,,,,1028367.3434176376,1040967.0920080591,-1.452006869471473,957513.72
20160524,1038836.7508418848,8300.66,15.34,0.0,0.0,100.0,,,,1022971.903784202,1030221.6252518469,-1.452006869471473,948252.47
20160525,1038836.7508418848,8396.2,15.5,0.0,0.0,100.0,,,,1034746.2368718772,1040967.0920080591,-1.452006869471473,965021.71
20160526,1038836.7508418848,8394.12,15.54,0.0,0.0,100.0,,,,1034489.898031367,1043653.458697112,-1.452006869471473,974720.21
20160527,1038836.7508418848,8463.61,15.65,0.0,0.0,100.0,,,,1043053.8336213038,1051040.967092008,-1.452006869471473,986023.68
20160530,1038836.7508418848,8535.87,15.79,0.0,0.0,100.0,,,,1051959.143532497,1060443.2505036937,-1.452006869471473,1005071.39
20160531,1038836.7508418848,8535.59,15.79,0.0,0.0,100.0,,,,1051924.63638089,1060443.2505036937,-1.452006869471473,1018905.3
20160601,1038836.7508418848,8597.16,15.93,0.0,0.0,100.0,,,,1059512.5125396522,1069845.533915379,-1.452006869471473,1023612.79
20160602,1038836.7508418848,8556.02,15.93,0.0,0.0,100.0,,,,1054442.4260499417,1069845.533915379,-1.452006869471473,1007442.2
20160603,1038836.7508418848,8587.36,15.96,0.0,0.0,100.0,,,,1058304.7622334014,1071860.308932169,-1.452006869471473,1023021.71
20160606,1038836.7508418848,8597.11,16.01,0.0,0.0,100.0,,,,1059506.350548294,1075218.2672934856,-1.452006869471473,1012497.12
20160607,1038836.7508418848,8679.9,16.23,0.0,0.0,100.0,,,,1069709.3758395712,1089993.2840832772,-1.452006869471473,1013987.58
20160608,1038836.7508418848,8715.48,16.31,0.0,0.0,100.0,,,,1074094.2488902253,1095366.0174613832,-1.452006869471473,1018964.88
20160613,1038836.7508418848,8536.22,15.94,0.0,0.0,100.0,,,,1052002.277472006,1070517.125587643,-1.452006869471473,990189.85
20160614,1038836.7508418848,8576.12,16.04,0.0,0.0,100.0,,,,1056919.546576028,1077233.0423102751,-1.452006869471473,1004181.98
20160615,1038836.7508418848,8606.37,16.06,0.0,0.0,100.0,,,,1060647.551347874,1078576.2256548018,-1.452006869471473,1003299.38
20160616,1038836.7508418848,8494.14,15.84,0.0,0.0,100.0,,,,1046816.345544757,1063801.20886501,-1.452006869471473,988269.91
20160617,1038836.7508418848,8568.08,16.01,0.0,0.0,100.0,,,,1055928.698365593,1075218.2672934856,-1.452006869471473,999598.52
20160620,1038836.7508418848,8625.92,16.13,0.0,0.0,100.0,,,,1063056.8899690176,1083277.3673606445,-1.452006869471473,1009500.33
20160621,1038836.7508418848,8684.85,16.19,0.0,0.0,100.0,,,,1070319.4129840552,1087306.9173942243,-1.452006869471473,1015741.6
20160622,1038836.7508418848,8716.25,16.24,0.0,0.0,100.0,,,,1074189.143557145,1090664.8757555403,-1.452006869471473,1023706.03
20160623,1038836.7508418848,8676.68,16.2,0.0,0.0,100.0,,,,1069312.543596089,1087978.5090664874,-1.452006869471473,1019913.25
20160624,1038836.7508418848,8476.99,15.78,0.0,0.0,100.0,,,,1044702.7825088176,1059771.6588314304,-1.452006869471473,986364.43
20160627,1038836.7508418848,8458.87,15.94,0.0,0.0,100.0,,,,1042469.6768405252,1070517.125587643,-1.452006869471473,990608.04
20160628,1038836.7508418848,8505.51,16.0,0.0,0.0,100.0,,,,1048217.5823796624,1074546.6756212222,-1.452006869471473,1002444.34
20160629,1038836.7508418848,8586.56,16.18,0.0,0.0,100.0,,,,1058206.1703716666,1086635.325721961,-1.452006869471473,1012171.92
20160630,1038836.7508418848,8666.58,16.36,0.0,0.0,100.0,,,,1068067.821341687,1098723.9758226995,-1.452006869471473,1032931.59
20160701,1038836.7508418848,8738.24,16.56,0.0,0.0,100.0,,,,1076899.1873565796,1112155.809267965,-1.452006869471473,1037514.71
20160704,1038836.7508418848,8760.58,16.57,0.0,0.0,100.0,,,,1079652.3650955232,1112827.4009402285,-1.452006869471473,1043046.39
20160705,1038836.7508418848,8716.07,16.52,0.0,0.0,100.0,,,,1074166.9603882546,1109469.442578912,-1.452006869471473,1034047.78
20160706,1038836.7508418848,8575.75,16.23,0.0,0.0,100.0,,,,1056873.9478399756,1089993.2840832772,-1.452006869471473,1005824.82
20160707,1038836.7508418848,8640.91,16.43,0.0,0.0,100.0,,,,1064904.2549782728,1103425.1175285426,-1.452006869471473,1008955.78
20160708,1036405.8728449148,8640.91,,80.0,0.8,20.0,3658.0,漢微科,漢微科,1064904.2549782728,,-1.6826091733969055,1013460.76
20160711,1040209.1971489328,8786.47,16.75,80.0,0.8,20.0,3658.0,漢微科,漢微科,1082843.0442209146,1124916.051040967,-1.3218114088956192,1015762.59
20160712,1038870.4465734514,8841.46,16.9,80.0,0.8,20.0,3658.0,漢微科,漢微科,1089620.002316909,1134989.926124916,-1.448810364611334,1029953.52
20160713,1044097.7904577624,8857.75,16.91,80.0,0.8,20.0,3658.0,漢微科,漢微科,1091627.579101483,1135661.5177971793,-0.9529247032843589,1036932.82
20160714,1038907.0900610152,8866.36,16.93,80.0,0.8,20.0,3658.0,漢微科,漢微科,1092688.6740134037,1137004.7011417055,-1.4453342244403395,1039509.11
20160715,1035938.474536177,8949.85,17.13,80.0,0.8,20.0,3658.0,漢微科,漢微科,1102977.967183699,1150436.534586971,-1.7269483491927018,1058690.45
20160718,1050002.7781314424,9008.21,17.29,80.0,0.8,20.0,3658.0,漢微科,漢微科,1110170.2434972504,1161182.0013431832,-0.3927551826834857,1071528.97
20160719,1061380.8389137674,9034.87,17.31,80.0,0.8,20.0,3658.0,漢微科,漢微科,1113455.817289562,1162525.18468771,0.0,1074298.58
20160720,1056463.2442933174,9007.68,17.3,80.0,0.8,20.0,3658.0,漢微科,漢微科,1110104.9263888511,1161853.5930154466,-0.4633204633204677,1067014.36
20160721,1062620.9828886583,9056.56,17.39,80.0,0.8,20.0,3658.0,漢微科,漢微科,1116128.8891408455,1167897.918065816,0.0,1069304.0
20160722,1065101.7340803286,9013.14,17.32,80.0,0.8,20.0,3658.0,漢微科,漢微科,1110777.8158451908,1163196.776359973,0.0,1069273.79
20160725,1064983.7826147606,8991.67,17.25,80.0,0.8,20.0,3658.0,漢微科,漢微科,1108131.856755884,1158495.63465413,-0.011074197120699,1065343.92
20160726,1079869.5784505578,9024.79,17.35,80.0,0.8,20.0,3658.0,漢微科,漢微科,1112213.5598317038,1165211.5513767628,0.0,1068482.82
20160727,1088229.0143931592,9063.39,17.43,80.0,0.8,20.0,3658.0,漢微科,漢微科,1116970.6171604064,1170584.284754869,0.0,1067197.73
20160728,1092530.314845306,9076.64,17.26,80.0,0.8,20.0,3658.0,漢微科,漢微科,1118603.5448703887,1159167.2263263937,0.0,1055820.67
20160729,1103197.734782085,8984.41,17.14,80.0,0.8,20.0,3658.0,漢微科,漢微科,1107237.135610641,1151108.1262592345,0.0,1044661.94
20160801,1099903.3404295463,9080.71,17.32,80.0,0.8,20.0,3658.0,漢微科,漢微科,1119105.1309669642,1163196.776359973,-0.2986222912422181,1058020.56
20160802,1104905.4848201305,9068.76,17.32,80.0,0.8,20.0,3658.0,漢微科,漢微科,1117632.415032301,1163196.776359973,0.0,1056633.76
20160803,1104905.4848201305,9001.71,17.19,80.0,0.8,20.0,3658.0,漢微科,漢微科,1109369.1846206551,1154466.0846205507,0.0,1053291.97
20160804,1111397.669569268,9024.71,17.23,80.0,0.8,20.0,3658.0,漢微科,漢微科,1112203.70064553,1157152.4513096036,0.0,1061364.31
20160805,1114948.4010346525,9092.12,17.4,80.0,0.8,20.0,3658.0,漢微科,漢微科,1120511.2973949567,1168569.509738079,0.0,1075957.94
20160808,1114223.3656501872,9150.26,17.51,80.0,0.8,20.0,3658.0,漢微科,漢微科,1127676.460946531,1175957.018132975,-0.0650286043544426,1079186.49
20160809,1110126.95621765,9155.08,17.6,80.0,0.8,20.0,3658.0,漢微科,漢微科,1128270.476913483,1182001.3431833445,-0.4324365874266631,1074234.8
20160810,1104306.065810516,9200.42,17.65,80.0,0.8,20.0,3658.0,漢微科,漢微科,1133858.1706773017,1185359.3015446607,-0.954513698953274,1076261.93
20160811,1096764.310504413,9131.83,17.49,80.0,0.8,20.0,3658.0,漢微科,漢微科,1125405.1509318163,1174613.8347884484,-1.6309356122099252,1069967.84
20160812,1101638.8185510994,9150.39,17.55,80.0,0.8,20.0,3658.0,漢微科,漢微科,1127692.482124063,1178643.3848220282,-1.1937397704864017,1075617.5
20160815,1096957.2362629075,9148.51,17.59,80.0,0.8,20.0,3658.0,漢微科,漢微科,1127460.7912489865,1181329.7515110811,-1.613632052842021,1082323.38
20160816,1099972.212896774,9110.36,17.49,80.0,0.8,20.0,3658.0,漢微科,漢微科,1122759.1918425094,1174613.8347884484,-1.343218047039716,1080893.04
20160817,1094904.1560969849,9117.7,17.51,80.0,0.8,20.0,3658.0,漢微科,漢微科,1123663.772173926,1175957.018132975,-1.797773324672845,1074224.71
20160818,1094013.990116418,9122.5,17.48,80.0,0.8,20.0,3658.0,漢微科,漢微科,1124255.3233443345,1173942.2431161855,-1.877612533351982,1076859.26
20160819,1074476.595287631,9034.27,17.3,100.0,1.0,0.0,2439.0,美律,美律,1113381.8733932609,1161853.5930154466,-3.629926345422273,1062595.42
20160822,1020859.663830937,8981.81,17.18,100.0,1.0,0.0,2439.0,美律,美律,1106916.712060003,1153794.4929482874,-8.438842292289275,1053709.77
20160823,1045725.0614293234,9030.93,17.35,100.0,1.0,0.0,2439.0,美律,美律,1112970.2523705182,1165211.5513767628,-6.208658583759647,1062617.71
20160824,1032988.8385167284,9017.38,17.3,100.0,1.0,0.0,2439.0,美律,美律,1111300.3527123854,1161853.5930154466,-7.350973591411673,1062254.85
20160825,1046422.564580923,9115.47,17.5,100.0,1.0,0.0,2439.0,美律,美律,1123388.94735934,1175285.4264607118,-6.14609935223357,1072690.45
20160826,1059245.770152975,9131.72,17.52,100.0,1.0,0.0,2439.0,美律,美律,1125391.5945508278,1176628.6098052382,-4.99598284817359,1076070.05
20160829,1052076.2261733997,9110.17,17.51,100.0,1.0,0.0,2439.0,美律,美律,1122735.7762753477,1175957.018132975,-5.639021034776881,1069506.74
20160830,1059076.7942154915,9110.56,17.5,100.0,1.0,0.0,2439.0,美律,美律,1122783.839807943,1175285.4264607118,-5.011138342125309,1072245.74
20160831,1085138.026655603,9068.85,17.35,100.0,1.0,0.0,2439.0,美律,美律,1117643.5066167463,1165211.5513767628,-2.6736999085684854,1068576.22
20160901,1057265.1533097948,9001.15,17.26,100.0,1.0,0.0,2439.0,美律,美律,1109300.170317441,1159167.2263263937,-5.1736248665255165,1064458.32
20160902,1014566.8067265257,8987.55,17.29,80.0,0.8,20.0,2439.0,美律,美律,1107624.10866795,1161182.0013431832,-9.003250214536768,1037681.41
20160905,1032512.2246750388,9090.13,17.57,80.0,0.8,20.0,2439.0,美律,美律,1120266.0501388912,1179986.568166555,-7.393721205673216,1049651.77
20160906,1030604.632671618,9181.85,17.71,80.0,0.8,20.0,2439.0,美律,美律,1131569.607086783,1189388.8515782405,-7.564813607944981,1067426.81
20160907,1038861.0264618492,9259.07,17.96,80.0,0.8,20.0,2439.0,美律,美律,1141086.186540732,1206178.643384822,-6.824295590916601,1074045.69
20160908,1050349.4323767994,9262.89,17.9,80.0,0.8,20.0,2439.0,美律,美律,1141556.9626805156,1202149.093351242,-5.793897600813289,1073867.94
20160909,1047679.052463977,9164.88,17.6,80.0,0.8,20.0,2439.0,美律,美律,1129478.227219734,1182001.3431833445,-6.033404640811224,1060988.89
20160912,993716.4554366468,8947.06,17.21,80.0,0.8,20.0,2439.0,美律,美律,1102634.1280658988,1155809.2679650774,-10.873323418868912,1025337.76
20160913,995578.605705982,8940.83,17.21,80.0,0.8,20.0,2439.0,美律,美律,1101866.3439426392,1155809.2679650774,-10.706306697054064,1018579.91
20160914,982986.3071357878,8902.3,17.11,60.0,0.6,40.0,2439.0,美律,美律,1097117.9134018382,1149093.3512424447,-11.835713094561685,1013776.77
20160919,1004830.4472943608,9152.88,17.75,60.0,0.6,40.0,2439.0,美律,美律,1127999.3492937123,1192075.2182672934,-9.876506718885288,1048943.92
20160920,1012904.9776744049,9161.58,17.73,60.0,0.6,40.0,2439.0,美律,美律,1129071.5357900783,1190732.034922767,-9.152300076447755,1041039.07
20160921,1004873.132036458,9228.5,17.81,60.0,0.6,40.0,2439.0,美律,美律,1137318.745024192,1196104.768300873,-9.872678313727018,1049516.18
20160922,999489.883114834,9235.26,17.85,60.0,0.6,40.0,2439.0,美律,美律,1138151.846255851,1198791.134989926,-10.355503251332054,1044193.93
20160923,1045412.391257948,9284.62,17.98,60.0,0.6,40.0,2439.0,美律,美律,1144234.9641248863,1207521.8267293486,-6.236702049366237,1050138.69
20160926,1040163.45874954,9194.52,17.75,60.0,0.6,40.0,2439.0,美律,美律,1133131.0556970076,1192075.2182672934,-6.7074801143903375,1037469.34
20160927,1040163.45874954,,,60.0,0.6,40.0,2439.0,美律,美律,,,-6.7074801143903375,1050768.14
20160928,1040163.45874954,,,60.0,0.6,40.0,2439.0,美律,美律,,,-6.7074801143903375,1050768.14
20160929,1029630.1579014432,9270.9,17.98,60.0,0.6,40.0,2439.0,美律,美律,1142544.1136961349,1207521.8267293486,-7.65221449297879,1045550.71
20160930,1064098.4636165989,9166.85,17.74,60.0,0.6,40.0,2439.0,美律,美律,1129721.009679256,1191403.62659503,-4.560743561842464,1044202.08
20161003,1126387.1541697658,9234.2,17.86,60.0,0.6,40.0,2439.0,美律,美律,1138021.2120390525,1199462.7266621892,0.0,1054624.2
20161004,1120204.9859899178,9287.77,17.94,100.0,1.0,0.0,8464.0,億豐,億豐,1144623.169580467,1204835.4600402955,-0.5488493149946062,1056278.69
20161005,1115166.1139502083,9272.28,17.88,100.0,1.0,0.0,8464.0,億豐,億豐,1142714.1846576275,1200805.910006716,-0.9961974599957162,1053904.51
20161006,1118298.6823622524,9284.31,17.93,100.0,1.0,0.0,8464.0,億豐,億豐,1144196.759778464,1204163.8683680322,-0.7180898483767967,1057720.95
20161007,1107118.6688739238,9265.81,17.91,100.0,1.0,0.0,8464.0,億豐,億豐,1141916.8229758474,1202820.6850235057,-1.7106449789055254,1048909.52
20161011,1072150.382272461,9219.82,17.86,100.0,1.0,0.0,8464.0,億豐,億豐,1136249.0233243697,1199462.7266621892,-4.815109236333709,1042987.12
20161012,1096797.9129902993,9252.6,18.06,100.0,1.0,0.0,8464.0,億豐,億豐,1140288.824858952,1212894.560107455,-2.6269157163174532,1045292.94
20161013,1069420.2623365163,9219.17,17.93,100.0,1.0,0.0,8464.0,億豐,億豐,1136168.9174367103,1204163.8683680322,-5.05748770503677,1036202.68
20161014,1037887.121864903,9165.17,17.86,100.0,1.0,0.0,8464.0,億豐,億豐,1129513.966769613,1199462.7266621892,-7.856981676082244,1028307.9
20161017,1044947.8156666012,9176.22,17.86,100.0,1.0,0.0,8464.0,億豐,億豐,1130875.7668598243,1199462.7266621892,-7.23013736455399,1032443.39
20161018,1072644.9013080045,9222.58,17.99,100.0,1.0,0.0,8464.0,億豐,億豐,1136589.1652473544,1208193.4184016115,-4.771206122407679,1035846.9
20161019,1063529.6671630065,9283.99,18.09,100.0,1.0,0.0,8464.0,億豐,億豐,1144157.32303377,1214909.3351242444,-5.5804513371861315,1041170.83
20161020,1057871.6570159078,9317.24,18.16,100.0,1.0,0.0,8464.0,億豐,億豐,1148255.0472871216,1219610.4768300874,-6.082766205227115,1041568.86
20161021,1049456.2686432176,9306.57,18.15,100.0,1.0,0.0,8464.0,億豐,億豐,1146940.078331234,1218938.885157824,-6.829879517158746,1045624.73
20161024,1043878.9349775838,9322.5,18.18,40.0,0.4,60.0,,,,1148903.2887780278,1220953.6601746138,-7.325031973841789,1052057.24
20161025,1050607.7713180317,9385.65,18.35,40.0,0.4,60.0,,,,1156685.8838637164,1232370.7186030897,-6.727649775763761,1061881.33
20161026,1053296.012861703,9362.25,18.25,40.0,0.4,60.0,,,,1153802.0719079743,1225654.8018804567,-6.488989246502595,1062052.83
20161027,1053994.2204459864,9299.55,18.15,40.0,0.4,60.0,,,,1146074.9347445115,1218938.885157824,-6.427002781040998,1057785.48
20161028,1045727.5991091552,9306.92,18.15,40.0,0.4,60.0,,,,1146983.212270743,1218938.885157824,-7.160908641581851,1050372.49
20161031,1034871.9872271764,9290.12,18.15,40.0,0.4,60.0,,,,1144912.783174313,1218938.885157824,-8.124663585145637,1047701.2
20161101,1032470.9573951385,9272.7,18.15,40.0,0.4,60.0,,,,1142765.9453850384,1218938.885157824,-8.337825624782697,1046578.17
20161102,1006345.8063001196,9139.04,17.94,20.0,0.2,80.0,,,,1126293.7100857012,1204835.4600402955,-10.657201427170572,1026668.96
20161103,1003897.2763577836,9067.27,17.8,20.0,0.2,80.0,,,,1117448.7876898202,1195433.1766286097,-10.874580499123926,1009048.31
20161104,1002166.4189847528,9068.15,17.75,20.0,0.2,80.0,,,,1117557.2387377284,1192075.2182672934,-11.028245015504751,1010078.49
20161107,1013121.7785960148,9189.84,18.0,20.0,0.2,80.0,,,,1132554.293305859,1208865.010073875,-10.055634526233243,1020701.09
20161108,1013360.440970242,9217.43,18.09,20.0,0.2,80.0,,,,1135954.480137437,1214909.3351242444,-10.034446218701158,1018264.2
20161109,1003822.930937581,8943.2,17.5,20.0,0.2,80.0,,,,1102158.4223330286,1175285.4264607118,-10.881180842525149,977114.19
20161110,1010019.3687828748,9152.18,18.0,20.0,0.2,80.0,,,,1127913.081414695,1208865.010073875,-10.33106467488641,1010484.78
20161111,1008809.7647484044,8957.76,17.51,20.0,0.2,80.0,,,,1103952.7942166014,1175957.018132975,-10.43845262138355,986629.58
20161114,998600.1237557698,8940.4,17.52,20.0,0.2,80.0,,,,1101813.3508169567,1176628.6098052382,-11.344858643046658,983722.28
20161115,1003922.6117250264,8931.03,17.48,20.0,0.2,80.0,,,,1100658.5936363884,1173942.2431161855,-10.872331239875074,977177.19
20161116,1003335.3169971674,8962.22,17.5,0.0,0.0,100.0,,,,1104502.4438457729,1175285.4264607118,-10.924470926099742,981629.98
20161117,1003335.3169971674,8995.26,17.55,0.0,0.0,100.0,,,,1108574.2877354189,1178643.3848220282,-10.924470926099742,989805.76
20161118,1003335.3169971674,9008.79,17.6,0.0,0.0,100.0,,,,1110241.7225970083,1182001.3431833445,-10.924470926099742,999961.02
20161121,1003335.3169971674,9041.11,17.63,0.0,0.0,100.0,,,,1114224.8338110931,1184016.1182001345,-10.924470926099742,1002469.02
20161122,1003335.3169971674,9133.39,17.86,0.0,0.0,100.0,,,,1125597.405062199,1199462.7266621892,-10.924470926099742,1011875.33
20161123,1003335.3169971674,9178.23,17.95,0.0,0.0,100.0,,,,1131123.4789124331,1205507.0517125586,-10.924470926099742,1014501.81
20161124,1003335.3169971674,9152.11,17.85,0.0,0.0,100.0,,,,1127904.4546267928,1198791.134989926,-10.924470926099742,1011710.76
20161125,1003335.3169971674,9159.07,17.84,0.0,0.0,100.0,,,,1128762.2038238854,1198119.5433176628,-10.924470926099742,1013458.29
20161128,1003335.3169971674,9222.24,17.94,0.0,0.0,100.0,,,,1136547.2637061174,1204835.4600402955,-10.924470926099742,1020917.18
20161129,1003335.3169971674,9192.38,17.91,0.0,0.0,100.0,,,,1132867.3224668668,1202820.6850235057,-10.924470926099742,1016380.91
20161130,1003335.3169971674,9240.71,17.93,0.0,0.0,100.0,,,,1138823.5033139188,1204163.8683680322,-10.924470926099742,1012610.27
20161201,1003335.3169971674,9263.53,18.0,0.0,0.0,100.0,,,,1141635.8361699034,1208865.010073875,-10.924470926099742,1017027.73
20161202,1003335.3169971674,9189.49,17.8,0.0,0.0,100.0,,,,1132511.15936635,1195433.1766286097,-10.924470926099742,1004677.63
20161205,1003335.3169971674,9160.66,17.77,0.0,0.0,100.0,,,,1128958.1551490834,1193418.40161182,-10.924470926099742,1008152.71
20161206,1003335.3169971674,9250.77,18.0,0.0,0.0,100.0,,,,1140063.2959752337,1208865.010073875,-10.924470926099742,1020573.62
20161207,1003335.3169971674,9263.89,18.0,0.0,0.0,100.0,,,,1141680.202507684,1208865.010073875,-10.924470926099742,1023553.64
20161208,1003335.3169971674,9375.86,18.23,0.0,0.0,100.0,,,,1155479.3659557372,1224311.6185359303,-10.924470926099742,1032671.67
20161209,1003335.3169971674,9392.68,18.29,0.0,0.0,100.0,,,,1157552.2598487106,1228341.1685695096,-10.924470926099742,1032978.2
20161212,1003335.3169971674,9349.94,18.21,0.0,0.0,100.0,,,,1152284.9896355304,1222968.4351914036,-10.924470926099742,1025442.24
20161213,1003335.3169971674,9382.14,18.24,0.0,0.0,100.0,,,,1156253.312070355,1224983.2102081932,-10.924470926099742,1028128.97
20161214,1003335.3169971674,9368.52,18.27,0.0,0.0,100.0,,,,1154574.7856243206,1226997.985224983,-10.924470926099742,1026275.7
20161215,1003335.3169971674,9360.35,18.25,0.0,0.0,100.0,,,,1153567.9162363545,1225654.8018804567,-10.924470926099742,1032216.0
20161216,1003335.3169971674,9326.78,18.07,0.0,0.0,100.0,,,,1149430.755238309,1213566.1517797178,-10.924470926099742,1029033.75
20161219,1003335.3169971674,9239.32,17.96,0.0,0.0,100.0,,,,1138652.199954155,1206178.643384822,-10.924470926099742,1016008.72
20161220,1003335.3169971674,9242.41,17.94,0.0,0.0,100.0,,,,1139033.011020105,1204835.4600402955,-10.924470926099742,1012842.37
20161221,1003335.3169971674,9204.26,17.93,0.0,0.0,100.0,,,,1134331.4116136285,1204163.8683680322,-10.924470926099742,1011110.9
20161222,1003335.3169971674,9118.75,17.7,0.0,0.0,100.0,,,,1123793.173992453,1188717.259905977,-10.924470926099742,1003433.0
20161223,1003335.3169971674,9078.64,17.64,0.0,0.0,100.0,,,,1118850.0245247255,1184687.7098723976,-10.924470926099742,996602.56
20161226,1003335.3169971674,9110.54,17.7,0.0,0.0,100.0,,,,1122781.3750114,1188717.259905977,-10.924470926099742,1000135.56
20161227,1003335.3169971674,9109.27,17.69,0.0,0.0,100.0,,,,1122624.8604308958,1188045.6682337138,-10.924470926099742,1000372.77
20161228,1003335.3169971674,9201.4,17.9,0.0,0.0,100.0,,,,1133978.9457079263,1202149.093351242,-10.924470926099742,1007279.2
20161229,1003335.3169971674,9153.09,17.81,0.0,0.0,100.0,,,,1128025.229657418,1196104.768300873,-10.924470926099742,1001624.59
20161230,1003335.3169971674,9253.5,17.95,0.0,0.0,100.0,,,,1140399.7407034035,1205507.0517125586,-10.924470926099742,1010497.24
20170103,1003335.3169971674,9272.88,17.98,0.0,0.0,100.0,,,,1142788.1285539283,1207521.8267293486,-10.924470926099742,1016578.39
20170104,1003335.3169971674,9286.96,17.96,0.0,0.0,100.0,,,,1144523.3453204604,1206178.643384822,-10.924470926099742,1018544.44
20170105,1003335.3169971674,9358.14,18.13,0.0,0.0,100.0,,,,1153295.556218312,1217595.701813297,-10.924470926099742,1028338.96
20170106,1003335.3169971674,9372.22,18.16,0.0,0.0,100.0,,,,1155030.772984844,1219610.4768300874,-10.924470926099742,1030397.13
20170109,1003335.3169971674,9342.42,18.11,0.0,0.0,100.0,,,,1151358.2261352236,1216252.518468771,-10.924470926099742,1022603.66
20170110,1003335.3169971674,9349.64,18.1,0.0,0.0,100.0,,,,1152248.0176873798,1215580.9267965078,-10.924470926099742,1025217.11
20170111,1003335.3169971674,9345.74,18.1,0.0,0.0,100.0,,,,1151767.382361423,1215580.9267965078,-10.924470926099742,1024355.53
20170112,1003335.3169971674,9410.18,18.29,0.0,0.0,100.0,,,,1159708.956824159,1228341.1685695096,-10.924470926099742,1026620.28
20170113,1003335.3169971674,9378.83,18.15,0.0,0.0,100.0,,,,1155845.3882424275,1218938.885157824,-10.924470926099742,1026071.86
20170116,1003335.3169971674,9292.33,18.0,0.0,0.0,100.0,,,,1145185.1431923553,1208865.010073875,-10.924470926099742,1020794.05
20170117,1003335.3169971674,9354.53,18.07,0.0,0.0,100.0,,,,1152850.660442234,1213566.1517797178,-10.924470926099742,1030219.83
20170118,1003335.3169971674,9341.97,18.04,0.0,0.0,100.0,,,,1151302.7682129978,1211551.376762928,-10.924470926099742,1029349.47
20170119,1003335.3169971674,9318.12,17.99,0.0,0.0,100.0,,,,1148363.49833503,1208193.4184016115,-10.924470926099742,1027986.88
20170120,1003335.3169971674,9331.46,18.04,0.0,0.0,100.0,,,,1150007.5176294572,1211551.376762928,-10.924470926099742,1027708.12
20170123,1003335.3169971674,9424.05,18.19,0.0,0.0,100.0,,,,1161418.2932269855,1221625.2518468772,-10.924470926099742,1034684.96
20170124,1003335.3169971674,9447.95,18.32,0.0,0.0,100.0,,,,1164363.725096312,1230355.9435862994,-10.924470926099742,1037228.79
20170202,1003335.3169971674,9428.97,18.23,0.0,0.0,100.0,,,,1162024.6331766543,1224311.6185359303,-10.924470926099742,1033237.13
20170203,1003335.3169971674,9455.56,18.21,0.0,0.0,100.0,,,,1165301.580181064,1222968.4351914036,-10.924470926099742,1036153.73
20170206,1003335.3169971674,9538.01,18.31,0.0,0.0,100.0,,,,1175462.7039311042,1229684.351914036,-10.924470926099742,1044507.42
20170207,1003335.3169971674,9554.56,18.32,0.0,0.0,100.0,,,,1177502.323070742,1230355.9435862994,-10.924470926099742,1047445.37
20170208,1003335.3169971674,9543.25,17.94,0.0,0.0,100.0,,,,1176108.480625467,1204835.4600402955,-10.924470926099742,1039998.9
20170209,1003335.3169971674,9590.18,18.0,0.0,0.0,100.0,,,,1181892.125714483,1208865.010073875,-10.924470926099742,1048053.89
20170210,1003335.3169971674,9665.59,18.2,0.0,0.0,100.0,,,,1191185.6410812568,1222296.8435191405,-10.924470926099742,1059535.12
20170213,1003335.3169971674,9710.32,18.24,0.0,0.0,100.0,,,,1196698.1585505025,1224983.2102081932,-10.924470926099742,1061780.91
20170214,1003335.3169971674,9718.78,18.3,0.0,0.0,100.0,,,,1197740.7674883478,1229012.760241773,-10.924470926099742,1058955.41
20170215,1003335.3169971674,9799.76,18.48,0.0,0.0,100.0,,,,1207720.72869245,1241101.4103425115,-10.924470926099742,1070747.58
20170216,1003335.3169971674,9771.25,18.36,0.0,0.0,100.0,,,,1204207.161219877,1233042.3102753526,-10.924470926099742,1065799.68
20170217,1058817.9880990332,9759.76,18.34,100.0,1.0,0.0,3406.0,玉晶光,玉晶光,1202791.1356057115,1231699.126930826,-5.998751479062828,1063226.91
20170220,1043799.2121112976,9753.2,18.27,100.0,1.0,0.0,3406.0,玉晶光,玉晶光,1201982.6823394864,1226997.985224983,-7.332109723795805,1058619.1
20170221,988488.7811035964,9763.93,18.31,100.0,1.0,0.0,3406.0,玉晶光,玉晶光,1203305.0456850035,1229684.351914036,-12.242537794903305,1063550.22
20170222,978212.229690204,9778.78,18.32,100.0,1.0,0.0,3406.0,玉晶光,玉晶光,1205135.1571184555,1230355.9435862994,-13.15488408501766,1065098.07
20170223,947656.6148027044,9769.31,18.27,100.0,1.0,0.0,3406.0,玉晶光,玉晶光,1203968.07595517,1226997.985224983,-15.867593900145232,1061133.77
20170224,986158.3904640228,9750.47,18.29,100.0,1.0,0.0,3406.0,玉晶光,玉晶光,1201646.237611316,1228341.1685695096,-12.449428527893897,1057361.3
20170301,916612.229993132,9674.78,18.09,100.0,1.0,0.0,3406.0,玉晶光,玉晶光,1192318.2150929351,1214909.3351242444,-18.623696426230467,1048726.05
20170302,926140.0072528562,9691.8,18.14,100.0,1.0,0.0,3406.0,玉晶光,玉晶光,1194415.7569513423,1218267.2934855607,-17.777825872358,1052953.45
20170303,907625.0952072258,9648.21,18.02,100.0,1.0,0.0,3406.0,玉晶光,玉晶光,1189043.732885069,1210208.1934184015,-19.421569054006525,1050621.81
20170306,944887.0350108488,9682.63,18.04,100.0,1.0,0.0,3406.0,玉晶光,玉晶光,1193285.6477362076,1211551.376762928,-16.11347559203093,1055157.57
20170307,940522.1344666258,9738.07,18.11,100.0,1.0,0.0,3406.0,玉晶光,玉晶光,1200118.0637544272,1216252.518468771,-16.50098893751473,1059461.96
20170308,954833.1635447124,9753.45,18.21,100.0,1.0,0.0,3406.0,玉晶光,玉晶光,1202013.4922962785,1222968.4351914036,-15.23046405403139,1056383.93
20170309,947995.431309982,9658.61,18.01,100.0,1.0,0.0,3406.0,玉晶光,玉晶光,1190325.427087621,1209536.6017461384,-15.837513966614114,1047049.96
20170310,1010577.3853468364,9627.89,18.0,100.0,1.0,0.0,3406.0,玉晶光,玉晶光,1186539.4995970055,1208865.010073875,-10.28152428711691,1046349.05
20170313,1058359.103789905,9697.34,18.13,100.0,1.0,0.0,3406.0,玉晶光,玉晶光,1195098.5055938556,1217595.701813297,-6.039490962590265,1052466.78
20170314,1061028.5896790032,9744.21,18.25,100.0,1.0,0.0,3406.0,玉晶光,玉晶光,1200874.7562932416,1225654.8018804567,-5.802495549493091,1058158.04
20170315,1071232.1008015943,9740.31,18.21,100.0,1.0,0.0,3406.0,玉晶光,玉晶光,1200394.1209672843,1222968.4351914036,-4.896633734146673,1056871.67
20170316,1098244.183513655,9837.83,18.45,100.0,1.0,0.0,3406.0,玉晶光,玉晶光,1212412.4689127535,1239086.635325722,-2.498516655834377,1067271.89
20170317,1135467.08620132,9908.69,18.5,100.0,1.0,0.0,3406.0,玉晶光,玉晶光,1221145.243065911,1242444.5936870384,0.0,1075764.81
20170320,1099746.126061498,9912.97,18.49,100.0,1.0,0.0,3406.0,玉晶光,玉晶光,1221672.7095261922,1241773.0020147748,-3.145926515521085,1078648.9
20170321,1144226.3910256445,9972.49,18.73,100.0,1.0,0.0,3406.0,玉晶光,玉晶光,1229007.944039259,1257891.2021490934,0.0,1083005.75
20170322,1226903.0660223097,9922.66,18.55,100.0,1.0,0.0,3406.0,玉晶光,玉晶光,1222866.9034514546,1245802.5520483546,0.0,1077886.09
20170323,1209409.599947843,9930.74,18.59,100.0,1.0,0.0,3406.0,玉晶光,玉晶光,1223862.6812549755,1248488.9187374075,-1.425822997670185,1080586.68
20170324,1230108.6420655895,9902.98,18.56,100.0,1.0,0.0,3406.0,玉晶光,玉晶光,1220441.5436527792,1246474.1437206178,0.0,1080851.97
20170327,1229616.3674663273,9876.77,18.55,100.0,1.0,0.0,3406.0,玉晶光,玉晶光,1217211.4277826936,1245802.5520483546,-0.0400187904082729,1078159.18
20170328,1207473.9508046613,9876.45,18.56,100.0,1.0,0.0,3406.0,玉晶光,玉晶光,1217171.991038,1246474.1437206178,-1.8400562752668967,1075089.69
20170329,1285609.670537624,9856.25,18.5,100.0,1.0,0.0,3406.0,玉晶光,玉晶光,1214682.546529197,1242444.5936870384,0.0,1076533.67
20170330,1380420.6194837638,9848.15,18.48,100.0,1.0,0.0,3406.0,玉晶光,玉晶光,1213684.3039291322,1241101.4103425115,0.0,1073942.69
20170331,1351176.3232288244,9811.52,18.43,100.0,1.0,0.0,3406.0,玉晶光,玉晶光,1209170.0290599512,1237743.4519811957,-2.118506188778598,1074004.2
20170405,1359319.340536262,9949.48,18.66,100.0,1.0,0.0,3406.0,玉晶光,玉晶光,1226172.1956161128,1253190.0604432505,-1.5286122685847128,1086809.68
20170406,1296397.4704706764,9897.8,18.6,100.0,1.0,0.0,3406.0,玉晶光,玉晶光,1219803.1613480465,1249160.510409671,-6.08677875621052,1073390.76
20170407,1326819.4354190028,9873.37,18.52,100.0,1.0,0.0,3406.0,玉晶光,玉晶光,1216792.4123703209,1243787.7770315646,-3.88296025922927,1075908.66
20170410,1406759.6074568965,9882.54,18.55,100.0,1.0,0.0,3406.0,玉晶光,玉晶光,1217922.521585456,1245802.5520483546,0.0,1083900.83
20170411,1361606.0437237218,9832.42,18.48,100.0,1.0,0.0,3406.0,玉晶光,玉晶光,1211745.741447772,1241101.4103425115,-3.209756911829601,1067909.52
20170412,1409853.2905572029,9817.68,18.51,100.0,1.0,0.0,3406.0,玉晶光,玉晶光,1209929.186395309,1243116.1853593015,0.0,1074060.55
20170413,1376818.4264019085,9836.68,18.6,100.0,1.0,0.0,3406.0,玉晶光,玉晶光,1212270.7431115098,1249160.510409671,-2.343141969207204,1069377.47
20170414,1349643.2176901174,9732.93,18.39,100.0,1.0,0.0,3406.0,玉晶光,玉晶光,1199484.6110427815,1235057.0852921424,-4.270662293045343,1057935.4
20170417,1328176.5569761398,9716.4,18.4,100.0,1.0,0.0,3406.0,玉晶光,玉晶光,1197447.4566996866,1235728.6769644057,-5.793278926829528,1049592.98
20170418,1384683.309522479,9746.56,18.4,100.0,1.0,0.0,3406.0,玉晶光,玉晶光,1201164.3698870875,1235728.6769644057,-1.7852907960924158,1064617.84
20170419,1353374.1513610808,9639.94,18.2,100.0,1.0,0.0,3406.0,玉晶光,玉晶光,1188024.539514386,1222296.8435191405,-4.0060295333140905,1050313.99
20170420,1329834.4115593531,9632.69,18.2,100.0,1.0,0.0,3406.0,玉晶光,玉晶光,1187131.0507674145,1222296.8435191405,-5.675688352383436,1051673.28
20170421,1342513.4448055231,9717.41,18.38,100.0,1.0,0.0,3406.0,玉晶光,玉晶光,1197571.9289251268,1234385.493619879,-4.776372563209442,1061247.87
20170424,1344300.904508527,9717.95,18.41,100.0,1.0,0.0,3406.0,玉晶光,玉晶光,1197638.478431798,1236400.2686366688,-4.6495891797910645,1052380.37
20170425,1464320.554730212,9841.71,18.59,100.0,1.0,0.0,3406.0,玉晶光,玉晶光,1212890.639442167,1248488.9187374075,0.0,1084379.23
20170426,1545393.319140651,9856.45,18.64,100.0,1.0,0.0,3406.0,玉晶光,玉晶光,1214707.194494631,1251846.8770987238,0.0,1102454.34
20170427,1526667.9766532006,9860.62,18.63,100.0,1.0,0.0,3406.0,玉晶光,玉晶光,1215221.104573923,1251175.285426461,-1.2116878114798038,1110332.27
20170428,1510870.330393589,9872.0,18.64,100.0,1.0,0.0,3406.0,玉晶光,玉晶光,1216623.5738071,1251846.8770987238,-2.2339289499620185,1101231.43
20170502,1552582.6948878954,9941.27,18.8,100.0,1.0,0.0,3406.0,玉晶光,玉晶光,1225160.3966350595,1262592.3438549363,0.0,1113574.64
20170503,1480203.54009347,9955.33,18.89,100.0,1.0,0.0,3406.0,玉晶光,玉晶光,1226893.1486050482,1268636.6689053054,-4.661855051762727,1102105.84
20170504,1496515.8164721008,9967.64,18.91,100.0,1.0,0.0,3406.0,玉晶光,玉晶光,1228410.230877492,1269979.852249832,-3.611200781794293,1111231.12
20170505,1465459.2600601315,9899.94,18.79,100.0,1.0,0.0,3406.0,玉晶光,玉晶光,1220066.8945781873,1261920.7521826727,-5.61151654688864,1094918.13
20170508,1509553.4439688262,9937.25,18.93,100.0,1.0,0.0,3406.0,玉晶光,玉晶光,1224664.9725298423,1271323.0355943586,-2.7714627414532726,1102072.43
20170509,1548740.0773138674,9915.48,18.99,100.0,1.0,0.0,3406.0,玉晶光,玉晶光,1221982.041492385,1275352.585627938,-0.2474984158125908,1098162.2
20170510,1548461.7608372506,9968.32,19.06,100.0,1.0,0.0,3406.0,玉晶光,玉晶光,1228494.0339599669,1280053.7273337808,-0.2654244481929061,1107607.05
20170511,1553123.816052476,10001.48,19.13,100.0,1.0,0.0,3406.0,玉晶光,玉晶光,1232580.666628873,1284754.8690396238,0.0,1111493.0
20170512,1499244.5548564352,9986.82,19.07,100.0,1.0,0.0,3406.0,玉晶光,玉晶光,1230773.9707625834,1280725.3190060444,-3.4690898844745,1108070.96
20170515,1552911.7705633806,10036.82,19.13,100.0,1.0,0.0,3406.0,玉晶光,玉晶光,1236935.9621210068,1284754.8690396238,-0.0136528386792968,1125097.29
20170516,1527286.4460087465,10031.49,19.13,100.0,1.0,0.0,3406.0,玉晶光,玉晶光,1236279.0938421988,1284754.8690396238,-1.6635743896709836,1115109.02
20170517,1527385.9384812345,10013.67,19.07,100.0,1.0,0.0,3406.0,玉晶光,玉晶光,1234082.9601220563,1280725.3190060444,-1.6571684308246966,1114865.86
20170518,1511695.6339272703,9969.45,18.98,100.0,1.0,0.0,3406.0,玉晶光,玉晶光,1228633.2949646672,1274680.9939556748,-2.6674101380083184,1113653.18
20170519,1491386.350366404,9947.62,18.96,100.0,1.0,0.0,2439.0,美律,美律,1225942.9695375797,1273337.8106111484,-3.975051122645714,1109816.51
20170522,1533089.2252956606,9997.26,19.01,100.0,1.0,0.0,2439.0,美律,美律,1232060.5945582222,1276695.7689724648,-1.2899545129464731,1117637.16
20170523,1519103.3049366532,10007.84,19.09,100.0,1.0,0.0,2439.0,美律,美律,1233364.4719296645,1282068.5023505709,-2.1904571138630486,1116481.89
20170524,1547318.31765754,10044.42,19.07,100.0,1.0,0.0,2439.0,美律,美律,1237872.584807487,1280725.3190060444,-0.3737949502114864,1123285.35
20170525,1512547.5541115538,10108.49,19.25,100.0,1.0,0.0,2439.0,美律,美律,1245768.5605341706,1292813.969106783,-2.61255809237756,1126069.02
20170526,1446155.8903470703,10101.95,19.24,100.0,1.0,0.0,2439.0,美律,美律,1244962.5720644891,1292142.3774345198,-6.887276120540249,1116613.25
20170531,1455928.080652545,10040.72,19.13,100.0,1.0,0.0,2439.0,美律,美律,1237416.5974469634,1284754.8690396238,-6.2580802892437895,1105399.96
20170601,1474253.2163898952,10087.42,19.23,100.0,1.0,0.0,2439.0,美律,美律,1243171.897375731,1291470.7857622565,-5.078191374532108,1116130.76
20170602,1491519.3043256633,10152.53,19.3,100.0,1.0,0.0,2439.0,美律,美律,1251196.04252267,1296171.9274680994,-3.966490700232186,1131325.68
20170605,1528247.9520911314,10226.84,19.5,100.0,1.0,0.0,2439.0,美律,美律,1260353.9940795586,1309603.7609133646,-1.601666506188203,1151603.24
20170606,1517785.3023447313,10206.18,19.49,100.0,1.0,0.0,2439.0,美律,美律,1257807.8592502582,1308932.1692411012,-2.2753185124392337,1152954.81
20170607,1516901.869212352,10209.99,19.49,100.0,1.0,0.0,2439.0,美律,美律,1258277.40299177,1308932.1692411012,-2.3321995623110143,1152972.94
20170608,1537321.1739051596,10225.78,19.56,100.0,1.0,0.0,2439.0,美律,美律,1260223.3598627602,1313633.310946944,-1.0174747166958926,1160236.22
20170609,1528335.3652603035,10199.65,19.5,100.0,1.0,0.0,2439.0,美律,美律,1257003.103178848,1309603.7609133646,-1.5960382897981986,1154331.01
20170612,1516390.7441355465,10109.96,19.29,100.0,1.0,0.0,2439.0,美律,美律,1245949.7230801082,1295500.335795836,-2.365109049083603,1150477.97
20170613,1508745.102763598,10128.15,19.31,100.0,1.0,0.0,2439.0,美律,美律,1248191.4555363026,1296843.5191403625,-2.857384120325563,1144583.71
20170614,1475493.9388468435,10072.46,19.21,100.0,1.0,0.0,2439.0,美律,美律,1241328.2295612907,1290127.60241773,-4.998305763087306,1133582.13
20170615,1501319.6540736454,10088.35,19.23,100.0,1.0,0.0,2439.0,美律,美律,1243286.5104149978,1291470.7857622565,-3.3354817847362312,1139596.14
20170616,1548461.9306475294,10156.73,19.43,100.0,1.0,0.0,2439.0,美律,美律,1251713.6497967774,1304902.6192075217,-0.3001618645444171,1151514.0
20170619,1566519.41719055,10250.6,19.64,100.0,1.0,0.0,2439.0,美律,美律,1263282.172373081,1319006.0443250504,0.0,1161618.8
20170620,1566289.6046995851,10324.46,19.86,100.0,1.0,0.0,2439.0,美律,美律,1272384.666007744,1333781.061114842,-0.0146702612455916,1166818.77
20170621,1575076.4288198734,10349.72,19.89,100.0,1.0,0.0,2439.0,美律,美律,1275497.7040420198,1335795.836131632,0.0,1174955.98
20170622,1564364.8832163378,10399.06,19.94,100.0,1.0,0.0,2439.0,美律,美律,1281578.3571145118,1339153.7944929483,-0.6800651325574869,1179234.92
20170623,1555748.1235167978,10377.7,19.93,100.0,1.0,0.0,2439.0,美律,美律,1278945.9544061937,1338482.2028206848,-1.2271344392828814,1175078.62
20170626,1593090.715822714,10513.96,20.35,100.0,1.0,0.0,2439.0,美律,美律,1295738.6132561686,1366689.053055742,0.0,1194735.85
20170627,1597257.331395593,10512.06,20.32,100.0,1.0,0.0,2439.0,美律,美律,1295504.4575845487,1364674.2780389525,0.0,1196148.94
20170628,1581444.2866446425,10390.55,20.14,100.0,1.0,0.0,2439.0,美律,美律,1280529.5861853082,1352585.6279382135,-0.9900123442935768,1185924.21
20170629,1583715.6417371123,10421.65,20.16,100.0,1.0,0.0,2439.0,美律,美律,1284362.3448102474,1353928.8112827402,-0.847808890421464,1183827.32
20170630,1571475.125702358,10395.07,20.1,100.0,1.0,0.0,2439.0,美律,美律,1281086.6302041097,1349899.2612491604,-1.6141547881147067,1179643.18
20170703,1569779.4009710294,10412.79,20.11,100.0,1.0,0.0,2439.0,美律,美律,1283270.439941535,1350570.8529214235,-1.7203195680782963,1173117.05
20170704,1517821.1220697763,10347.78,20.0,100.0,1.0,0.0,3481.0,群創,群創,1275258.6187773133,1343183.3445265277,-4.973288133629029,1165014.34
20170705,1543906.466594768,10404.79,20.19,100.0,1.0,0.0,3481.0,群創,群創,1282284.5213241873,1355943.58629953,-3.340154635835044,1168478.15
20170706,1530942.5247685013,10368.2,20.1,100.0,1.0,0.0,3481.0,群創,群創,1277775.176048093,1349899.2612491604,-4.151792283160134,1175677.07
20170707,1492296.5499823045,10297.25,19.99,100.0,1.0,0.0,3481.0,群創,群創,1269031.3103104904,1342511.7528542646,-6.57131317228513,1164697.75
20170710,1498664.3430688344,10289.91,20.09,100.0,1.0,0.0,3481.0,群創,群創,1268126.7299790736,1349227.6695768973,-6.172642716287528,1167187.27
20170711,1526703.6088069642,10415.57,20.39,100.0,1.0,0.0,3481.0,群創,群創,1283613.046661063,1369375.4197447952,-4.417179448910898,1183388.55
20170712,1548861.158038107,10420.68,20.39,100.0,1.0,0.0,3481.0,群創,群創,1284242.8021778942,1369375.4197447952,-3.0299546858363886,1202218.36
20170713,1520199.8100293104,10460.15,20.55,100.0,1.0,0.0,3481.0,群創,群創,1289107.0781562335,1380120.8865010072,-4.824364856660517,1203320.56
20170714,1520094.1107025906,10443.91,20.51,100.0,1.0,0.0,3481.0,群創,群創,1287105.6633630176,1377434.5198119543,-4.830982408174743,1203615.32
20170717,1511915.1611060854,10457.54,20.55,100.0,1.0,0.0,3481.0,群創,群創,1288785.422207324,1380120.8865010072,-5.343044518377039,1204296.9
20170718,1556921.4424425163,10481.26,20.6,100.0,1.0,0.0,3481.0,群創,群創,1291708.6709077598,1383478.8448623235,-2.525321885223933,1214381.68
20170719,1553336.4007493244,10506.1,20.68,100.0,1.0,0.0,3481.0,群創,群創,1294769.9482146243,1388851.5782404295,-2.7497717357724087,1220898.04
20170720,1490651.4207451898,10499.36,20.66,100.0,1.0,0.0,3481.0,群創,群創,1293939.3117795093,1387508.3948959033,-6.674310303979449,1212217.24
20170721,1481932.6245784345,10436.7,20.52,100.0,1.0,0.0,3481.0,群創,群創,1286217.104209133,1378106.1114842177,-7.220170760862578,1204523.3
20170724,1496147.6535225487,10461.28,20.57,100.0,1.0,0.0,3481.0,群創,群創,1289246.339160934,1381464.069845534,-6.330205902683218,1207734.3
20170725,1515334.8255383829,10463.15,20.61,100.0,1.0,0.0,3481.0,群創,群創,1289476.7976377388,1384150.4365345868,-5.128948494832131,1218749.6
20170726,1478783.3432876235,10419.11,20.54,100.0,1.0,0.0,3481.0,群創,群創,1284049.3156492398,1379449.294828744,-7.417338820692947,1222223.35
20170727,1504386.8969682097,10508.37,20.75,100.0,1.0,0.0,3481.0,群創,群創,1295049.7026222972,1393552.719946273,-5.8143689562056,1233116.73
20170728,1471610.3407136167,10423.05,20.52,100.0,1.0,0.0,3481.0,群創,群創,1284534.8805682834,1378106.1114842177,-7.866421284301952,1216579.31
20170731,1475756.758097235,10427.33,20.34,80.0,0.8,20.0,3481.0,群創,群創,1285062.3470285644,1366017.4613834787,-7.60682520656816,1218203.18
20170801,1468086.1579986506,10437.29,20.45,80.0,0.8,20.0,3481.0,群創,群創,1286289.8157071625,1373404.9697783743,-8.087060917358881,1223205.5
20170802,1470414.9170686996,10519.27,20.63,80.0,0.8,20.0,3481.0,群創,群創,1296393.0167384334,1385493.6198791135,-7.941263554324442,1239319.61
20170803,1451570.9598812268,10469.88,20.55,20.0,0.2,80.0,,,,1290306.2016745824,1380120.8865010072,-9.121033201774305,1234018.51
20170804,1443276.2686819057,10506.56,20.59,20.0,0.2,80.0,,,,1294826.638535122,1382807.2531900604,-9.640341583478447,1249622.67
20170807,1455162.0732475212,10579.38,20.74,20.0,0.2,80.0,,,,1303800.9627495296,1392881.128274009,-8.896203220048271,1274248.46
20170808,1451873.571387075,10568.97,20.73,20.0,0.2,80.0,,,,1302518.036148706,1392209.5366017462,-9.102087506556632,1259634.07
20170809,1443577.150979149,10470.38,20.54,20.0,0.2,80.0,,,,1290367.821588167,1379449.294828744,-9.621504149376296,1243882.67
20170810,1437633.0097692348,10329.74,20.4,20.0,0.2,80.0,,,,1273035.3722951938,1370047.0114170583,-9.99365089699651,1216421.25
20170811,1444540.55576212,10329.57,20.31,20.0,0.2,80.0,,,,1273014.4215245752,1364002.686366689,-9.561187958363458,1232467.83
20170814,1432679.225685481,10225.28,20.19,20.0,0.2,80.0,,,,1260161.739949176,1355943.58629953,-10.303794039643757,1213651.34
20170815,1431841.108338455,10311.16,20.32,0.0,0.0,100.0,,,,1270745.5763064036,1364674.2780389525,-10.356266320130564,1224860.02
20170816,1431841.108338455,10290.39,20.25,0.0,0.0,100.0,,,,1268185.8850961148,1359973.136333109,-10.356266320130564,1227101.59
20170817,1431841.108338455,10369.37,20.41,0.0,0.0,100.0,,,,1277919.3666458805,1370718.6030893216,-10.356266320130564,1248628.34
20170818,1431841.108338455,10321.33,20.29,0.0,0.0,100.0,,,,1271998.925348707,1362659.5030221625,-10.356266320130564,1244869.66
20170821,1431841.108338455,10326.39,20.26,0.0,0.0,100.0,,,,1272622.518874179,1360644.728005373,-10.356266320130564,1247362.83
20170822,1431841.108338455,10392.07,20.46,0.0,0.0,100.0,,,,1280716.9107226045,1374076.561450638,-10.356266320130564,1270572.31
20170823,1431841.108338455,10406.81,20.44,0.0,0.0,100.0,,,,1282533.4657750677,1372733.3781061114,-10.356266320130564,1276421.91
20170824,1431841.108338455,10488.96,20.64,0.0,0.0,100.0,,,,1292657.617576957,1386165.2115513766,-10.356266320130564,1289409.08
20170825,1431841.108338455,10515.51,20.68,0.0,0.0,100.0,,,,1295929.6349882798,1388851.5782404295,-10.356266320130564,1299355.15
20170828,1431841.108338455,10525.98,20.64,0.0,0.0,100.0,,,,1297219.9559787335,1386165.2115513766,-10.356266320130564,1306991.19
20170829,1431841.108338455,10496.57,20.57,0.0,0.0,100.0,,,,1293595.4726617092,1381464.069845534,-10.356266320130564,1300576.9
20170830,1431841.108338455,10569.4,20.68,0.0,0.0,100.0,,,,1302571.0292743884,1388851.5782404295,-10.356266320130564,1306391.47
20170831,1431841.108338455,10585.78,20.74,0.0,0.0,100.0,,,,1304589.697643408,1392881.128274009,-10.356266320130564,1310755.38
20170901,1431841.108338455,10594.82,20.75,0.0,0.0,100.0,,,,1305703.785681011,1393552.719946273,-10.356266320130564,1325498.82
20170904,1431841.108338455,10569.87,20.71,0.0,0.0,100.0,,,,1302628.951993158,1390866.3532572195,-10.356266320130564,1324111.36
20170905,1431841.108338455,10617.84,20.74,0.0,0.0,100.0,,,,1308540.766502429,1392881.128274009,-10.356266320130564,1337780.38
20170906,1431841.108338455,10547.86,20.65,0.0,0.0,100.0,,,,1299916.4433971797,1386836.8032236395,-10.356266320130564,1320972.33
20170907,1431841.108338455,10538.51,20.56,0.0,0.0,100.0,,,,1298764.1510131548,1380792.4781732706,-10.356266320130564,1303418.88
20170908,1431841.108338455,10609.95,20.68,0.0,0.0,100.0,,,,1307568.40426607,1388851.5782404295,-10.356266320130564,1325535.57
20170911,1431841.108338455,10572.16,20.64,0.0,0.0,100.0,,,,1302911.1711973737,1386165.2115513766,-10.356266320130564,1310888.46
20170912,1431841.108338455,10610.35,20.71,0.0,0.0,100.0,,,,1307617.7001969374,1390866.3532572195,-10.356266320130564,1308848.46
20170913,1431841.108338455,10532.88,20.57,0.0,0.0,100.0,,,,1298070.310786196,1381464.069845534,-10.356266320130564,1291790.58
20170914,1431841.108338455,10553.57,20.59,0.0,0.0,100.0,,,,1300620.1428103116,1382807.2531900604,-10.356266320130564,1302558.29
20170915,1431841.108338455,10580.41,20.59,0.0,0.0,100.0,,,,1303927.8997715134,1382807.2531900604,-10.356266320130564,1311418.34
20170918,1431841.108338455,10631.57,20.79,0.0,0.0,100.0,,,,1310232.849329452,1396239.0866353256,-10.356266320130564,1333111.99
20170919,1431841.108338455,10576.14,20.69,0.0,0.0,100.0,,,,1303401.665709504,1389523.169912693,-10.356266320130564,1305889.05
20170920,1431841.108338455,10519.17,20.55,0.0,0.0,100.0,,,,1296380.6927557164,1380120.8865010072,-10.356266320130564,1292149.27
20170921,1431841.108338455,10578.44,20.68,0.0,0.0,100.0,,,,1303685.1173119915,1388851.5782404295,-10.356266320130564,1309697.7
20170922,1431841.108338455,10449.68,20.4,0.0,0.0,100.0,,,,1287816.7571657796,1370047.0114170583,-10.356266320130564,1273771.28
20170925,1431841.108338455,10335.89,20.24,0.0,0.0,100.0,,,,1273793.2972322798,1359301.544660846,-10.356266320130564,1259355.88
20170926,1431841.108338455,10257.02,20.07,0.0,0.0,100.0,,,,1264073.3720635031,1347884.4862323706,-10.356266320130564,1222277.22
20170927,1431841.108338455,10326.68,20.18,0.0,0.0,100.0,,,,1272658.2584240586,1355271.9946272664,-10.356266320130564,1255256.33
20170928,1431841.108338455,10296.45,20.1,0.0,0.0,100.0,,,,1268932.7184487558,1349899.2612491604,-10.356266320130564,1256945.2
20170929,1431841.108338455,10329.94,20.16,0.0,0.0,100.0,,,,1273060.0202606276,1353928.8112827402,-10.356266320130564,1243363.28
20171002,1431841.108338455,10465.16,20.38,0.0,0.0,100.0,,,,1289724.5096903476,1368703.8280725318,-10.356266320130564,1293779.31
20171003,1431841.108338455,10469.35,20.38,0.0,0.0,100.0,,,,1290240.8845661834,1368703.8280725318,-10.356266320130564,1297165.7
20171005,1431841.108338455,10518.27,20.46,0.0,0.0,100.0,,,,1296269.7769112648,1374076.561450638,-10.356266320130564,1315707.48
20171006,1431841.108338455,10532.81,20.52,0.0,0.0,100.0,,,,1298061.6839982944,1378106.1114842177,-10.356266320130564,1320760.35
20171011,1431841.108338455,10641.19,20.85,0.0,0.0,100.0,,,,1311418.4164668128,1400268.6366689054,-10.356266320130564,1317628.03
20171012,1431841.108338455,10711.44,21.05,0.0,0.0,100.0,,,,1320076.0143253976,1413700.4701141706,-10.356266320130564,1337430.66
20171013,1431841.108338455,10724.09,21.01,0.0,0.0,100.0,,,,1321634.9981390787,1411014.1034251177,-10.356266320130564,1356258.07
20171016,1431841.108338455,10774.21,21.13,0.0,0.0,100.0,,,,1327811.778276762,1419073.2034922766,-10.356266320130564,1363309.59
20171017,1431841.108338455,10723.15,21.07,0.0,0.0,100.0,,,,1321519.1527015402,1415043.653458697,-10.356266320130564,1340508.68
20171018,1431841.108338455,10720.28,21.15,0.0,0.0,100.0,,,,1321165.4543975668,1420416.386836803,-10.356266320130564,1335446.36
20171019,1431841.108338455,10760.29,21.23,0.0,0.0,100.0,,,,1326096.279882577,1425789.1202149093,-10.356266320130564,1363043.08
20171020,1431841.108338455,10728.88,21.14,0.0,0.0,100.0,,,,1322225.3169112154,1419744.79516454,-10.356266320130564,1346875.71
20171023,1431841.108338455,10735.21,21.13,0.0,0.0,100.0,,,,1323005.4250171918,1419073.2034922766,-10.356266320130564,1345795.73
20171024,1431841.108338455,10743.78,21.1,0.0,0.0,100.0,,,,1324061.5903360257,1417058.428475487,-10.356266320130564,1349944.86
20171025,1431841.108338455,10750.57,21.09,0.0,0.0,100.0,,,,1324898.3887624994,1416386.8368032237,-10.356266320130564,1334103.44
20171026,1431841.108338455,10734.76,21.06,0.0,0.0,100.0,,,,1322949.967094966,1414372.0617864337,-10.356266320130564,1353936.88
20171027,1431841.108338455,10709.11,21.07,0.0,0.0,100.0,,,,1319788.865528095,1415043.653458697,-10.356266320130564,1309412.17
20171030,1431841.108338455,10756.87,21.24,0.0,0.0,100.0,,,,1325674.7996736611,1426460.7118871724,-10.356266320130564,1324816.73
20171031,1431841.108338455,10793.8,21.3,0.0,0.0,100.0,,,,1330226.0464909922,1430490.2619207522,-10.356266320130564,1345736.79
20171101,1431841.108338455,10806.36,21.27,0.0,0.0,100.0,,,,1331773.9387202284,1428475.4869039622,-10.356266320130564,1348165.82
20171102,1431841.108338455,10788.51,21.2,0.0,0.0,100.0,,,,1329574.1078052712,1423774.3451981195,-10.356266320130564,1338417.38
20171103,1431841.108338455,10800.77,21.18,0.0,0.0,100.0,,,,1331085.0280863566,1422431.161853593,-10.356266320130564,1336775.08
20171106,1431841.108338455,10786.19,21.21,0.0,0.0,100.0,,,,1329288.1914062405,1424445.9368703829,-10.356266320130564,1339114.14
20171107,1431841.108338455,10840.34,21.32,0.0,0.0,100.0,,,,1335961.628047413,1431833.4452652787,-10.356266320130564,1346196.12
20171108,1431841.108338455,10818.99,21.24,0.0,0.0,100.0,,,,1333330.457737366,1426460.7118871724,-10.356266320130564,1339900.32
20171109,1431841.108338455,10743.27,21.1,0.0,0.0,100.0,,,,1323998.7380241698,1417058.428475487,-10.356266320130564,1301049.64
20171110,1460213.4795005214,10732.67,21.14,100.0,1.0,0.0,2448.0,晶電,晶電,1322692.395856184,1419744.79516454,-8.579948215065034,1306896.07
20171113,1367541.2689661833,10683.92,21.07,100.0,1.0,0.0,2448.0,晶電,晶電,1316684.4542817213,1415043.653458697,-14.381906904674954,1283454.42
20171114,1392587.8123538422,10687.18,21.04,100.0,1.0,0.0,2448.0,晶電,晶電,1317086.2161182906,1413028.8784419072,-12.813809961537142,1305808.72
20171115,1392587.8123538422,10630.65,20.82,100.0,1.0,0.0,2448.0,晶電,晶電,1310119.468688457,1398253.8616521154,-12.813809961537142,1306639.87
20171116,1370045.923304949,10625.04,20.9,100.0,1.0,0.0,2448.0,晶電,晶電,1309428.093258042,1403626.5950302216,-14.225097210361188,1304399.03
20171117,1400101.7753701396,10701.64,21.09,100.0,1.0,0.0,2448.0,晶電,晶電,1318868.2640191466,1416386.8368032237,-12.343380878595813,1330322.01
20171120,1407615.7383864375,10664.55,21.0,100.0,1.0,0.0,2448.0,晶電,晶電,1314297.298829468,1410342.5117528543,-11.872951795654457,1326845.94
20171121,1547876.381357328,10779.24,21.19,100.0,1.0,0.0,2448.0,晶電,晶電,1328431.6746074194,1423102.7535258562,-3.09160891408266,1344092.19
20171122,1535353.1096634986,10822.59,21.29,100.0,1.0,0.0,2448.0,晶電,晶電,1333774.1211151725,1429818.670248489,-3.8756573856515666,1355691.39
20171123,1565408.9617286895,10854.57,21.3,100.0,1.0,0.0,2448.0,晶電,晶電,1337715.33078802,1430490.2619207522,-1.9939410538861768,1360207.38
20171124,1552885.69003486,10854.09,21.29,100.0,1.0,0.0,2448.0,晶電,晶電,1337656.1756709793,1429818.670248489,-2.7779895254550833,1359967.02
20171127,1475241.405533117,10750.93,21.04,100.0,1.0,0.0,2448.0,晶電,晶電,1324942.75510028,1413028.8784419072,-7.6390900491823315,1347664.28
20171128,1525334.4923084353,10707.07,20.9,100.0,1.0,0.0,2448.0,晶電,晶電,1319537.4562806713,1403626.5950302216,-4.502896162906677,1336986.18
20171129,1467727.4425168196,10713.55,20.93,100.0,1.0,0.0,2448.0,晶電,晶電,1320336.050360723,1405641.3700470114,-8.10951913212366,1332184.28
20171130,1352513.342933588,10560.44,20.56,100.0,1.0,0.0,2448.0,晶電,晶電,1301466.800422959,1380792.4781732706,-15.322765070557642,1314845.31
20171201,1314943.5278520994,10600.37,20.65,100.0,1.0,0.0,2448.0,晶電,晶電,1306387.766721796,1386836.8032236395,-17.674910485264377,1293371.41
20171204,1392587.8123538424,10651.11,20.73,100.0,1.0,0.0,2448.0,晶電,晶電,1312640.955552324,1392209.5366017462,-12.813809961537126,1291787.27
20171205,1307429.5648358015,10566.85,20.56,100.0,1.0,0.0,2448.0,晶電,晶電,1302256.7677151088,1380792.4781732706,-18.145339568205717,1274287.1
20171206,1282383.0214481426,10393.92,20.21,100.0,1.0,0.0,2448.0,晶電,晶電,1280944.904402866,1357286.7696440564,-19.713436511343545,1225895.18
20171207,1226028.2988259098,10355.76,20.23,100.0,1.0,0.0,2448.0,晶電,晶電,1276242.0725981174,1358629.9529885831,-23.24165463340364,1212240.29
20171208,1187206.156575038,10398.62,20.23,0.0,0.0,100.0,,,,1281524.131590558,1358629.9529885831,-25.67220489526727,1225763.79
20171211,1187206.156575038,10473.09,20.38,0.0,0.0,100.0,,,,1290701.8015197937,1368703.8280725318,-25.67220489526727,1258819.21
20171212,1187206.156575038,10443.28,20.24,0.0,0.0,100.0,,,,1287028.0222719016,1359301.544660846,-25.67220489526727,1246284.86
20171213,1187206.156575038,10470.7,20.25,0.0,0.0,100.0,,,,1290407.258332861,1359973.136333109,-25.67220489526727,1248720.74
20171214,1187206.156575038,10538.01,20.44,0.0,0.0,100.0,,,,1298702.5310995704,1372733.3781061114,-25.67220489526727,1249142.73
20171215,1187206.156575038,10491.44,20.27,0.0,0.0,100.0,,,,1292963.252348335,1361316.3196776358,-25.67220489526727,1239794.44
20171218,1187206.156575038,10506.52,20.3,0.0,0.0,100.0,,,,1294821.7089420352,1363331.0946944258,-25.67220489526727,1229531.7
20171219,1187206.156575038,10467.34,20.2,0.0,0.0,100.0,,,,1289993.1725135748,1356615.1779717929,-25.67220489526727,1231675.12
20171220,1187206.156575038,10504.52,20.26,0.0,0.0,100.0,,,,1294575.2292876984,1360644.728005373,-25.67220489526727,1237063.08
20171221,1187206.156575038,10488.97,20.25,0.0,0.0,100.0,,,,1292658.8499752288,1359973.136333109,-25.67220489526727,1232545.08
20171222,1187206.156575038,10537.27,20.32,0.0,0.0,100.0,,,,1298611.333627466,1364674.2780389525,-25.67220489526727,1225716.42
20171225,1187206.156575038,10522.49,20.36,0.0,0.0,100.0,,,,1296789.8489819155,1367360.6447280054,-25.67220489526727,1201118.56
20171226,1187206.156575038,10421.91,20.16,0.0,0.0,100.0,,,,1284394.3871653115,1353928.8112827402,-25.67220489526727,1166853.26
20171227,1187206.156575038,10486.67,20.23,0.0,0.0,100.0,,,,1292375.3983727412,1358629.9529885831,-25.67220489526727,1164092.42
20171228,1187206.156575038,10567.64,20.43,0.0,0.0,100.0,,,,1302354.127178572,1372061.7864338483,-25.67220489526727,1199009.16
20171229,1187206.156575038,10642.86,20.54,0.0,0.0,100.0,,,,1311624.2269781842,1379449.294828744,-25.67220489526727,1192225.95
20180102,1187206.156575038,10710.73,20.65,0.0,0.0,100.0,,,,1319988.514048108,1386836.8032236395,-25.67220489526727,1196291.79
20180103,1187206.156575038,10801.57,20.84,0.0,0.0,100.0,,,,1331183.6199480912,1399597.044996642,-25.67220489526727,1219855.43
20180104,1187206.156575038,10848.63,20.88,0.0,0.0,100.0,,,,1336983.2862146394,1402283.411685695,-25.67220489526727,1236565.69
20180105,1187206.156575038,10879.8,20.94,0.0,0.0,100.0,,,,1340824.6716274803,1406312.9617192748,-25.67220489526727,1237568.42
20180108,1187206.156575038,10915.75,21.02,0.0,0.0,100.0,,,,1345255.1434141868,1411685.6950973806,-25.67220489526727,1216947.02
20180109,1187206.156575038,10914.89,21.04,0.0,0.0,100.0,,,,1345149.157162822,1413028.8784419072,-25.67220489526727,1205412.24
20180110,1187206.156575038,10831.09,20.94,0.0,0.0,100.0,,,,1334821.6596461046,1406312.9617192748,-25.67220489526727,1165960.79
20180111,1187206.156575038,10810.06,20.85,0.0,0.0,100.0,,,,1332229.9260807517,1400268.6366689054,-25.67220489526727,1173943.27
20180112,1187206.156575038,10883.96,21.02,0.0,0.0,100.0,,,,1341337.3493085012,1411685.6950973806,-25.67220489526727,1190620.88
20180115,1187206.156575038,10956.31,21.16,0.0,0.0,100.0,,,,1350253.7508041398,1421087.9785090664,-25.67220489526727,1214792.95
20180116,1187206.156575038,10986.11,21.25,0.0,0.0,100.0,,,,1353926.2976537603,1427132.3035594358,-25.67220489526727,1219821.05
20180117,1187206.156575038,11004.8,21.29,0.0,0.0,100.0,,,,1356229.6500235386,1429818.670248489,-25.67220489526727,1212692.5
20180118,1187206.156575038,11071.57,21.57,0.0,0.0,100.0,,,,1364458.3732835774,1448623.2370718603,-25.67220489526727,1223434.17
20180119,1187206.156575038,11150.85,21.79,0.0,0.0,100.0,,,,1374228.8267814934,1463398.253861652,-25.67220489526727,1225668.07
20180122,1187206.156575038,11231.46,21.99,0.0,0.0,100.0,,,,1384163.1892495432,1476830.0873069174,-25.67220489526727,1257905.18
20180123,1187206.156575038,11253.11,22.07,0.0,0.0,100.0,,,,1386831.3315077408,1482202.8206850234,-25.67220489526727,1251669.59
20180124,1187206.156575038,11152.16,21.8,0.0,0.0,100.0,,,,1374390.270955084,1464069.845533915,-25.67220489526727,1257562.75
20180125,1187206.156575038,11165.95,21.86,0.0,0.0,100.0,,,,1376089.7481717372,1468099.395567495,-25.67220489526727,1240903.45
20180126,1187206.156575038,11147.1,21.88,0.0,0.0,100.0,,,,1373766.6774296116,1469442.5789120214,-25.67220489526727,1243352.43
20180129,1187206.156575038,11221.81,21.39,0.0,0.0,100.0,,,,1382973.9249173675,1436534.5869711214,-25.67220489526727,1267818.64
20180130,1187206.156575038,11076.78,21.14,0.0,0.0,100.0,,,,1365100.452783125,1419744.79516454,-25.67220489526727,1258465.09
20180131,1187206.156575038,11103.79,21.16,0.0,0.0,100.0,,,,1368429.1605149454,1421087.9785090664,-25.67220489526727,1268490.51
20180201,1187206.156575038,11160.25,21.31,0.0,0.0,100.0,,,,1375387.2811568768,1431161.853593015,-25.67220489526727,1282718.43
20180202,1187206.156575038,11126.23,21.23,0.0,0.0,100.0,,,,1371194.6622366055,1425789.1202149093,-25.67220489526727,1273227.88
20180205,1142094.669992668,10946.25,20.9,100.0,1.0,0.0,2455.0,全新,全新,1349013.9581428252,1403626.5950302216,-28.49651414686133,1235213.41
20180206,1030540.185792402,10404.0,19.91,40.0,0.4,60.0,,,,1282187.1618607242,1337139.0194761583,-35.48064137592819,1136275.72
20180207,1030505.3475644466,10551.54,20.16,40.0,0.4,60.0,,,,1300369.96596116,1353928.8112827402,-35.48282250399506,1158906.45
20180208,1011734.552438296,10528.52,20.15,20.0,0.2,80.0,,,,1297532.9851397418,1353257.2196104766,-36.658011670899654,1129301.97
20180209,1001584.8141320848,10371.75,19.76,20.0,0.2,80.0,,,,1278212.677434541,1327065.1443922096,-37.293459579430646,1105776.42
20180212,999334.0617407768,10421.09,19.93,20.0,0.2,80.0,,,,1284293.3305070333,1338482.2028206848,-37.43437315340946,1093133.98
20180221,1012507.1016455416,10714.44,20.38,20.0,0.2,80.0,,,,1320445.7338069028,1368703.8280725318,-36.609644435886224,1155083.26
20180222,1012075.3288943068,10662.38,20.25,20.0,0.2,80.0,,,,1314029.8684045123,1359973.136333109,-36.63667657045514,1163464.39
20180223,1009264.0085362672,10794.55,20.5,20.0,0.2,80.0,,,,1330318.4763613688,1376762.928139691,-36.81268580220387,1170438.29
20180226,1005983.6271434082,10836.7,20.6,20.0,0.2,80.0,,,,1335513.0350765197,1383478.8448623235,-37.018061688003854,1173675.86
20180227,1003767.804176132,10815.47,20.59,20.0,0.2,80.0,,,,1332896.6535457328,1382807.2531900604,-37.15678842437389,1182872.69
20180301,1002202.910049354,10785.79,20.44,20.0,0.2,80.0,,,,1329238.8954753731,1372733.3781061114,-37.254762250883786,1181881.97
20180302,1001752.9873063464,10698.17,20.29,20.0,0.2,80.0,,,,1318440.621818872,1362659.5030221625,-37.28293070778574,1172056.83
20180305,998597.8597872714,10642.9,20.19,20.0,0.2,80.0,,,,1311629.156571271,1355943.58629953,-37.48046478429664,1150349.17
20180306,1007727.8973624692,10784.34,20.54,20.0,0.2,80.0,,,,1329060.197725979,1379449.294828744,-36.90885760518165,1170132.32
20180307,1006406.2870052726,10745.32,20.45,20.0,0.2,80.0,,,,1324251.3796698651,1373404.9697783743,-36.99160008701091,1160843.4
20180308,1008399.1707419166,10823.24,20.69,20.0,0.2,80.0,,,,1333854.227002832,1389523.169912693,-36.866830978272326,1179507.66
20180309,1016747.573462656,10864.82,20.71,20.0,0.2,80.0,,,,1338978.5390164969,1390866.3532572195,-36.3441598621883,1202901.51
20180312,1020363.621318067,11002.1,21.04,20.0,0.2,80.0,,,,1355896.902490184,1413028.8784419072,-36.11776879893667,1231435.24
20180313,1020153.8857330066,11095.63,21.24,20.0,0.2,80.0,,,,1367423.5235252506,1426460.7118871724,-36.130899781711825,1265913.45
20180314,1017215.1708358334,11038.8,21.07,20.0,0.2,80.0,,,,1360419.8041472663,1415043.653458697,-36.31488484406903,1250379.42
20180315,1017852.2575816596,11018.45,21.06,20.0,0.2,80.0,,,,1357911.8736643884,1414372.0617864337,-36.27499855065196,1262768.44
20180316,1023571.7187584972,11027.7,20.98,20.0,0.2,80.0,,,,1359051.8420656968,1408999.3284083277,-35.91691841763792,1263827.63
20180319,1037454.1691951004,11046.9,20.96,20.0,0.2,80.0,,,,1361418.046747331,1407656.1450638012,-35.04777540832249,1265695.32
20180320,1048271.2268833906,11010.84,20.95,20.0,0.2,80.0,,,,1356974.0185796365,1406984.553391538,-34.37054842205855,1258542.36
20180321,1040716.1189418886,11011.07,20.96,20.0,0.2,80.0,,,,1357002.363739885,1407656.1450638012,-34.843553478476146,1271271.81
20180322,1037798.2232813038,11005.84,20.89,20.0,0.2,80.0,,,,1356357.819443794,1402955.0033579585,-35.026235104237436,1259207.23
20180323,1025206.927302156,10823.33,20.52,20.0,0.2,80.0,,,,1333865.318587277,1378106.1114842177,-35.81454239396802,1223730.85
20180326,1028103.5765417584,10840.05,20.55,20.0,0.2,80.0,,,,1335925.8884975335,1380120.8865010072,-35.633190949672475,1246256.6
20180327,1036287.4856087576,10986.79,20.85,20.0,0.2,80.0,,,,1354010.1007362348,1400268.6366689054,-35.12081834031663,1272016.6
20180328,1017477.5620703748,10865.66,20.56,100.0,1.0,0.0,2327.0,國巨*,國巨*,1339082.0604713182,1380792.4781732706,-36.29845723222566,1235744.06
20180329,1058503.3364116866,10845.92,20.52,100.0,1.0,0.0,2327.0,國巨*,國巨*,1336649.306283013,1378106.1114842177,-33.72994347211252,1240333.41
20180330,1065017.203097297,10906.22,20.71,100.0,1.0,0.0,2327.0,國巨*,國巨*,1344080.6678612714,1390866.3532572195,-33.3221277396332,1248662.27
20180402,1032785.7054794404,10888.27,20.56,100.0,1.0,0.0,2327.0,國巨*,國巨*,1341868.5129635974,1380792.4781732706,-35.34005540753721,1229044.46
20180403,1036474.865147037,10821.53,20.38,100.0,1.0,0.0,2327.0,國巨*,國巨*,1333643.486898374,1368703.8280725318,-35.10908700970407,1226317.27
20180409,1084158.2213992511,10893.53,20.55,100.0,1.0,0.0,2327.0,國巨*,國巨*,1342516.7544545035,1380120.8865010072,-32.12375989209109,1218761.3
20180410,1118834.4678684326,10927.18,20.63,100.0,1.0,0.0,2327.0,國巨*,國巨*,1346663.7746387224,1385493.6198791135,-29.952773051862692,1228906.83
20180411,1113864.851901292,10974.02,20.71,100.0,1.0,0.0,2327.0,國巨*,國巨*,1352436.3281432935,1390866.3532572195,-30.263907386290732,1231290.64
20180412,1132042.1259783644,10955.29,20.63,100.0,1.0,0.0,2327.0,國巨*,國巨*,1350128.0461804282,1385493.6198791135,-29.125876981309577,1241175.79
20180413,1169943.3491971863,10965.39,20.63,100.0,1.0,0.0,2327.0,國巨*,國巨*,1351372.7684348293,1385493.6198791135,-26.752982991478508,1273469.94
20180416,1272104.3598204828,10954.55,20.57,100.0,1.0,0.0,2327.0,國巨*,國巨*,1350036.8487083232,1381464.069845534,-20.356955963445788,1296692.09
20180417,1220971.8615374127,10810.45,20.35,100.0,1.0,0.0,2327.0,國巨*,國巨*,1332277.9896133477,1366689.053055742,-23.55822461803342,1257608.39
20180418,1322399.3241853542,10847.89,20.4,100.0,1.0,0.0,2327.0,國巨*,國巨*,1336892.0887425346,1370047.0114170583,-17.20812306242999,1259944.73
20180419,1326177.308485245,10971.22,20.66,100.0,1.0,0.0,2327.0,國巨*,國巨*,1352091.2566272216,1387508.3948959033,-16.971593592467254,1281383.57
20180420,1274631.770864616,10779.38,20.19,100.0,1.0,0.0,2327.0,國巨*,國巨*,1328448.9281832231,1355943.58629953,-20.198721532809316,1251822.09
20180423,1353735.7549820992,10697.13,19.99,100.0,1.0,0.0,2327.0,國巨*,國巨*,1318312.4523986168,1342511.7528542646,-15.246233128929733,1233008.22
20180424,1259209.836562354,10579.5,19.89,100.0,1.0,0.0,2327.0,國巨*,國巨*,1303815.75152879,1335795.836131632,-21.16424750029929,1187293.2
20180425,1184245.682687368,10559.97,19.82,100.0,1.0,0.0,2327.0,國巨*,國巨*,1301408.87770419,1331094.6944257892,-25.85755222969356,1188153.87
20180426,1218594.3022178109,10488.58,19.76,100.0,1.0,0.0,2327.0,國巨*,國巨*,1292610.786442633,1327065.1443922096,-23.707077233881144,1163223.99
20180427,1235985.6821317887,10553.43,19.8,100.0,1.0,0.0,2327.0,國巨*,國巨*,1300602.8892345082,1329751.5110812625,-22.6182495558274,1188989.59
20180430,1264973.4732475465,10657.88,20.0,100.0,1.0,0.0,2327.0,國巨*,國巨*,1313475.2891822543,1343183.3445265277,-20.80340165712157,1218909.31
20180502,1314852.6159562403,10618.81,19.85,100.0,1.0,0.0,2327.0,國巨*,國巨*,1308660.3091347823,1333109.469442579,-17.680602235370767,1219866.58
20180503,1300210.783862369,10514.18,19.64,100.0,1.0,0.0,2327.0,國巨*,國巨*,1295765.726018146,1319006.0443250504,-18.597288094691773,1198357.12
20180504,1344062.727892246,10529.37,19.74,100.0,1.0,0.0,2327.0,國巨*,國巨*,1297637.738992835,1325721.961047683,-15.851835426049965,1204530.16
20180507,1459408.7206742172,10604.91,19.88,100.0,1.0,0.0,2327.0,國巨*,國巨*,1306947.275537141,1335124.2444593683,-8.630332007988436,1228127.79
20180508,1426212.30686076,10691.38,20.0,100.0,1.0,0.0,2327.0,國巨*,國巨*,1317603.823392398,1343183.3445265277,-10.708670492398598,1241024.36
20180509,1513026.8123110335,10703.35,20.11,100.0,1.0,0.0,2327.0,國巨*,國巨*,1319079.0041236046,1350570.8529214235,-5.273447016265277,1253991.85
20180510,1642760.8998003227,10760.21,20.16,100.0,1.0,0.0,2327.0,國巨*,國巨*,1326086.4206964034,1353928.8112827402,0.0,1270519.24
20180511,1642780.5888151026,10858.98,20.4,100.0,1.0,0.0,2327.0,國巨*,國巨*,1338258.818425833,1370047.0114170583,0.0,1280582.0
20180514,1806385.0418192332,10952.39,20.63,100.0,1.0,0.0,2327.0,國巨*,國巨*,1349770.650681639,1385493.6198791135,0.0,1325313.75
20180515,1916802.696204899,10874.73,20.41,100.0,1.0,0.0,2492.0,華新科,華新科,1340199.8457037362,1370718.6030893216,0.0,1308704.94
20180516,1889793.450837382,10897.57,20.44,100.0,1.0,0.0,2492.0,華新科,華新科,1343014.643356264,1372733.3781061114,-1.4090780141843982,1314269.69
20180517,1730488.1698418665,10833.81,20.3,100.0,1.0,0.0,2492.0,華新科,華新科,1335156.8719760028,1363331.0946944258,-9.720068045183734,1295825.3
20180518,1754049.8223878618,10830.84,20.24,100.0,1.0,0.0,2492.0,華新科,華新科,1334790.8496893125,1359301.544660846,-8.490851673950257,1296126.45
20180521,1898623.0672858185,10966.2,20.51,100.0,1.0,0.0,2492.0,華新科,華新科,1351472.5926948362,1377434.5198119543,-0.9484350661168552,1334620.53
20180522,1998765.2697657996,10938.73,20.44,100.0,1.0,0.0,2492.0,華新科,華新科,1348087.1946425182,1372733.3781061114,0.0,1336983.67
20180523,1842955.059197681,10886.18,20.34,100.0,1.0,0.0,2492.0,華新科,華新科,1341610.9417248154,1366017.4613834787,-7.795323088957579,1328124.39
20180524,1887077.514441908,10936.93,20.39,100.0,1.0,0.0,2492.0,華新科,華新科,1347865.3629536151,1369375.4197447952,-5.587837502148439,1351141.02
20180525,2009449.4531500065,10942.3,20.46,100.0,1.0,0.0,2492.0,華新科,華新科,1348527.1608255096,1374076.561450638,0.0,1363215.54
20180528,2173800.3775744936,10987.77,20.55,100.0,1.0,0.0,2492.0,華新科,華新科,1354130.87576686,1380120.8865010072,0.0,1380019.04
20180529,2162623.362227386,10964.12,20.46,100.0,1.0,0.0,2492.0,華新科,華新科,1351216.2538543255,1374076.561450638,-0.514169353470211,1377742.71
20180530,2206297.001975485,10821.17,20.1,100.0,1.0,0.0,2492.0,華新科,華新科,1333599.1205605932,1349899.2612491604,0.0,1367099.28
20180531,2172909.1470419434,10874.96,20.19,100.0,1.0,0.0,2492.0,華新科,華新科,1340228.190863985,1355943.58629953,-1.5132982959069767,1361900.7
20180601,2142783.971398511,10949.08,20.34,100.0,1.0,0.0,2492.0,華新科,華新科,1349362.7268537118,1366017.4613834787,-2.878716261686667,1372890.13
20180604,2178060.0944592506,11109.5,20.65,100.0,1.0,0.0,2492.0,華新科,華新科,1369132.859928077,1386836.8032236395,-1.2798325651964195,1399761.99
20180605,2036982.584250506,11100.11,20.63,80.0,0.8,20.0,2492.0,華新科,華新科,1367975.6379509654,1385493.6198791135,-7.674144395490614,1407140.57
20180606,2198947.540949449,11201.83,20.82,80.0,0.8,20.0,2492.0,華新科,華新科,1380511.5931705416,1398253.8616521154,-0.3331129498637574,1444397.58
20180607,2324461.1766030625,11251.75,20.86,80.0,0.8,20.0,2492.0,華新科,華新科,1386663.7253427915,1400940.2283411685,0.0,1457435.77
20180608,2278710.1371551445,11156.42,20.64,80.0,0.8,20.0,2492.0,華新科,華新科,1374915.2726188216,1386165.2115513766,-1.9682427871210155,1422588.74
20180611,2313782.891080662,11149.23,20.66,80.0,0.8,20.0,2492.0,華新科,華新科,1374029.1782614803,1387508.3948959033,-0.459387561723251,1438702.39
20180612,2259980.1555988444,11144.79,20.63,80.0,0.8,20.0,2492.0,華新科,華新科,1373481.9934288524,1385493.6198791135,-2.774020132203278,1426756.23
20180613,2251325.6515014856,11173.21,20.75,80.0,0.8,20.0,2492.0,華新科,華新科,1376984.46931698,1393552.719946273,-3.1463431541780467,1424880.37
20180614,2194714.1457711696,11013.98,20.44,80.0,0.8,20.0,2492.0,華新科,華新科,1357360.9916369454,1372733.3781061114,-5.581811051002521,1409423.19
20180615,2273885.188583699,11087.47,20.49,80.0,0.8,20.0,2492.0,華新科,華新科,1366417.8865355558,1376091.3364674277,-2.1758155622661155,1432242.49
20180619,2177384.5399489272,10904.19,20.15,80.0,0.8,20.0,2492.0,華新科,華新科,1343830.4910121197,1353257.2196104766,-6.3273432197766875,1394759.9
20180620,2044180.655307063,10927.44,20.38,80.0,0.8,20.0,2492.0,華新科,華新科,1346695.8169937865,1368703.8280725318,-12.057870620390313,1372765.71
20180621,2010821.3414097396,10941.07,20.31,80.0,0.8,20.0,2492.0,華新科,華新科,1348375.5758380925,1364002.686366689,-13.493012417255004,1377278.57
20180622,1890795.4766601815,10899.28,20.29,80.0,0.8,20.0,2492.0,華新科,華新科,1343225.3834607222,1362659.5030221625,-18.65661187667734,1343830.65
20180625,1913073.9850587605,10786.46,20.23,80.0,0.8,20.0,2492.0,華新科,華新科,1329321.466159576,1358629.9529885831,-17.69817434187041,1322009.13
20180626,2062179.530707478,10742.17,20.18,80.0,0.8,20.0,2492.0,華新科,華新科,1323863.1742142846,1355271.9946272664,-11.283545990597249,1331960.71
20180627,2057354.0306056223,10701.03,20.1,0.0,0.0,100.0,,,,1318793.0877245737,1349899.2612491604,-11.49114249297925,1322584.62
20180628,2057354.0306056223,10654.28,20.01,0.0,0.0,100.0,,,,1313031.625804448,1343854.9361987913,-11.49114249297925,1308714.4
20180629,2057354.0306056223,10836.91,20.36,0.0,0.0,100.0,,,,1335538.9154402248,1367360.6447280054,-11.49114249297925,1336332.31
20180702,2057354.0306056223,10777.94,20.26,0.0,0.0,100.0,,,,1328271.4628321007,1360644.728005373,-11.49114249297925,1338916.14
20180703,2057354.0306056223,10715.72,20.29,0.0,0.0,100.0,,,,1320603.4807856784,1362659.5030221625,-11.49114249297925,1309516.05
20180704,2057354.0306056223,10721.87,20.35,0.0,0.0,100.0,,,,1321361.4057227648,1366689.053055742,-11.49114249297925,1305329.48
20180705,2057354.0306056223,10611.81,20.19,0.0,0.0,100.0,,,,1307797.630344603,1355943.58629953,-11.49114249297925,1269791.13
20180706,2057354.0306056223,10608.57,20.24,0.0,0.0,100.0,,,,1307398.3333045773,1359301.544660846,-11.49114249297925,1291725.27
20180709,2057354.0306056223,10720.28,20.56,0.0,0.0,100.0,,,,1321165.4543975668,1380792.4781732706,-11.49114249297925,1268570.66
20180710,2057354.0306056223,10756.89,20.61,0.0,0.0,100.0,,,,1325677.2644702042,1384150.4365345868,-11.49114249297925,1308119.5
20180711,2057354.0306056223,10676.84,20.43,0.0,0.0,100.0,,,,1315811.9163053683,1372061.7864338483,-11.49114249297925,1287267.71
20180712,2057354.0306056223,10738.38,20.66,0.0,0.0,100.0,,,,1323396.095269316,1387508.3948959033,-11.49114249297925,1319499.21
20180713,2057354.0306056223,10864.54,20.84,0.0,0.0,100.0,,,,1338944.0318648897,1399597.044996642,-11.49114249297925,1343749.52
20180716,2057354.0306056223,10817.45,20.75,0.0,0.0,100.0,,,,1333140.6684035268,1393552.719946273,-11.49114249297925,1327733.64
20180717,2057354.0306056223,10778.99,20.64,0.0,0.0,100.0,,,,1328400.8646506274,1386165.2115513766,-11.49114249297925,1301730.79
20180718,2057354.0306056223,10842.46,20.76,0.0,0.0,100.0,,,,1336222.89648101,1394224.311618536,-11.49114249297925,1274071.44
20180719,2057354.0306056223,10835.38,20.82,0.0,0.0,100.0,,,,1335350.3585046572,1398253.8616521154,-11.49114249297925,1287365.47
20180720,2057354.0306056223,10932.11,21.16,0.0,0.0,100.0,,,,1347271.346986663,1421087.9785090664,-11.49114249297925,1258869.39
20180723,2057354.0306056223,10946.89,21.14,0.0,0.0,100.0,,,,1349092.8316322127,1419744.79516454,-11.49114249297925,1244440.38
20180724,2057354.0306056223,10995.39,21.18,0.0,0.0,100.0,,,,1355069.9632498834,1422431.161853593,-11.49114249297925,1259785.0
20180725,2057354.0306056223,10965.79,21.19,0.0,0.0,100.0,,,,1351422.0643656969,1423102.7535258562,-11.49114249297925,1268443.62
20180726,2057354.0306056223,11010.61,21.25,0.0,0.0,100.0,,,,1356945.6734193875,1427132.3035594358,-11.49114249297925,1276196.91
20180727,2057354.0306056223,11075.78,21.43,0.0,0.0,100.0,,,,1364977.2129559566,1439220.9536601745,-11.49114249297925,1297702.28
20180730,2057354.0306056223,11033.54,21.39,0.0,0.0,100.0,,,,1359771.562656361,1436534.5869711214,-11.49114249297925,1242107.19
20180731,2057354.0306056223,11057.51,21.39,0.0,0.0,100.0,,,,1362725.6213135887,1436534.5869711214,-11.49114249297925,1235130.24
20180801,2057354.0306056223,11098.13,21.54,0.0,0.0,100.0,,,,1367731.6230931715,1446608.4620550703,-11.49114249297925,1240366.55
20180802,2057354.0306056223,10929.77,21.21,0.0,0.0,100.0,,,,1346982.9657910888,1424445.9368703829,-11.49114249297925,1179092.67
20180803,2057354.0306056223,11012.43,21.39,0.0,0.0,100.0,,,,1357169.9699048344,1436534.5869711214,-11.49114249297925,1190771.25
20180806,2057354.0306056223,11024.1,21.43,0.0,0.0,100.0,,,,1358608.1786878903,1439220.9536601745,-11.49114249297925,1189353.56
20180807,2057354.0306056223,10983.44,21.38,0.0,0.0,100.0,,,,1353597.2473152203,1435862.9952988585,-11.49114249297925,1221208.17
20180808,2067549.938776209,11075.25,21.54,100.0,1.0,0.0,2371.0,大同,大同,1364911.895847557,1446608.4620550703,-11.052507153606252,1184140.51
20180809,2076204.9582251676,11028.07,21.54,100.0,1.0,0.0,2371.0,大同,大同,1359097.4408017488,1446608.4620550703,-10.68016196083315,1180753.91
20180810,2030791.4089060416,10983.68,21.43,100.0,1.0,0.0,2371.0,大同,大同,1353626.8248737408,1439220.9536601745,-12.633885678666662,1153217.85
20180813,2012323.3331327685,10748.92,20.99,80.0,0.8,20.0,2371.0,大同,大同,1324695.0430476717,1409670.9200805908,-13.428395647650628,1074714.64
20180814,2022128.5991808907,10824.23,21.14,80.0,0.8,20.0,2371.0,大同,大同,1333976.2344317287,1419744.79516454,-13.006566014752575,1093137.69
20180815,2010824.7407790069,10716.75,20.94,80.0,0.8,20.0,2371.0,大同,大同,1320730.417807662,1406312.9617192748,-13.492866173931969,1068620.03
20180816,1966711.3821451045,10683.9,20.95,80.0,0.8,20.0,2371.0,大同,大同,1316681.9894851777,1406984.553391538,-15.39065474867466,1089849.04
20180817,1949753.0477420609,10690.96,20.91,80.0,0.8,20.0,2371.0,大同,大同,1317552.0626649873,1404298.186702485,-16.12021455263002,1070639.56
20180820,1915584.9136648008,10699.05,20.99,80.0,0.8,20.0,2371.0,大同,大同,1318549.0728667802,1409670.9200805908,-17.59015237827239,1071092.16
20180821,1987143.0467671568,10792.2,21.14,80.0,0.8,20.0,2371.0,大同,大同,1330028.862767523,1419744.79516454,-14.511669768081836,1090667.65
20180822,1971068.9604193585,10804.2,21.16,80.0,0.8,20.0,2371.0,大同,大同,1331507.7406935445,1421087.9785090664,-15.20318858154245,1081031.48
20180823,2004342.438584993,10863.13,21.26,80.0,0.8,20.0,2371.0,大同,大同,1338770.263708582,1427803.895231699,-13.771739499899372,1067621.79
20180824,1991433.4994309256,10809.35,21.2,80.0,0.8,20.0,2371.0,大同,大同,1332142.425803462,1423774.3451981195,-14.327091393232864,1058122.64
20180827,1992272.3351188488,10902.21,21.39,80.0,0.8,20.0,2371.0,大同,大同,1343586.4761543258,1436534.5869711214,-14.291004075605606,1106195.19
20180828,2030324.181033485,10989.55,21.56,80.0,0.8,20.0,2371.0,大同,大同,1354350.2426592195,1447951.6453995968,-12.653986159468802,1105525.59
20180829,2048999.8011144171,11099.57,21.81,80.0,0.8,20.0,2371.0,大同,大同,1367909.0884442944,1464741.4372061784,-11.850547484350807,1119663.34
20180830,2062590.403331116,11093.75,21.89,80.0,0.8,20.0,2371.0,大同,大同,1367191.8326501737,1470114.170584285,-11.26586995333866,1121476.59
20180831,2028171.2064498728,11063.94,21.74,80.0,0.8,20.0,2371.0,大同,大同,1363518.0534022818,1460040.2955003355,-12.746608682283266,1111638.24
20180903,1995682.438936554,10964.22,21.61,80.0,0.8,20.0,2371.0,大同,大同,1351228.5778370425,1451309.6037609132,-14.144298944453942,1055202.62
20180904,1998101.506055215,11021.38,21.75,80.0,0.8,20.0,2371.0,大同,大同,1358272.9663579918,1460711.887172599,-14.040228928442913,1075661.42
20180905,1972058.954174192,10995.13,21.75,80.0,0.8,20.0,2371.0,大同,大同,1355037.9208948195,1460711.887172599,-15.160598334615624,1066775.77
20180906,1970919.4748092997,10924.3,21.63,80.0,0.8,20.0,2371.0,大同,大同,1346308.843936477,1452652.7871054397,-15.209619560539377,1048597.95
20180907,1945470.1406161976,10846.99,21.6,80.0,0.8,20.0,2371.0,大同,大同,1336781.172898083,1450638.01208865,-16.304468312984152,994384.68
20180910,1838250.3365580216,10725.8,21.5,20.0,0.2,80.0,,,,1321845.7382435366,1443922.0953660174,-20.917141784901023,953878.7
20180911,1831995.420478996,10752.3,21.41,20.0,0.2,80.0,,,,1325111.5936635009,1437877.770315648,-21.186232795840866,971870.46
20180912,1832700.034102257,10722.57,21.39,20.0,0.2,80.0,,,,1321447.6736017824,1436534.5869711214,-21.155919808454644,940254.71
20180913,1824961.1855897335,10727.23,21.24,20.0,0.2,80.0,,,,1322021.9711963874,1426460.7118871724,-21.488850665309535,922724.35
20180914,1833549.2382278028,10868.14,21.63,20.0,0.2,80.0,,,,1339387.6952426962,1452652.7871054397,-21.119386433146285,969653.44
20180917,1829334.1825077387,10828.61,21.46,20.0,0.2,80.0,,,,1334516.0248747268,1441235.7286769643,-21.300721176978143,973100.19
20180918,1824370.872710237,10760.21,21.35,20.0,0.2,80.0,,,,1326086.4206964034,1433848.2202820687,-21.514246352079365,931340.51
20180919,1823303.6157497016,10857.27,21.54,0.0,0.0,100.0,,,,1338048.078321375,1446608.4620550703,-21.560160517963396,919149.25
20180920,1823303.6157497016,10831.41,21.48,0.0,0.0,100.0,,,,1334861.0963907982,1442578.912021491,-21.560160517963396,908511.88
20180921,1823303.6157497016,10972.41,21.71,0.0,0.0,100.0,,,,1352237.9120215522,1458025.520483546,-21.560160517963396,944493.88
20180925,1823303.6157497016,10978.85,21.77,0.0,0.0,100.0,,,,1353031.576508517,1462055.0705171255,-21.560160517963396,946877.9
20180926,1823303.6157497016,10974.19,21.73,0.0,0.0,100.0,,,,1352457.278913912,1459368.7038280724,-21.560160517963396,941628.76
20180927,1823303.6157497016,11034.19,21.84,0.0,0.0,100.0,,,,1359851.66854402,1466756.2122229685,-21.560160517963396,923152.84
20180928,1823303.6157497016,11006.34,21.73,0.0,0.0,100.0,,,,1356419.4393573783,1459368.7038280724,-21.560160517963396,925373.22
20181001,1823303.6157497016,11051.8,21.84,0.0,0.0,100.0,,,,1362021.9219004563,1466756.2122229685,-21.560160517963396,936912.3
20181002,1823303.6157497016,10919.63,21.51,0.0,0.0,100.0,,,,1345733.3139436005,1444593.6870382808,-21.560160517963396,924126.73
20181003,1823303.6157497016,10863.94,21.49,0.0,0.0,100.0,,,,1338870.0879685886,1443250.503693754,-21.560160517963396,896434.76
20181004,1823303.6157497016,10718.91,21.23,0.0,0.0,100.0,,,,1320996.6158343458,1425789.1202149093,-21.560160517963396,885658.97
20181005,1823303.6157497016,10517.12,20.86,0.0,0.0,100.0,,,,1296128.0511100213,1400940.2283411685,-21.560160517963396,831285.89
20181008,1823303.6157497016,10455.93,20.75,0.0,0.0,100.0,,,,1288587.0060855823,1393552.719946273,-21.560160517963396,817453.06
20181009,1823303.6157497016,10466.83,20.81,0.0,0.0,100.0,,,,1289930.320201719,1397582.269979852,-21.560160517963396,808799.14
20181011,1823303.6157497016,9806.11,19.35,0.0,0.0,100.0,,,,1208503.30159497,1299529.8858294156,-21.560160517963396,746571.95
20181012,1823303.6157497016,10045.81,20.01,0.0,0.0,100.0,,,,1238043.8881672511,1343854.9361987913,-21.560160517963396,788553.18
20181015,1823303.6157497016,9901.12,19.8,0.0,0.0,100.0,,,,1220212.317574246,1329751.5110812625,-21.560160517963396,794270.42
20181016,1823303.6157497016,9981.1,19.82,0.0,0.0,100.0,,,,1230069.0389511797,1331094.6944257892,-21.560160517963396,797056.44
20181017,1823303.6157497016,9979.14,19.85,0.0,0.0,100.0,,,,1229827.4888899294,1333109.469442579,-21.560160517963396,801304.46
20181018,1823303.6157497016,9953.73,19.79,0.0,0.0,100.0,,,,1226695.9648815787,1329079.9194089994,-21.560160517963396,802457.28
20181019,1823303.6157497016,9919.26,19.82,0.0,0.0,100.0,,,,1222447.8880390818,1331094.6944257892,-21.560160517963396,794906.42
20181022,1823303.6157497016,9974.28,19.8,0.0,0.0,100.0,,,,1229228.5433298908,1329751.5110812625,-21.560160517963396,803609.42
20181023,1823303.6157497016,9775.2,19.44,0.0,0.0,100.0,,,,1204693.9585371923,1305574.2108797852,-21.560160517963396,762581.51
20181024,1823303.6157497016,9759.4,19.35,0.0,0.0,100.0,,,,1202746.7692679309,1299529.8858294156,-21.560160517963396,749757.6
20181025,1823303.6157497016,9520.79,18.88,0.0,0.0,100.0,,,,1173340.514107263,1267965.077233042,-21.560160517963396,705666.97
20181026,1823303.6157497016,9489.18,18.85,0.0,0.0,100.0,,,,1169444.9031704678,1265950.3022162523,-21.560160517963396,691752.2
20181029,1823303.6157497016,9516.32,18.94,0.0,0.0,100.0,,,,1172789.63207982,1271994.627266622,-21.560160517963396,704837.22
20181030,1823303.6157497016,9526.11,18.99,0.0,0.0,100.0,,,,1173996.149987799,1275352.585627938,-21.560160517963396,691532.48
20181031,1823303.6157497016,9802.13,19.39,0.0,0.0,100.0,,,,1208012.8070828393,1302216.2525184688,-21.560160517963396,737581.91
20181101,1823303.6157497016,9844.74,19.6,0.0,0.0,100.0,,,,1213264.0561184876,1316319.6776359973,-21.560160517963396,776035.57
20181102,1823303.6157497016,9906.59,19.66,0.0,0.0,100.0,,,,1220886.4394288575,1320349.2276695769,-21.560160517963396,796121.9
20181105,1823303.6157497016,9889.81,19.56,0.0,0.0,100.0,,,,1218818.4751289703,1313633.310946944,-21.560160517963396,796819.03
20181106,1823303.6157497016,9824.95,19.5,0.0,0.0,100.0,,,,1210825.139938824,1309603.7609133646,-21.560160517963396,749315.14
20181107,1823303.6157497016,9908.35,19.6,0.0,0.0,100.0,,,,1221103.341524674,1316319.6776359973,-21.560160517963396,783248.44
20181108,1823303.6157497016,9945.31,19.71,0.0,0.0,100.0,,,,1225658.2855368203,1323707.1860308934,-21.560160517963396,768603.09
20181109,1823303.6157497016,9830.01,19.45,0.0,0.0,100.0,,,,1211448.7334642962,1306245.8025520483,-21.560160517963396,769608.14
20181112,1823303.6157497016,9831.21,19.5,0.0,0.0,100.0,,,,1211596.6212568982,1309603.7609133646,-21.560160517963396,751068.56
20181113,1823303.6157497016,9775.84,19.27,0.0,0.0,100.0,,,,1204772.8320265803,1294157.1524513096,-21.560160517963396,746661.72
20181114,1823303.6157497016,9791.88,19.34,0.0,0.0,100.0,,,,1206749.5988543625,1298858.2941571523,-21.560160517963396,739193.79
20181115,1823303.6157497016,9826.46,19.4,0.0,0.0,100.0,,,,1211011.232077848,1302887.844190732,-21.560160517963396,748908.29
20181116,1823303.6157497016,9797.09,19.24,0.0,0.0,100.0,,,,1207391.6783539103,1292142.3774345198,-21.560160517963396,746099.08
20181119,1823303.6157497016,9828.69,19.18,0.0,0.0,100.0,,,,1211286.0568924337,1288112.8274009402,-21.560160517963396,762474.59
20181120,1823303.6157497016,9743.99,19.0,0.0,0.0,100.0,,,,1200847.6435312647,1276024.1773002015,-21.560160517963396,758290.27
20181121,1823303.6157497016,9741.52,19.0,0.0,0.0,100.0,,,,1200543.2411581588,1276024.1773002015,-21.560160517963396,773298.6
20181122,1823303.6157497016,9714.71,18.9,0.0,0.0,100.0,,,,1197239.181391772,1269308.2605775688,-21.560160517963396,754000.17
20181123,1823303.6157497016,9667.3,18.84,0.0,0.0,100.0,,,,1191396.3811857149,1265278.7105439892,-21.560160517963396,742965.73
20181126,1823303.6157497016,9765.36,19.04,0.0,0.0,100.0,,,,1203481.2786378548,1278710.5439892544,-21.560160517963396,764139.84
20181127,1823303.6157497016,9778.62,19.01,0.0,0.0,100.0,,,,1205115.438746109,1276695.7689724648,-21.560160517963396,781551.17
20181128,1823303.6157497016,9884.31,19.23,0.0,0.0,100.0,,,,1218140.6560795438,1291470.7857622565,-21.560160517963396,806941.03
20181129,1823303.6157497016,9885.36,19.26,0.0,0.0,100.0,,,,1218270.057898071,1293485.5607790465,-21.560160517963396,813030.75
20181130,1823303.6157497016,9888.03,19.19,0.0,0.0,100.0,,,,1218599.108236611,1288784.4190732036,-21.560160517963396,829713.98
20181203,1823303.6157497016,10137.87,19.7,0.0,0.0,100.0,,,,1249389.3466563805,1323035.5943586298,-21.560160517963396,886759.66
20181204,1823303.6157497016,10083.54,19.56,0.0,0.0,100.0,,,,1242693.7268463175,1313633.310946944,-21.560160517963396,875572.04
20181205,1823303.6157497016,9916.74,19.16,0.0,0.0,100.0,,,,1222137.323674617,1286769.6440564136,-21.560160517963396,846951.12
20181206,1823303.6157497016,9684.72,18.77,0.0,0.0,100.0,,,,1193543.2189749896,1260577.5688381465,-21.560160517963396,788522.86
20181207,1823303.6157497016,9760.88,18.86,0.0,0.0,100.0,,,,1202929.16421214,1266621.8938885157,-21.560160517963396,798123.88
20181210,1823303.6157497016,9647.54,18.61,0.0,0.0,100.0,,,,1188961.1622008665,1249832.102081934,-21.560160517963396,767600.5
20181211,1823303.6157497016,9707.04,18.76,0.0,0.0,100.0,,,,1196293.93191739,1259905.9771658832,-21.560160517963396,774617.74
20181212,1823303.6157497016,9816.45,19.05,0.0,0.0,100.0,,,,1209777.6014078918,1279382.1356615175,-21.560160517963396,801154.26
20181213,1823303.6157497016,9858.76,19.07,0.0,0.0,100.0,,,,1214991.8784953896,1280725.3190060444,-21.560160517963396,790579.1
20181214,1823303.6157497016,9774.16,18.84,0.0,0.0,100.0,,,,1204565.7891169372,1265278.7105439892,-21.560160517963396,774047.42
20181217,1823303.6157497016,9787.53,18.99,0.0,0.0,100.0,,,,1206213.5056061798,1275352.585627938,-21.560160517963396,780062.18
20181218,1823303.6157497016,9718.82,18.82,0.0,0.0,100.0,,,,1197745.6970814343,1263935.5271994628,-21.560160517963396,770038.9
20181219,1823303.6157497016,9783.21,18.98,0.0,0.0,100.0,,,,1205681.1095528116,1274680.9939556748,-21.560160517963396,769717.52
20181220,1823303.6157497016,9674.52,18.76,0.0,0.0,100.0,,,,1192286.1727378713,1259905.9771658832,-21.560160517963396,744621.71
20181221,1823303.6157497016,9676.67,18.8,0.0,0.0,100.0,,,,1192551.1383662834,1262592.3438549363,-21.560160517963396,750065.35
20181224,1823303.6157497016,9639.7,18.68,0.0,0.0,100.0,,,,1187994.9619558654,1254533.243787777,-21.560160517963396,748250.93
20181225,1823303.6157497016,9527.09,18.44,0.0,0.0,100.0,,,,1174116.9250184242,1238415.0436534586,-21.560160517963396,739710.66
20181226,1823303.6157497016,9478.99,18.39,0.0,0.0,100.0,,,,1168189.089331621,1235057.0852921424,-21.560160517963396,720839.2
20181227,1823303.6157497016,9641.56,18.76,0.0,0.0,100.0,,,,1188224.1880343987,1259905.9771658832,-21.560160517963396,742072.1
20181228,1823303.6157497016,9727.41,18.88,0.0,0.0,100.0,,,,1198804.327196811,1267965.077233042,-21.560160517963396,741469.36
20190102,1823303.6157497016,9554.14,18.51,0.0,0.0,100.0,,,,1177450.5623433313,1243116.1853593015,-21.560160517963396,731195.55
20190103,1823303.6157497016,9492.42,18.34,0.0,0.0,100.0,,,,1169844.2002104935,1231699.126930826,-21.560160517963396,707710.18
20190104,1823303.6157497016,9382.51,18.05,0.0,0.0,100.0,,,,1156298.9108064077,1212222.9684351915,-21.560160517963396,694209.92
20190107,1823303.6157497016,9590.3,18.49,0.0,0.0,100.0,,,,1181906.914493743,1241773.0020147748,-21.560160517963396,714988.28
20190108,1823303.6157497016,9563.6,18.41,0.0,0.0,100.0,,,,1178616.411108345,1236400.2686366688,-21.560160517963396,713109.4
20190109,1823303.6157497016,9738.31,18.75,0.0,0.0,100.0,,,,1200147.6413129475,1259234.3854936198,-21.560160517963396,731916.59
20190110,1823303.6157497016,9720.69,18.7,0.0,0.0,100.0,,,,1197976.1555582397,1255876.4271323036,-21.560160517963396,734038.7
20190111,1823303.6157497016,9759.4,18.88,0.0,0.0,100.0,,,,1202746.7692679309,1267965.077233042,-21.560160517963396,738653.91
20190114,1823303.6157497016,9708.22,18.75,0.0,0.0,100.0,,,,1196439.354913449,1259234.3854936198,-21.560160517963396,728300.96
20190115,1823303.6157497016,9806.04,18.91,0.0,0.0,100.0,,,,1208494.6748070682,1269979.852249832,-21.560160517963396,746796.34
20190116,1823303.6157497016,9763.81,18.89,0.0,0.0,100.0,,,,1203290.2569057436,1268636.6689053054,-21.560160517963396,748974.98
20190117,1823303.6157497016,9789.15,18.89,0.0,0.0,100.0,,,,1206413.154126193,1268636.6689053054,-21.560160517963396,745704.24
20190118,1823303.6157497016,9836.06,18.99,0.0,0.0,100.0,,,,1212194.3344186654,1275352.585627938,-21.560160517963396,760232.0
20190121,1823303.6157497016,9889.4,19.13,0.0,0.0,100.0,,,,1218767.9467998317,1284754.8690396238,-21.560160517963396,766705.29
20190122,1823303.6157497016,9894.66,18.51,0.0,0.0,100.0,,,,1219416.1882907376,1243116.1853593015,-21.560160517963396,764352.39
20190123,1823303.6157497016,9846.4,18.43,0.0,0.0,100.0,,,,1213468.6342315872,1237743.4519811957,-21.560160517963396,765759.03
20190124,1823303.6157497016,9877.12,18.51,0.0,0.0,100.0,,,,1217254.561722203,1243116.1853593015,-21.560160517963396,771805.09
20190125,1823303.6157497016,9969.61,18.75,0.0,0.0,100.0,,,,1228653.0133370142,1259234.3854936198,-21.560160517963396,792170.29
20190128,1823303.6157497016,10013.33,18.79,0.0,0.0,100.0,,,,1234041.0585808195,1261920.7521826727,-21.560160517963396,793547.94
20190129,1760597.6604526176,9931.59,18.63,100.0,1.0,0.0,2308.0,台達電,台達電,1223967.4351080689,1251175.285426461,-24.257816040380927,783892.12
20190130,1777985.415077524,9932.26,18.59,100.0,1.0,0.0,2308.0,台達電,台達電,1224050.0057922718,1248488.9187374075,-23.50978226808465,786984.16
20190211,1849470.6530288532,10004.25,18.79,100.0,1.0,0.0,2308.0,台達電,台達電,1232922.0409501295,1261920.7521826727,-20.434435659981823,807761.73
20190212,1877986.4273152945,10097.74,18.91,100.0,1.0,0.0,2308.0,台達電,台達電,1244443.7323921097,1269979.852249832,-19.207666438216897,824456.18
20190213,1875576.4762452275,10090.58,18.88,100.0,1.0,0.0,2308.0,台達電,台達電,1243561.335229583,1267965.077233042,-19.31134427522808,840113.51
20190214,1834941.8783710983,10089.01,18.81,100.0,1.0,0.0,2308.0,台達電,台達電,1243367.848700929,1263263.9355271992,-21.05947404754427,840680.81
20190215,1818189.6706607623,10064.78,18.76,100.0,1.0,0.0,2308.0,台達電,台達電,1240381.747688637,1259905.9771658832,-21.780166132185464,827343.07
20190218,1826210.6022695792,10145.28,18.91,100.0,1.0,0.0,2308.0,台達電,台達電,1250302.5537756986,1269979.852249832,-21.435099856630863,841490.19
20190219,1810039.3124355588,10152.26,18.88,100.0,1.0,0.0,2308.0,台達電,台達電,1251162.7677693344,1267965.077233042,-22.13080043433004,852169.22
20190220,1826758.5462850253,10272.46,19.09,100.0,1.0,0.0,2308.0,台達電,台達電,1265976.194994984,1282068.5023505709,-21.41152690901783,865807.94
20190221,1843731.1885869424,10319.53,19.27,100.0,1.0,0.0,2308.0,台達電,台達電,1271777.0936598035,1294157.1524513096,-20.68135156891082,867486.74
20190222,1835720.7499460476,10322.92,19.24,100.0,1.0,0.0,2308.0,台達電,台達電,1272194.876673905,1292142.3774345198,-21.025966429400807,868731.64
20190225,1836694.6071078223,10390.93,19.38,100.0,1.0,0.0,2308.0,台達電,台達電,1280576.4173196324,1301544.6608462054,-20.98407039037132,884644.78
20190226,1826908.962478493,10391.55,19.43,100.0,1.0,0.0,2308.0,台達電,台達電,1280652.8260124768,1304902.6192075217,-21.405055895650012,877265.63
20190227,1826142.5202419555,10389.17,19.41,100.0,1.0,0.0,2308.0,台達電,台達電,1280359.5152238158,1303559.4358629952,-21.43802879467075,874608.8
20190304,1847644.940342565,10349.88,19.24,100.0,1.0,0.0,2308.0,台達電,台達電,1275517.4224143666,1292142.3774345198,-20.51297913941977,874550.88
20190305,1822229.6426702808,10305.26,19.19,100.0,1.0,0.0,2308.0,台達電,台達電,1270018.46132611,1288784.4190732036,-21.60636361613647,866724.01
20190306,1868149.420702027,10357.15,19.24,100.0,1.0,0.0,2308.0,台達電,台達電,1276413.3759578816,1292142.3774345198,-19.630861573170417,869366.17
20190307,1817025.4900739563,10311.68,19.16,100.0,1.0,0.0,2308.0,台達電,台達電,1270809.6610165313,1286769.6440564136,-21.83025002253064,843793.03
20190308,1778943.448783922,10241.75,19.0,100.0,1.0,0.0,2308.0,台達電,台達電,1262191.4999026405,1276024.1773002015,-23.46856696554309,839669.91
20190311,1786015.444970488,10250.28,19.04,100.0,1.0,0.0,2308.0,台達電,台達電,1263242.7356283874,1278710.5439892544,-23.16432457776955,842308.77
20190312,1741707.6368935003,10343.33,19.31,100.0,1.0,0.0,2308.0,台達電,台達電,1274710.2015464134,1296843.5191403625,-25.070478508107012,844002.64
20190313,1767752.5647108692,10373.32,19.27,100.0,1.0,0.0,2308.0,台達電,台達電,1278406.1639631956,1294157.1524513096,-23.95000688743531,847541.51
20190314,1781056.4704341225,10348.65,19.26,100.0,1.0,0.0,2308.0,台達電,台達電,1275365.8374269495,1293485.5607790465,-23.377663246803056,846776.63
20190315,1800441.9110913866,10439.24,19.4,100.0,1.0,0.0,2308.0,台達電,台達電,1286530.1333701408,1302887.844190732,-22.543687577414005,856664.4
20190318,1810279.385723835,10512.7,19.52,100.0,1.0,0.0,2308.0,台達電,台達電,1295583.3310739363,1310946.9442578913,-22.12047230793702,859724.87
20190319,1851761.0715423804,10512.32,19.6,100.0,1.0,0.0,2308.0,台達電,台達電,1295536.4999396123,1316319.6776359973,-20.335900199954295,864766.27
20190320,1863914.9135160127,10551.56,19.63,100.0,1.0,0.0,2308.0,台達電,台達電,1300372.430757703,1318334.4526527869,-19.81303313312749,868063.26
20190321,1909794.8991966492,10609.55,19.79,100.0,1.0,0.0,2308.0,台達電,台達電,1307519.1083352023,1329079.9194089994,-17.83924298586915,875180.83
20190322,1921481.910449983,10639.07,19.84,100.0,1.0,0.0,2308.0,台達電,台達電,1311157.1480332157,1332437.8777703156,-17.33645931406727,875327.17
20190325,1917974.7086291064,10479.48,19.54,100.0,1.0,0.0,3037.0,欣興,欣興,1291489.3040154,1312290.1276024175,-17.487341671500424,854751.22
20190326,1870016.07607493,10559.2,19.66,100.0,1.0,0.0,3037.0,欣興,欣興,1301313.98303727,1320349.2276695769,-19.55055670975984,867454.59
20190327,1884176.6199067573,10542.7,19.63,100.0,1.0,0.0,3037.0,欣興,欣興,1299280.5258889906,1318334.4526527869,-18.94135987849586,870403.93
20190328,1907562.950584848,10536.26,19.63,100.0,1.0,0.0,3037.0,欣興,欣興,1298486.8614020254,1318334.4526527869,-17.935263028460817,868931.46
20190329,1896219.9937047684,10641.04,19.79,100.0,1.0,0.0,3037.0,欣興,欣興,1311399.9304927376,1329079.9194089994,-18.423245232433626,881260.85
20190401,1976180.4736348295,10642.63,19.96,100.0,1.0,0.0,3037.0,欣興,欣興,1311595.8818179353,1340496.977837475,-14.983287588274788,899141.16
20190402,1986758.0044040305,10690.3,20.04,100.0,1.0,0.0,3037.0,欣興,欣興,1317470.724379056,1345869.7112155808,-14.52823456886241,914942.0
20190403,2109602.698126465,10704.38,20.04,100.0,1.0,0.0,3037.0,欣興,欣興,1319205.9411455882,1345869.7112155808,-9.243367049502153,920145.81
20190408,2227189.920538003,10800.57,20.23,100.0,1.0,0.0,3037.0,欣興,欣興,1331060.3801209228,1358629.9529885831,-4.184679746177151,941918.99
20190409,2111206.589133511,10851.6,20.35,100.0,1.0,0.0,3037.0,欣興,欣興,1337349.3085013295,1366689.053055742,-9.174366499043844,948682.68
20190410,2115957.536292003,10868.14,20.38,100.0,1.0,0.0,3037.0,欣興,欣興,1339387.6952426962,1368703.8280725318,-8.969977318174188,944857.69
20190411,2099267.200379427,10808.77,20.29,80.0,0.8,20.0,3037.0,欣興,欣興,1332070.9467037043,1362659.5030221625,-9.688007633353164,936423.97
20190412,2102964.1612147414,10805.3,20.27,80.0,0.8,20.0,3037.0,欣興,欣興,1331643.3045034297,1361316.3196776358,-9.528961705956045,933676.37
20190415,2133129.8942217585,10875.6,20.46,80.0,0.8,20.0,3037.0,欣興,欣興,1340307.064353373,1374076.561450638,-8.231210067397775,946390.02
20190416,2138304.602860032,10927.85,20.52,80.0,0.8,20.0,3037.0,欣興,欣興,1346746.3453229254,1378106.1114842177,-8.00859036136182,955022.38
20190417,2160684.136429241,10997.26,20.69,80.0,0.8,20.0,3037.0,欣興,欣興,1355300.4217266887,1389523.169912693,-7.04580665069069,967766.79
20190418,2161427.7095167036,10962.02,20.68,80.0,0.8,20.0,3037.0,欣興,欣興,1350957.450217272,1388851.5782404295,-7.013817598993584,962238.48
20190419,2165468.4288509116,10968.5,20.7,80.0,0.8,20.0,3037.0,欣興,欣興,1351756.0442973236,1390194.7615849562,-6.83998293249625,968695.89
20190422,2176295.7709951657,10987.71,20.68,80.0,0.8,20.0,3037.0,欣興,欣興,1354123.4813772296,1388851.5782404295,-6.37418284715875,961373.67
20190423,2137133.586811132,11025.68,20.76,80.0,0.8,20.0,3037.0,欣興,欣興,1358802.8976148162,1394224.311618536,-8.058968318227146,965638.64
20190424,2192612.0398290167,11027.64,20.8,80.0,0.8,20.0,3037.0,欣興,欣興,1359044.4476760663,1396910.6783075891,-5.672245168092181,967068.84
20190425,2197441.581766966,11039.86,20.85,80.0,0.8,20.0,3037.0,欣興,欣興,1360550.4383640653,1400268.6366689054,-5.464474782999884,969471.11
20190426,2088344.3890769,10952.47,20.61,80.0,0.8,20.0,3037.0,欣興,欣興,1349780.5098678127,1384150.4365345868,-10.157914870887222,951489.4
20190429,1958902.2141958463,10939.06,20.7,80.0,0.8,20.0,3037.0,欣興,欣興,1348127.8637854836,1390194.7615849562,-15.726610798526613,927441.48
20190430,2035184.171007473,10967.73,20.7,80.0,0.8,20.0,3037.0,欣興,欣興,1351661.1496304036,1390194.7615849562,-12.444905877857474,933575.56
20190502,2035378.2386173657,11004.49,20.75,80.0,0.8,20.0,3037.0,欣興,欣興,1356191.4456771165,1393552.719946273,-12.436556949002648,935229.06
20190503,2059364.0242110896,11096.3,20.94,80.0,0.8,20.0,3037.0,欣興,欣興,1367506.0942094536,1406312.9617192748,-11.40467111519506,952237.12
20190506,1974023.9390407105,10897.12,20.57,80.0,0.8,20.0,3037.0,欣興,欣興,1342959.1854340383,1381464.069845534,-15.076063265314534,925714.29
20190507,2032690.0150397036,10987.14,20.79,80.0,0.8,20.0,3037.0,欣興,欣興,1354053.2346757436,1396239.0866353256,-12.552206270433372,937478.4
20190508,2074749.3092844833,10923.71,20.64,80.0,0.8,20.0,3037.0,欣興,欣興,1346236.1324384478,1386165.2115513766,-10.742785030443269,936791.94
20190509,1935592.7354476908,10733.67,20.39,100.0,1.0,0.0,3017.0,奇鋐,奇鋐,1322815.6356833524,1369375.4197447952,-16.72940142298522,905784.39
20190510,1974304.5901566448,10712.99,20.38,100.0,1.0,0.0,3017.0,奇鋐,奇鋐,1320267.0360575086,1368703.8280725318,-15.063989451444924,907889.49
20190513,1940431.7172863104,10558.29,20.04,100.0,1.0,0.0,3017.0,奇鋐,奇鋐,1301201.834794547,1345869.7112155808,-16.521224926542676,884668.69
20190514,2056567.2814131717,10519.25,19.91,100.0,1.0,0.0,3017.0,奇鋐,奇鋐,1296390.5519418898,1337139.0194761583,-11.524989011921788,889447.19
20190515,2029952.8813007665,10560.71,19.94,100.0,1.0,0.0,3017.0,奇鋐,奇鋐,1301500.0751762944,1339153.7944929483,-12.669959742355728,898740.89
20190516,1921075.7899318335,10474.61,19.76,100.0,1.0,0.0,3017.0,奇鋐,奇鋐,1290889.1260570895,1327065.1443922096,-17.353930912312805,873647.29
20190517,1742033.4619029225,10384.11,19.56,0.0,0.0,100.0,,,,1279735.9216983437,1313633.310946944,-25.056461280686676,850393.43
20190520,1742033.4619029225,10398.41,19.55,0.0,0.0,100.0,,,,1281498.2512268524,1312961.719274681,-25.056461280686676,852275.87
20190521,1742033.4619029225,10464.5,19.6,0.0,0.0,100.0,,,,1289643.1714044162,1316319.6776359973,-25.056461280686676,864261.99
20190522,1742033.4619029225,10457.22,19.6,0.0,0.0,100.0,,,,1288745.98546263,1316319.6776359973,-25.056461280686676,854803.58
20190523,1742033.4619029225,10308.37,19.24,0.0,0.0,100.0,,,,1270401.7371886035,1292142.3774345198,-25.056461280686676,836694.91
20190524,1742033.4619029225,10328.28,19.34,0.0,0.0,100.0,,,,1272855.442147528,1298858.2941571523,-25.056461280686676,826999.08
20190527,1742033.4619029225,10334.13,19.29,0.0,0.0,100.0,,,,1273576.3951364637,1295500.335795836,-25.056461280686676,822265.7
20190528,1742033.4619029225,10312.31,19.27,0.0,0.0,100.0,,,,1270887.3021076475,1294157.1524513096,-25.056461280686676,824821.28
20190529,1742033.4619029225,10301.78,19.19,0.0,0.0,100.0,,,,1269589.5867275638,1288784.4190732036,-25.056461280686676,824226.92
20190530,1742033.4619029225,10382.99,19.35,0.0,0.0,100.0,,,,1279597.8930919147,1299529.8858294156,-25.056461280686676,829609.6
20190531,1742033.4619029225,10498.49,19.61,0.0,0.0,100.0,,,,1293832.0931298726,1316991.2693082604,-25.056461280686676,852773.47
20190603,1742033.4619029225,10500.07,19.64,0.0,0.0,100.0,,,,1294026.8120567985,1319006.0443250504,-25.056461280686676,849488.69
20190604,1742033.4619029225,10429.12,19.51,0.0,0.0,100.0,,,,1285282.946319196,1310275.352585628,-25.056461280686676,840003.03
20190605,1742033.4619029225,10461.62,19.57,0.0,0.0,100.0,,,,1289288.240702171,1314304.9026192075,-25.056461280686676,836196.42
20190606,1742033.4619029225,10409.2,19.43,0.0,0.0,100.0,,,,1282828.0089620005,1304902.6192075217,-25.056461280686676,823691.04
20190610,1742033.4619029225,10566.47,19.76,0.0,0.0,100.0,,,,1302209.9365807849,1327065.1443922096,-25.056461280686676,848957.01
20190611,1742033.4619029225,10607.76,19.85,0.0,0.0,100.0,,,,1307298.509044571,1333109.469442579,-25.056461280686676,863728.15
20190612,1742033.4619029225,10615.66,19.93,0.0,0.0,100.0,,,,1308272.1036792018,1338482.2028206848,-25.056461280686676,864979.44
20190613,1742033.4619029225,10561.01,19.76,0.0,0.0,100.0,,,,1301537.0471244452,1327065.1443922096,-25.056461280686676,865842.25
20190614,1742033.4619029225,10524.67,19.73,0.0,0.0,100.0,,,,1297058.511805143,1325050.3693754196,-25.056461280686676,858955.81
20190617,1742033.4619029225,10530.54,19.68,0.0,0.0,100.0,,,,1297781.9295906222,1321692.411014103,-25.056461280686676,871124.92
20190618,1742033.4619029225,10566.74,19.73,0.0,0.0,100.0,,,,1302243.2113341205,1325050.3693754196,-25.056461280686676,868946.66
20190619,1742033.4619029225,10775.34,20.19,0.0,0.0,100.0,,,,1327951.0392814623,1355943.58629953,-25.056461280686676,895596.74
20190620,1742033.4619029225,10785.01,20.21,0.0,0.0,100.0,,,,1329142.7684101816,1357286.7696440564,-25.056461280686676,905876.9
20190621,1694751.0529426327,10803.77,20.21,60.0,0.6,40.0,3293.0,鈊象,鈊象,1331454.747567862,1357286.7696440564,-27.09058469114464,893850.59
20190624,1704752.862435409,10779.45,20.3,60.0,0.6,40.0,3293.0,鈊象,鈊象,1328457.554971125,1363331.0946944258,-26.66029961719073,898184.35
20190625,1708073.8095700236,10706.72,20.19,60.0,0.6,40.0,3293.0,鈊象,鈊象,1319494.3223411622,1355943.58629953,-26.51743007099045,879214.66
20190626,1721340.402265713,10652.55,20.09,60.0,0.6,40.0,3293.0,鈊象,鈊象,1312818.4209034464,1349227.6695768973,-25.946691663774835,884382.87
20190627,1698242.543832755,10773.9,20.38,60.0,0.6,40.0,3293.0,鈊象,鈊象,1327773.57393034,1368703.8280725318,-26.94037822930884,898452.37
20190628,1674933.332446815,10730.83,20.23,60.0,0.6,40.0,3293.0,鈊象,鈊象,1322465.634574194,1358629.9529885831,-27.94315735165167,901031.89
20190701,1685016.543143819,10895.46,20.66,60.0,0.6,40.0,3293.0,鈊象,鈊象,1342754.6073209387,1387508.3948959033,-27.50937033905291,949714.9
20190702,1661582.53823917,10865.12,20.61,60.0,0.6,40.0,3293.0,鈊象,鈊象,1339015.5109646476,1384150.4365345868,-28.517518168774696,948549.5
20190703,1702136.417138567,10743.77,20.38,60.0,0.6,40.0,3293.0,鈊象,鈊象,1324060.357937754,1368703.8280725318,-26.772860985097324,928172.25
20190704,1702136.417138567,10775.9,20.5,60.0,0.6,40.0,3293.0,鈊象,鈊象,1328020.0535846767,1376762.928139691,-26.772860985097324,935684.86
20190705,1717106.3465401111,10785.73,20.48,60.0,0.6,40.0,3293.0,鈊象,鈊象,1329231.5010857428,1375419.7447951646,-26.12884380157864,935311.77
20190708,1712145.2046078928,10751.22,20.4,60.0,0.6,40.0,3293.0,鈊象,鈊象,1324978.494650159,1370047.0114170583,-26.34227571354839,932080.2
20190709,1712145.2046078928,10702.78,20.38,60.0,0.6,40.0,3293.0,鈊象,鈊象,1319008.7574221184,1368703.8280725318,-26.34227571354839,913448.4
20190710,1690605.3133241162,10798.48,20.55,60.0,0.6,40.0,3293.0,鈊象,鈊象,1330802.8088821406,1380120.8865010072,-27.268937406184392,926247.32
20190711,1710658.621818241,10843.42,20.71,60.0,0.6,40.0,3293.0,鈊象,鈊象,1336341.2067150916,1390866.3532572195,-26.406229579700906,938327.86
20190712,1718949.3744280224,10824.35,20.69,60.0,0.6,40.0,3293.0,鈊象,鈊象,1333991.023210989,1389523.169912693,-26.04955540965099,931251.3
20190715,1745394.7494192226,10876.43,20.8,60.0,0.6,40.0,3293.0,鈊象,鈊象,1340409.353409923,1396910.6783075891,-24.911856262107165,940933.49
20190716,1720850.1357555147,10886.05,20.84,60.0,0.6,40.0,3293.0,鈊象,鈊象,1341594.9205472833,1399597.044996642,-25.967783283421287,940768.1
20190717,1712590.0551038885,10828.48,20.7,60.0,0.6,40.0,3293.0,鈊象,鈊象,1334500.0036971949,1390194.7615849562,-26.323137923660862,925862.56
20190718,1702645.9838161883,10799.28,20.68,60.0,0.6,40.0,3293.0,鈊象,鈊象,1330901.4007438757,1388851.5782404295,-26.750939058297668,912276.36
20190719,1705973.630690096,10873.19,20.75,60.0,0.6,40.0,3293.0,鈊象,鈊象,1340010.056369897,1393552.719946273,-26.60778128447025,927759.35
20190722,1709296.955944687,10944.53,20.85,60.0,0.6,40.0,3293.0,鈊象,鈊象,1348801.9856400955,1400268.6366689054,-26.46480942982961,935886.0
20190723,1704318.421121547,10947.26,20.9,60.0,0.6,40.0,3293.0,鈊象,鈊象,1349138.4303682651,1403626.5950302216,-26.678989596538848,939565.18
20190724,1699330.172084118,10935.76,20.89,60.0,0.6,40.0,3293.0,鈊象,鈊象,1347721.172355828,1402955.0033579585,-26.893587675768497,948233.95
20190725,1694332.1421662236,10941.41,20.95,60.0,0.6,40.0,3293.0,鈊象,鈊象,1348417.4773793295,1406984.553391538,-27.108606535545643,950291.64
20190726,1701009.3131698344,10891.98,20.81,60.0,0.6,40.0,3293.0,鈊象,鈊象,1342325.7327223923,1397582.269979852,-26.821349812533008,951500.25
20190729,1714328.7988194514,10885.73,20.86,60.0,0.6,40.0,3293.0,鈊象,鈊象,1341555.4838025894,1400940.2283411685,-26.248335912207004,946167.18
20190730,1697765.2355458336,10830.9,20.8,60.0,0.6,40.0,3293.0,鈊象,鈊象,1334798.2440789423,1396910.6783075891,-26.96091237682336,928972.6
20190731,1711102.8347776174,10823.81,20.7,60.0,0.6,40.0,3293.0,鈊象,鈊象,1333924.4737043178,1390194.7615849562,-26.38711921709956,937819.82
20190801,1716078.5780774553,10731.75,20.57,60.0,0.6,40.0,3293.0,鈊象,鈊象,1322579.015215189,1381464.069845534,-26.173059143740563,940504.57
20190802,1599701.0444527809,10549.04,20.24,100.0,1.0,0.0,3105.0,穩懋,穩懋,1300061.8663932383,1359301.544660846,-31.17970476105937,915842.69
20190805,1593327.733518706,10423.41,20.04,100.0,1.0,0.0,3105.0,穩懋,穩懋,1284579.2469060642,1345869.7112155808,-31.4538892042424,897792.49
20190806,1679367.431128716,10394.75,20.02,100.0,1.0,0.0,3105.0,穩懋,穩懋,1281047.1934594158,1344526.5278710544,-27.75239922127149,903013.13
20190807,1669807.4647276038,10386.18,19.93,100.0,1.0,0.0,3105.0,穩懋,穩懋,1279991.028140582,1338482.2028206848,-28.163675886046036,900972.13
20190808,1746287.195936502,10494.49,20.16,100.0,1.0,0.0,3105.0,穩懋,穩懋,1293339.1338211985,1353928.8112827402,-24.87346256784966,917117.85
20190812,1692114.052996866,10472.36,20.15,100.0,1.0,0.0,3105.0,穩懋,穩懋,1290611.836445961,1353257.2196104766,-27.204030334905426,920786.1
20190813,1660247.4983264918,10362.66,19.93,100.0,1.0,0.0,3105.0,穩懋,穩懋,1277092.4274055797,1338482.2028206848,-28.574952550820576,909084.41
20190814,1692114.0529968662,10427.73,20.07,100.0,1.0,0.0,3105.0,穩懋,穩懋,1285111.6429594315,1347884.4862323706,-27.20403033490541,914622.57
20190815,1653874.187392417,10327.13,19.85,100.0,1.0,0.0,3105.0,穩懋,穩懋,1272713.716346284,1333109.469442579,-28.8491369940036,903733.72
20190816,1672994.120194642,10420.89,20.09,100.0,1.0,0.0,3105.0,穩懋,穩懋,1284268.6825415995,1349227.6695768973,-28.026583664454495,907811.04
20190819,1720793.952200203,10488.75,20.2,100.0,1.0,0.0,3105.0,穩懋,穩懋,1292631.7372132516,1356615.1779717929,-25.970200340581773,927602.82
20190820,1711233.9857990907,10522.5,20.25,100.0,1.0,0.0,3105.0,穩懋,穩懋,1296791.0813801875,1359973.136333109,-26.38147700535632,930352.65
20190821,1749473.8514035395,10525.8,20.27,100.0,1.0,0.0,3105.0,穩懋,穩懋,1297197.7728098433,1361316.3196776358,-24.73637034625814,929983.79
20190822,1695300.7084639035,10529.78,20.23,100.0,1.0,0.0,3105.0,穩懋,穩懋,1297688.2673219738,1358629.9529885831,-27.0669381133139,928208.81
20190823,1714420.641266128,10538.11,20.25,100.0,1.0,0.0,3105.0,穩懋,穩懋,1298714.8550822877,1359973.136333109,-26.244384783764808,932734.57
20190826,1685740.7420627913,10354.57,19.91,100.0,1.0,0.0,3105.0,穩懋,穩懋,1276095.4172037868,1337139.0194761583,-27.478214778088443,896575.47
20190827,1650687.5319253798,10387.23,19.96,100.0,1.0,0.0,3105.0,穩懋,穩懋,1280120.4299591088,1340496.977837475,-28.98622921559511,899220.43
20190828,1612447.666320931,10434.29,20.1,100.0,1.0,0.0,3105.0,穩懋,穩懋,1285920.0962256573,1349899.2612491604,-30.63133587469329,908467.62
20190829,1650687.53192538,10462.43,20.14,100.0,1.0,0.0,3105.0,穩懋,穩懋,1289388.0649621775,1352585.6279382135,-28.9862292155951,914236.25
20190830,1660247.4983264925,10618.05,20.46,100.0,1.0,0.0,3105.0,穩懋,穩懋,1308566.6468661344,1374076.561450638,-28.57495255082054,929643.02
20190902,1669807.4647276043,10634.85,20.48,100.0,1.0,0.0,3105.0,穩懋,穩懋,1310637.075962565,1375419.7447951646,-28.163675886046008,940643.4
20190903,1669807.4647276043,10558.21,20.3,100.0,1.0,0.0,3105.0,穩懋,穩懋,1301191.9756083733,1363331.0946944258,-28.163675886046008,934445.55
20190904,1717607.2967331656,10657.31,20.54,100.0,1.0,0.0,3105.0,穩懋,穩懋,1313405.0424807684,1379449.294828744,-26.107292562173285,947130.19
20190905,1714420.641266128,10756.93,20.75,100.0,1.0,0.0,3105.0,穩懋,穩懋,1325682.194063291,1393552.719946273,-26.244384783764808,955342.82
20190906,1695300.7084639035,10780.64,20.88,100.0,1.0,0.0,3105.0,穩懋,穩懋,1328604.2103654551,1402283.411685695,-27.0669381133139,960799.59
20190909,1685740.7420627913,,20.95,100.0,1.0,0.0,3105.0,穩懋,穩懋,,1406984.553391538,-27.478214778088443,956870.63
20190910,1641127.5655242675,10753.58,20.85,100.0,1.0,0.0,3105.0,穩懋,穩懋,1325269.3406422767,1400268.6366689054,-29.397505880369657,940786.18
20190911,1688927.3975298286,10790.35,20.86,100.0,1.0,0.0,3105.0,穩懋,穩懋,1329800.8690872611,1400940.2283411685,-27.341122556496934,952450.64
20190912,1692114.0529968662,10827.55,20.98,100.0,1.0,0.0,3105.0,穩懋,穩懋,1334385.3906579278,1408999.3284083277,-27.20403033490541,959015.21
20190916,1682554.086595754,10898.13,21.1,100.0,1.0,0.0,3105.0,穩懋,穩懋,1343083.6576594785,1417058.428475487,-27.615306999679955,958574.12
20190917,1672821.1706008436,10874.5,21.06,100.0,1.0,0.0,3037.0,欣興,欣興,1340171.5005434875,1414372.0617864337,-28.034024080992275,959982.46
20190918,1665214.0373375325,10929.45,21.24,100.0,1.0,0.0,3037.0,欣興,欣興,1346943.5290463949,1426460.7118871724,-28.361288452618737,968143.11
20190919,1672644.7352347546,10894.7,21.11,100.0,1.0,0.0,3037.0,欣興,欣興,1342660.9450522906,1417730.0201477502,-28.041614457973612,971162.84
20190920,1684221.8028890062,10929.69,21.18,100.0,1.0,0.0,3037.0,欣興,欣興,1346973.106604915,1422431.161853593,-27.54356063927443,984162.0
20190923,1713216.4324035577,10919.02,21.13,100.0,1.0,0.0,3037.0,欣興,欣興,1345658.137649028,1419073.2034922766,-26.296190719466868,987356.93
20190924,1669664.509411566,10918.01,21.16,100.0,1.0,0.0,3037.0,欣興,欣興,1345533.6654235877,1421087.9785090664,-28.169825927073894,975573.38
20190925,1657617.355507515,10873.69,21.02,100.0,1.0,0.0,3037.0,欣興,欣興,1340071.6762834813,1411685.6950973806,-28.68810319603034,970545.27
20190926,1645518.086573971,10871.99,21.07,100.0,1.0,0.0,3037.0,欣興,欣興,1339862.1685772946,1415043.653458697,-29.208622491225693,972288.14
20190927,1609004.7270761183,10829.68,21.15,100.0,1.0,0.0,3037.0,欣興,欣興,1334647.891489797,1420416.386836803,-30.77945360965344,963031.54
20191001,1631363.387675505,10967.65,21.49,100.0,1.0,0.0,3037.0,欣興,欣興,1351651.2904442302,1443250.503693754,-29.817567869231603,984533.24
20191002,1668388.4200241591,10947.88,21.41,100.0,1.0,0.0,3037.0,欣興,欣興,1349214.8390611096,1437877.770315648,-28.22472421491159,998904.06
20191003,1668838.0683582595,10875.91,21.2,100.0,1.0,0.0,3037.0,欣興,欣興,1340345.2686997952,1423774.3451981195,-28.20538001856078,1005361.0
20191004,1675353.5823191183,10894.48,21.29,100.0,1.0,0.0,3037.0,欣興,欣興,1342633.8322903134,1429818.670248489,-27.925077898377364,1005954.56
20191007,1699137.3590697066,10935.06,21.36,100.0,1.0,0.0,3037.0,欣興,欣興,1347634.9044768098,1434519.8119543316,-26.901882631018857,1023529.84
20191008,1688686.209136621,11017.31,21.63,100.0,1.0,0.0,3037.0,欣興,欣興,1357771.380261416,1452652.7871054397,-27.351498655510127,1022547.89
20191009,1629622.0317579354,10889.96,21.45,100.0,1.0,0.0,3037.0,欣興,欣興,1342076.788271512,1440564.1370047012,-29.892482259503943,1005801.36
20191014,1747590.9177913652,11066.95,21.89,100.0,1.0,0.0,3037.0,欣興,欣興,1363889.005282059,1470114.170584285,-24.817375511288517,1029177.94
20191015,1741307.5083749697,11111.8,21.93,100.0,1.0,0.0,3037.0,欣興,欣興,1369416.311530565,1472800.5372733376,-25.087692326197775,1024649.74
20191016,1760322.4781990375,11162.83,22.02,100.0,1.0,0.0,3037.0,欣興,欣興,1375705.2399109714,1478844.8623237072,-24.269654579839017,1019688.7
20191017,1734321.4716232647,11186.88,22.04,100.0,1.0,0.0,3037.0,欣興,欣興,1378669.157754373,1480188.0456682337,-25.38823667694981,1037911.26
20191018,1721923.238496604,11180.22,21.99,100.0,1.0,0.0,3037.0,欣興,欣興,1377848.3805054312,1476830.0873069174,-25.921617627832344,1038344.77
20191021,1721475.985707384,11184.15,21.96,100.0,1.0,0.0,3037.0,欣興,欣興,1378332.713026203,1474815.3122901276,-25.94085876611083,1039214.29
20191022,1771179.6197229938,11271.25,22.18,100.0,1.0,0.0,3037.0,欣興,欣興,1389066.9019725765,1489590.3290799193,-23.80257250364694,1044941.46
20191023,1781452.636470307,11239.67,22.11,100.0,1.0,0.0,3037.0,欣興,欣興,1385174.9882305963,1484889.1873740763,-23.360619897567037,1049009.9
20191024,1771785.3629284687,11320.14,22.2,100.0,1.0,0.0,3037.0,欣興,欣興,1395092.097122843,1490933.512424446,-23.776512993100063,1061815.07
20191025,1756475.1487657726,11296.12,22.2,100.0,1.0,0.0,3037.0,欣興,欣興,1392131.8764742566,1490933.512424446,-24.4351694730104,1048490.18
20191028,1751753.3471475872,11315.02,22.3,100.0,1.0,0.0,3037.0,欣興,欣興,1394461.1092077403,1497649.429147079,-24.638304791668887,1057864.66
20191029,1728155.166670257,11333.87,22.36,100.0,1.0,0.0,3037.0,欣興,欣興,1396784.179949866,1501678.979180658,-25.65351557319789,1045917.23
20191030,1752338.8501171896,11380.28,22.46,100.0,1.0,0.0,3037.0,欣興,欣興,1402503.7403287543,1508394.895903291,-24.61311603069943,1050303.5
20191031,1739525.1156548855,11358.71,22.52,100.0,1.0,0.0,3037.0,欣興,欣興,1399845.4572567306,1512424.4459368703,-25.164372149376785,1040839.77
20191101,1718526.7138527203,11399.53,22.52,100.0,1.0,0.0,2313.0,華通,華通,1404876.1070017477,1512424.4459368703,-26.067738573110823,1051784.18
20191104,1751186.70740111,11556.85,23.05,100.0,1.0,0.0,2313.0,華通,華通,1424264.1966118908,1548018.8045668232,-24.662682043144667,1057785.45
20191105,1732587.2228907042,11644.03,23.23,100.0,1.0,0.0,2313.0,華通,華通,1435008.2447444375,1560107.4546675622,-25.46284531098581,1080015.31
20191106,1709880.3953385386,11653.07,23.34,100.0,1.0,0.0,2313.0,華通,華通,1436122.3327820406,1567494.963062458,-26.43970944538056,1066131.43
20191107,1677994.6469717612,11606.56,23.21,100.0,1.0,0.0,2313.0,華通,華通,1430390.448420435,1558764.2713230357,-27.811457387988693,1044075.53
20191108,1747315.0726216624,11579.54,23.14,100.0,1.0,0.0,2313.0,華通,華通,1427060.5082903432,1554063.1296171928,-24.829242569877376,1037068.05
20191111,1781868.9899593005,11427.28,22.79,100.0,1.0,0.0,2313.0,華通,華通,1408296.0122056725,1530557.4210879784,-23.342708069519126,1012968.4
20191112,1865756.8793876627,11520.37,23.0,100.0,1.0,0.0,2313.0,華通,華通,1419768.407716785,1544660.846205507,-19.73379042990704,1037096.24
20191113,1885508.342299432,11467.83,22.86,100.0,1.0,0.0,2313.0,華通,華通,1413293.3871973536,1535258.562793821,-18.884068218558536,1042090.53
20191114,1924599.5969648368,11450.42,22.85,100.0,1.0,0.0,2313.0,華通,華通,1411147.7818063507,1534586.971121558,-17.20233418665131,1036619.83
20191115,1905159.222266746,11525.6,23.07,100.0,1.0,0.0,2313.0,華通,華通,1420412.952012876,1549361.98791135,-18.038673158184512,1040589.84
20191118,1913337.1591065384,11599.78,23.23,100.0,1.0,0.0,2313.0,華通,華通,1429554.882392233,1560107.4546675622,-17.686852404105775,1046664.77
20191119,1891172.8670384756,11656.4,23.4,100.0,1.0,0.0,2313.0,華通,華通,1436532.7214065113,1571524.513096037,-18.640376269815302,1050258.19
20191120,1863302.951103172,11631.2,23.31,100.0,1.0,0.0,2313.0,華通,華通,1433427.0777618664,1565480.1880456682,-19.839360198470654,1033995.23
20191121,1839142.815372218,11558.27,23.13,100.0,1.0,0.0,2313.0,華通,華通,1424439.19716647,1553391.5379449294,-20.878746701206783,1036533.98
20191122,1841562.8699776896,11566.8,23.14,100.0,1.0,0.0,2313.0,華通,華通,1425490.4328922168,1554063.1296171928,-20.77463420279938,1035278.58
20191125,1843480.9157703584,11561.58,23.15,100.0,1.0,0.0,2313.0,華通,華通,1424847.1209943974,1554734.721289456,-20.69211848638412,1040436.53
20191126,1876404.9617787888,11576.82,23.21,100.0,1.0,0.0,2313.0,華通,華通,1426725.2959604447,1558764.2713230357,-19.275702228722853,1047507.75
20191127,1863237.484012072,11647.46,23.3,100.0,1.0,0.0,2313.0,華通,華通,1435430.9573516252,1564808.5963734048,-19.84217664005112,1057248.35
20191128,1839821.0286864156,11617.08,23.24,100.0,1.0,0.0,2313.0,華通,華通,1431686.9314022474,1560779.0463398253,-20.84956947419934,1053199.18
20191129,1829815.120928996,11489.57,22.88,100.0,1.0,0.0,2313.0,華通,華通,1415972.6210399962,1536601.7461383475,-21.280030858460535,1038039.86
20191202,1850796.8309804564,11502.83,23.01,100.0,1.0,0.0,2313.0,華通,華通,1417606.78114825,1545332.4378777705,-20.37738252590706,1037859.17
20191203,1825050.4656779312,11531.58,23.01,100.0,1.0,0.0,2313.0,華通,華通,1421149.9261793434,1545332.4378777705,-21.48500977138123,1047882.12
20191204,1795831.9062920185,11510.47,22.93,100.0,1.0,0.0,2313.0,華通,華通,1418548.333427817,1539959.704499664,-22.742013316117244,1040619.95
20191205,1836918.8524951215,11594.65,23.23,100.0,1.0,0.0,2313.0,華通,華通,1428922.6620788586,1560107.4546675622,-20.97442319171916,1061440.93
20191206,1855767.6662366465,11609.64,23.26,100.0,1.0,0.0,2313.0,華通,華通,1430770.0270881138,1562122.229684352,-20.16353360013347,1065965.98
20191209,1861651.697675853,11660.77,23.41,100.0,1.0,0.0,2313.0,華通,華通,1437071.2794512378,1572196.104768301,-19.91039831448393,1078071.72
20191210,1887836.6394687428,11627.84,23.25,100.0,1.0,0.0,2313.0,華通,華通,1433012.99194258,1561450.6380120886,-18.783903191379483,1073750.08
20191211,1884177.5716578548,11700.77,23.44,100.0,1.0,0.0,2313.0,華通,華通,1442000.8725379764,1574210.8797850907,-18.941318933475692,1083634.0
20191212,1931411.893542976,11836.42,23.96,100.0,1.0,0.0,2313.0,華通,華通,1458718.3550933788,1609133.6467427805,-16.909264263750096,1091641.16
20191213,1886387.600892735,11927.73,24.23,100.0,1.0,0.0,2337.0,旺宏,旺宏,1469971.3837121313,1627266.6218938886,-18.84624187832307,1090281.92
20191216,1912446.2329041944,11939.77,24.21,100.0,1.0,0.0,2337.0,旺宏,旺宏,1471455.1912312398,1625923.438549362,-17.725180693315824,1108301.15
20191217,1905080.928040618,12097.01,24.54,100.0,1.0,0.0,2337.0,旺宏,旺宏,1490833.4216552095,1648085.9637340496,-18.04204143238569,1119829.73
20191218,1883984.702608741,12122.45,24.55,100.0,1.0,0.0,2337.0,旺宏,旺宏,1493968.642858375,1648757.555406313,-18.949616299379464,1110686.53
20191219,1903450.0960037464,12018.9,24.41,100.0,1.0,0.0,2337.0,旺宏,旺宏,1481207.1587550803,1639355.271994627,-18.112201005420804,1104365.32
20191220,1899868.771868827,11959.08,24.24,100.0,1.0,0.0,2337.0,旺宏,旺宏,1473834.952293863,1627938.2135661514,-18.26627215838164,1094338.88
20191223,1876131.346345581,12022.23,24.29,100.0,1.0,0.0,2337.0,旺宏,旺宏,1481617.5473795517,1631296.171927468,-19.287473362435968,1089456.85
20191224,1871924.7738201425,11976.38,24.3,100.0,1.0,0.0,2337.0,旺宏,旺宏,1475967.0013038772,1631967.7635997315,-19.46844315310316,1093007.95
20191225,1895319.184735657,12008.13,24.34,100.0,1.0,0.0,2337.0,旺宏,旺宏,1479879.865816476,1634654.1302887842,-18.461998685413544,1103904.87
20191226,1871228.838459323,12001.01,24.34,100.0,1.0,0.0,2337.0,旺宏,旺宏,1479002.3982470366,1634654.1302887842,-19.498382795366258,1102124.18
20191227,1930737.135741918,12091.59,24.5,100.0,1.0,0.0,2337.0,旺宏,旺宏,1490165.4617919563,1645399.5970449967,-16.938292832084535,1116472.38
20191230,1924628.130520917,12053.37,24.45,100.0,1.0,0.0,2337.0,旺宏,旺宏,1485455.2355975776,1642041.6386836802,-17.20110665244392,1114092.08
20191231,1920191.2084653357,11997.14,24.24,100.0,1.0,0.0,2337.0,旺宏,旺宏,1478525.460115895,1627938.2135661514,-17.391986246400627,1120086.5
20200102,1952588.9293020132,12100.48,24.41,100.0,1.0,0.0,2337.0,旺宏,旺宏,1491261.063855484,1639355.271994627,-15.998212878070031,1149385.9
20200103,1930044.7127896876,12110.43,24.41,100.0,1.0,0.0,2337.0,旺宏,旺宏,1492487.3001358104,1639355.271994627,-16.96808136799127,1133298.95
20200106,1966689.940778426,11953.36,24.1,100.0,1.0,0.0,2337.0,旺宏,旺宏,1473130.020482459,1618535.930154466,-15.391577171767562,1114732.93
20200107,1907354.1609857513,11880.32,24.02,100.0,1.0,0.0,2337.0,旺宏,旺宏,1464128.5835060745,1613163.1967763598,-17.944245307932654,1090929.01
20200108,1926155.3278879349,11817.1,23.91,100.0,1.0,0.0,2337.0,旺宏,旺宏,1456337.361632484,1605775.688381464,-17.13540551781582,1079706.35
20200109,1968007.5393700732,11970.63,24.24,100.0,1.0,0.0,2337.0,旺宏,旺宏,1475258.3722976586,1627938.2135661514,-15.33489312795949,1100204.61
20200110,1975482.857711828,12024.65,24.32,100.0,1.0,0.0,2337.0,旺宏,旺宏,1481915.7877612992,1633310.946944258,-15.013299529537727,1101986.26
20200113,2019300.5702381928,12113.42,24.5,100.0,1.0,0.0,2337.0,旺宏,旺宏,1492855.787219044,1645399.5970449967,-13.1282298640422,1115459.7
20200114,2045800.684624398,12179.81,24.65,100.0,1.0,0.0,2337.0,旺宏,旺宏,1501037.6793447584,1655473.4721289454,-11.98817578815816,1135258.32
20200115,2029844.9799785877,12091.88,24.4,100.0,1.0,0.0,2337.0,旺宏,旺宏,1490201.201341835,1638683.680322364,-12.674601735229812,1122195.78
20200116,2101411.872414405,12066.93,24.32,100.0,1.0,0.0,2337.0,旺宏,旺宏,1487126.367653982,1633310.946944258,-9.595742292182264,1132658.55
20200117,2066154.4038755188,12090.29,24.32,100.0,1.0,0.0,2337.0,旺宏,旺宏,1490005.2500166374,1633310.946944258,-11.112544073763791,1126987.96
20200120,2083713.9038955153,12118.71,24.43,100.0,1.0,0.0,2337.0,旺宏,旺宏,1493507.725904765,1640698.4553391538,-10.357121690428585,1137141.52
20200130,1932973.0996516969,11421.74,23.04,100.0,1.0,0.0,2337.0,旺宏,旺宏,1407613.2635631592,1547347.21289456,-16.842100048471504,1043904.43
20200131,1982380.292015003,11495.1,22.49,100.0,1.0,0.0,2337.0,旺宏,旺宏,1416654.137284238,1510409.6709200805,-14.716566920165649,1051974.68
20200203,1976163.8096105803,11354.92,22.26,100.0,1.0,0.0,2337.0,旺宏,旺宏,1399378.378311762,1494963.0624580255,-14.9840044866432,1043337.56
20200204,2010141.1847845935,11555.92,22.65,100.0,1.0,0.0,2337.0,旺宏,旺宏,1424149.5835726238,1521155.1376762926,-13.522273246904126,1077675.82
20200205,2004261.5218190989,11573.62,22.71,0.0,0.0,100.0,,,,1426330.928513506,1525184.6877098724,-13.77522059765693,1073920.11
20200206,2004261.5218190989,11749.68,23.07,0.0,0.0,100.0,,,,1448028.532484786,1549361.98791135,-13.77522059765693,1095130.39
20200207,2004261.5218190989,11612.81,22.8,0.0,0.0,100.0,,,,1431160.697340238,1531229.0127602415,-13.77522059765693,1068731.25
20200210,2004261.5218190989,11574.07,22.75,0.0,0.0,100.0,,,,1426386.3864357315,1527871.0543989253,-13.77522059765693,1063239.24
20200211,2004261.5218190989,11664.04,22.94,0.0,0.0,100.0,,,,1437474.2736860786,1540631.2961719276,-13.77522059765693,1093517.97
20200212,2004261.5218190989,11774.19,23.16,0.0,0.0,100.0,,,,1451049.1406486852,1555406.3129617192,-13.77522059765693,1120285.29
20200213,2004261.5218190989,11791.78,23.2,0.0,0.0,100.0,,,,1453216.9292085783,1558092.679650772,-13.77522059765693,1114539.4
20200214,2004261.5218190989,11815.7,23.24,0.0,0.0,100.0,,,,1456164.8258744483,1560779.0463398253,-13.77522059765693,1120690.5
20200217,2004261.5218190989,11763.51,23.07,0.0,0.0,100.0,,,,1449732.939294526,1549361.98791135,-13.77522059765693,1107483.01
20200218,2004261.5218190989,11648.98,22.76,0.0,0.0,100.0,,,,1435618.2818889213,1528542.6460711889,-13.77522059765693,1087488.83
20200219,2004261.5218190989,11758.84,23.02,0.0,0.0,100.0,,,,1449157.4093016493,1546004.0295500334,-13.77522059765693,1095944.88
20200220,2004261.5218190989,11725.09,22.93,0.0,0.0,100.0,,,,1444998.0651347134,1539959.704499664,-13.77522059765693,1103902.73
20200221,2004261.5218190989,11686.35,22.81,0.0,0.0,100.0,,,,1440223.754230207,1531900.604432505,-13.77522059765693,1102199.81
20200224,2004261.5218190989,11534.87,22.52,0.0,0.0,100.0,,,,1421555.3852107278,1512424.4459368703,-13.77522059765693,1094263.29
20200225,2004261.5218190989,11540.23,22.59,0.0,0.0,100.0,,,,1422215.950684351,1517125.5876427132,-13.77522059765693,1100780.87
20200226,2004261.5218190989,11433.62,22.36,0.0,0.0,100.0,,,,1409077.3527099206,1501678.979180658,-13.77522059765693,1073731.38
20200227,2004261.5218190989,11292.17,22.16,0.0,0.0,100.0,,,,1391645.079156941,1488247.1457353928,-13.77522059765693,1027789.42
20200302,2004261.5218190989,11170.46,21.84,0.0,0.0,100.0,,,,1376645.559792267,1466756.2122229685,-13.77522059765693,1027519.3
20200303,2004261.5218190989,11327.72,22.15,0.0,0.0,100.0,,,,1396026.2550127795,1487575.5540631297,-13.77522059765693,1049646.65
20200304,2004261.5218190989,11392.35,22.3,0.0,0.0,100.0,,,,1403991.245042678,1497649.429147079,-13.77522059765693,1051427.25
20200305,2004261.5218190989,11514.82,22.55,0.0,0.0,100.0,,,,1419084.4266759998,1514439.22095366,-13.77522059765693,1074966.17
20200306,2004261.5218190989,11321.81,22.09,0.0,0.0,100.0,,,,1395297.9076342145,1483546.00402955,-13.77522059765693,1065779.43
20200309,2004261.5218190989,10977.64,21.46,0.0,0.0,100.0,,,,1352882.4563176432,1441235.7286769643,-13.77522059765693,1012053.93
20200310,2004261.5218190989,11003.54,21.57,0.0,0.0,100.0,,,,1356074.3678413066,1448623.2370718603,-13.77522059765693,1030254.05
20200311,2004261.5218190989,10893.75,21.32,0.0,0.0,100.0,,,,1342543.867216481,1431833.4452652787,-13.77522059765693,1000509.9
20200312,2004261.5218190989,10422.32,20.54,0.0,0.0,100.0,,,,1284444.9154944504,1379449.294828744,-13.77522059765693,923784.33
20200313,2004261.5218190989,10128.87,20.25,0.0,0.0,100.0,,,,1248280.188211864,1359973.136333109,-13.77522059765693,893088.59
20200316,2004261.5218190989,9717.77,19.32,0.0,0.0,100.0,,,,1197616.2952629074,1297515.1108126258,-13.77522059765693,830179.13
20200317,2004261.5218190989,9439.63,18.71,0.0,0.0,100.0,,,,1163338.36973427,1256548.0188045667,-13.77522059765693,795021.67
20200318,2004261.5218190989,9218.67,18.2,0.0,0.0,100.0,,,,1136107.297523126,1222296.8435191405,-13.77522059765693,772116.9
20200319,2004261.5218190989,8681.34,17.14,0.0,0.0,100.0,,,,1069886.841190694,1151108.1262592345,-13.77522059765693,702940.18
20200320,2004261.5218190989,9234.09,18.5,0.0,0.0,100.0,,,,1138007.6556580637,1242444.5936870384,-13.77522059765693,758248.15
20200323,2004261.5218190989,8890.03,17.7,0.0,0.0,100.0,,,,1095605.7607224812,1188717.259905977,-13.77522059765693,736382.05
20200324,2004261.5218190989,9285.62,18.56,0.0,0.0,100.0,,,,1144358.2039520547,1246474.1437206178,-13.77522059765693,787138.58
20200325,2004261.5218190989,9644.75,19.21,0.0,0.0,100.0,,,,1188617.323083066,1290127.60241773,-13.77522059765693,830169.66
20200326,2004261.5218190989,9736.36,19.3,0.0,0.0,100.0,,,,1199907.3236499694,1296171.9274680994,-13.77522059765693,842123.42
20200327,2004261.5218190989,9698.92,19.15,0.0,0.0,100.0,,,,1195293.224520782,1286098.0523841502,-13.77522059765693,830577.33
20200330,2004261.5218190989,9629.43,18.96,0.0,0.0,100.0,,,,1186729.2889308452,1273337.8106111484,-13.77522059765693,829342.69
20200331,2004261.5218190989,9708.06,19.04,0.0,0.0,100.0,,,,1196419.6365411016,1278710.5439892544,-13.77522059765693,831540.87
20200401,2004261.5218190989,9663.63,18.98,0.0,0.0,100.0,,,,1190944.0910200067,1274680.9939556748,-13.77522059765693,839922.09
20200406,2004261.5218190989,9818.74,19.26,0.0,0.0,100.0,,,,1210059.8206121076,1293485.5607790465,-13.77522059765693,871897.57
20200407,2004261.5218190989,9996.39,19.63,0.0,0.0,100.0,,,,1231953.3759085855,1318334.4526527869,-13.77522059765693,899205.12
20200408,2004261.5218190989,10137.47,19.9,0.0,0.0,100.0,,,,1249340.050725513,1336467.427803895,-13.77522059765693,926776.57
20200409,2004261.5218190989,10119.43,19.81,0.0,0.0,100.0,,,,1247116.8042433937,1330423.1027535258,-13.77522059765693,913322.18
20200410,2004261.5218190989,10157.61,19.82,0.0,0.0,100.0,,,,1251822.1008446857,1331094.6944257892,-13.77522059765693,913894.0
20200413,2004261.5218190989,10099.22,19.7,0.0,0.0,100.0,,,,1244626.1273363188,1323035.5943586298,-13.77522059765693,903245.01
20200414,2004261.5218190989,10332.94,20.24,0.0,0.0,100.0,,,,1273429.739742133,1359301.544660846,-13.77522059765693,927414.09
20200415,2004261.5218190989,10447.21,20.3,0.0,0.0,100.0,,,,1287512.3547926734,1363331.0946944258,-13.77522059765693,943721.69
20200416,2004261.5218190989,10375.48,20.2,0.0,0.0,100.0,,,,1278672.3619898795,1356615.1779717929,-13.77522059765693,945709.68
20200417,2004261.5218190989,10597.04,20.81,0.0,0.0,100.0,,,,1305977.3780973249,1397582.269979852,-13.77522059765693,946423.79
20200420,2004261.5218190989,10586.71,20.75,0.0,0.0,100.0,,,,1304704.3106826746,1393552.719946273,-13.77522059765693,951976.18
20200421,2004261.5218190989,10288.42,20.15,0.0,0.0,100.0,,,,1267943.102636593,1353257.2196104766,-13.77522059765693,922365.06
20200422,2004261.5218190989,10307.74,20.15,0.0,0.0,100.0,,,,1270324.0960974875,1353257.2196104766,-13.77522059765693,935719.17
20200423,2004261.5218190989,10366.51,20.23,0.0,0.0,100.0,,,,1277566.9007401783,1358629.9529885831,-13.77522059765693,936511.54
20200424,2004261.5218190989,10347.36,20.23,0.0,0.0,100.0,,,,1275206.8580499024,1358629.9529885831,-13.77522059765693,934086.65
20200427,2004261.5218190989,10567.27,20.64,0.0,0.0,100.0,,,,1302308.5284425195,1386165.2115513766,-13.77522059765693,964628.47
20200428,2004261.5218190989,10616.06,20.64,0.0,0.0,100.0,,,,1308321.399610069,1386165.2115513766,-13.77522059765693,971020.9
20200429,2004261.5218190989,10772.22,20.93,0.0,0.0,100.0,,,,1327566.5310206967,1405641.3700470114,-13.77522059765693,986298.19
20200430,2004261.5218190989,10992.14,21.38,0.0,0.0,100.0,,,,1354669.433811586,1435862.9952988585,-13.77522059765693,1009017.75
20200504,2004261.5218190989,10720.48,20.75,0.0,0.0,100.0,,,,1321190.1023630004,1393552.719946273,-13.77522059765693,986598.23
20200505,1933700.7557251016,10774.61,20.85,100.0,1.0,0.0,2368.0,金像電,金像電,1327861.0742076295,1400268.6366689054,-16.810795758224415,992951.81
20200506,1915218.8475590935,10774.98,20.88,100.0,1.0,0.0,2368.0,金像電,金像電,1327906.6729436817,1402283.411685695,-17.60590080674224,993366.44
20200507,2001714.1085497437,10842.92,20.96,100.0,1.0,0.0,2368.0,金像電,金像電,1336279.5868015073,1407656.1450638012,-13.884812157842848,1003739.73
20200508,1953781.548671676,10901.42,21.09,100.0,1.0,0.0,2368.0,金像電,金像電,1343489.1166908627,1416386.8368032237,-15.946905530730046,1008921.67
20200511,1987128.8877002597,11013.26,21.26,100.0,1.0,0.0,2368.0,金像電,金像電,1357272.258961384,1427803.895231699,-14.512278901374302,1018397.39
20200512,2029215.19388237,10879.47,21.01,100.0,1.0,0.0,2368.0,金像電,金像電,1340784.0024845148,1411014.1034251177,-12.701695588315271,1003303.38
20200513,2014049.3244276815,10938.27,21.07,100.0,1.0,0.0,2368.0,金像電,金像電,1348030.5043220206,1415043.653458697,-13.35414225455091,1009099.73
20200514,1988950.6082348153,10780.88,20.82,100.0,1.0,0.0,2368.0,金像電,金像電,1328633.7879239756,1398253.8616521154,-14.43390716718952,980577.82
20200515,2101016.4038302507,10814.92,20.96,100.0,1.0,0.0,2368.0,金像電,金像電,1332828.8716407905,1407656.1450638012,-9.61275563652782,984787.24
20200518,2004459.428756862,10740.55,20.79,100.0,1.0,0.0,2368.0,金像電,金像電,1323663.5256942715,1396239.0866353256,-13.766706498141948,960470.89
20200519,2055582.2047270776,10860.44,20.98,100.0,1.0,0.0,2368.0,金像電,金像電,1338438.748573499,1408999.3284083277,-11.567367722997266,974569.27
20200520,2010449.8210114432,10907.8,20.95,100.0,1.0,0.0,2368.0,金像電,金像電,1344275.386788197,1406984.553391538,-13.508995493334558,973557.92
20200521,2054913.6081298904,11008.31,21.13,100.0,1.0,0.0,2368.0,金像電,金像電,1356662.2218169,1419073.2034922766,-11.596131231887693,983900.46
20200522,2011813.1323634875,10811.15,20.74,100.0,1.0,0.0,2368.0,金像電,金像電,1332364.2574923653,1392881.128274009,-13.450344853531812,959731.63
20200525,2014060.9363157323,10871.18,20.88,100.0,1.0,0.0,2368.0,金像電,金像電,1339762.3443172884,1402283.411685695,-13.35364270273358,968391.52
20200526,2128126.7267486234,10997.21,21.11,100.0,1.0,0.0,2368.0,金像電,金像電,1355294.25973533,1417730.0201477502,-8.446449948514939,973114.44
20200527,2130706.802329348,11014.66,21.09,100.0,1.0,0.0,2368.0,金像電,金像電,1357444.79471942,1416386.8368032237,-8.335453232084724,977597.07
20200528,2159050.133060218,10944.19,20.96,100.0,1.0,0.0,2368.0,金像電,金像電,1348760.084098858,1407656.1450638012,-7.1161026567272785,977146.01
20200529,2162318.643437891,10942.16,21.11,100.0,1.0,0.0,2368.0,金像電,金像電,1348509.907249706,1417730.0201477502,-6.97548897771331,975158.06
20200601,2229556.60409786,11079.02,21.23,100.0,1.0,0.0,2368.0,金像電,金像電,1365376.5099959823,1425789.1202149093,-4.082863308730109,999180.64
20200602,2206343.641885446,11127.93,21.32,100.0,1.0,0.0,2368.0,金像電,金像電,1371404.169942792,1431833.4452652787,-5.08150172205638,1010778.75
20200603,2262201.16988725,11320.16,21.7,100.0,1.0,0.0,2368.0,金像電,金像電,1395094.5619193865,1457353.9288112826,-2.6784704921077305,1032609.48
20200604,2291322.5547887813,11393.23,21.9,100.0,1.0,0.0,2368.0,金像電,金像電,1404099.696090586,1470785.7622565478,-1.4256474639300951,1046589.96
20200605,2273386.007631568,11479.4,22.09,100.0,1.0,0.0,2368.0,金像電,金像電,1414719.2719976928,1483546.00402955,-2.1972906876481098,1053821.29
20200608,2253041.851415304,11610.32,22.38,100.0,1.0,0.0,2368.0,金像電,金像電,1430853.8301705883,1503022.1625251845,-3.0725109933705075,1065308.73
20200609,2268271.237197266,11637.11,22.4,100.0,1.0,0.0,2368.0,金像電,金像電,1434155.4251404318,1504365.3458697111,-2.4173318088242643,1060086.98
20200610,2239732.5972973774,11720.16,22.61,100.0,1.0,0.0,2368.0,金像電,金像電,1444390.4927867728,1518468.7709872397,-3.645084725807569,1070569.21
20200611,2247916.93423384,11535.77,22.26,100.0,1.0,0.0,2368.0,金像電,金像電,1421666.3010551792,1494963.0624580255,-3.292988634943915,1047814.7
20200612,2237675.508852557,11429.94,22.06,100.0,1.0,0.0,2368.0,金像電,金像電,1408623.8301459409,1481531.22901276,-3.733582157622145,1042552.94
20200615,2168462.9013574016,11306.26,21.75,100.0,1.0,0.0,2368.0,金像電,金像電,1393381.5283217449,1460711.887172599,-6.711158560782452,1027618.2
20200616,2173934.6310620476,11511.64,22.23,100.0,1.0,0.0,4142.0,國光生,國光生,1418692.5240256044,1492948.2874412355,-6.475760793776411,1057535.41
20200617,2263874.6110860268,11534.59,22.25,100.0,1.0,0.0,4142.0,國光生,國光生,1421520.8780591206,1494291.4707857622,-2.606477842128394,1060223.28
20200618,2315810.6286473675,11548.33,22.23,100.0,1.0,0.0,4142.0,國光生,國光生,1423214.1932844154,1492948.2874412355,-0.372152825900791,1079868.74
20200619,2325130.065521908,11549.86,22.21,100.0,1.0,0.0,4142.0,國光生,國光生,1423402.750219983,1491605.104096709,0.0,1089592.4
20200622,2508014.0432610735,11572.93,22.26,100.0,1.0,0.0,4142.0,國光生,國光生,1426245.8930327594,1494963.0624580255,0.0,1100209.49
20200623,2639822.330598246,11612.36,22.36,100.0,1.0,0.0,4142.0,國光生,國光生,1431105.2394180123,1501678.979180658,0.0,1105787.44
20200624,2692189.239910416,11660.67,22.5,100.0,1.0,0.0,4142.0,國光生,國光生,1437058.955468521,1511081.2625923438,0.0,1118823.18
20200629,2754204.2101175115,11542.62,22.27,100.0,1.0,0.0,4142.0,國光生,國光生,1422510.4938712833,1495634.6541302886,0.0,1109972.62
20200630,2651766.079982226,11621.24,22.48,100.0,1.0,0.0,4142.0,國光生,國光生,1432199.6090832683,1509738.0792478172,-3.719336778259991,1121426.23
20200701,2710609.0297984155,11703.42,22.63,100.0,1.0,0.0,4142.0,國光生,國光生,1442327.4580799728,1519811.954331766,-1.5828594030518863,1131517.81
20200702,2840851.3476893483,11805.14,22.88,100.0,1.0,0.0,4142.0,國光生,國光生,1454863.4132995491,1536601.7461383475,0.0,1151745.3
20200703,2891225.810515374,11909.16,23.14,100.0,1.0,0.0,4142.0,國光生,國光生,1467682.820121613,1554063.1296171928,0.0,1155326.1
20200706,2971721.210268851,12116.7,23.54,100.0,1.0,0.0,4142.0,國光生,國光生,1493260.0138521565,1580926.7965077232,0.0,1188162.69
20200707,2831880.148120008,12092.97,23.63,100.0,1.0,0.0,4142.0,國光生,國光生,1490335.5327534487,1586971.1215580923,-4.70572615175404,1180870.34
20200708,2892732.8094310737,12170.19,23.79,100.0,1.0,0.0,4142.0,國光生,國光生,1499852.1122073978,1597716.5883143048,-2.6580017184933413,1201342.56
20200709,2863231.2807882032,12192.69,23.86,100.0,1.0,0.0,4142.0,國光生,國光生,1502625.0083186885,1602417.7300201475,-3.6507438553037286,1202655.68
20200710,2806958.2968300725,12073.68,23.66,100.0,1.0,0.0,4142.0,國光生,國光生,1487958.236487369,1588985.8965748823,-5.5443597087585585,1162472.97
20200713,2868036.63433095,12211.56,24.01,100.0,1.0,0.0,4142.0,國光生,國光生,1504950.5438573572,1612491.6051040967,-3.4890411516267497,1185576.68
20200714,2787549.8925716854,12209.01,24.16,100.0,1.0,0.0,4142.0,國光生,國光生,1504636.2822980776,1622565.4801880457,-6.197462839406244,1172255.03
20200715,2693035.140755705,12202.85,24.26,100.0,1.0,0.0,4142.0,國光生,國光生,1503877.12496272,1629281.3969106784,-9.377934530000315,1156535.1
20200716,2682641.0555815045,12157.74,24.02,100.0,1.0,0.0,4142.0,國光生,國光生,1498317.7763591504,1613163.1967763598,-9.727701026880425,1149585.02
20200717,2458828.9230215275,12181.56,24.3,100.0,1.0,0.0,4142.0,國光生,國光生,1501253.3490423032,1631967.7635997315,-17.259098379585957,1134631.85
20200720,2438150.0853387816,12174.54,24.26,100.0,1.0,0.0,4142.0,國光生,國光生,1500388.2054555807,1629281.3969106784,-17.95495227097017,1154681.79
20200721,2561922.786632991,12397.55,24.68,100.0,1.0,0.0,4142.0,國光生,國光生,1527871.91931242,1657488.2471457352,-13.789935012066143,1178811.19
20200722,2650672.777949851,12473.27,24.74,100.0,1.0,0.0,4142.0,國光生,國光生,1537203.6390256167,1661517.797179315,-10.803450579738424,1193850.95
20200723,2691681.071017057,12413.04,24.71,100.0,1.0,0.0,4142.0,國光生,國光生,1529780.90423526,1659503.022162525,-9.423499697216164,1191082.75
20200724,2655433.2854486136,12304.04,24.63,100.0,1.0,0.0,4142.0,國光生,國光生,1516347.763073897,1654130.288784419,-10.643256969304426,1156023.3
20200727,2549799.4232141157,12588.3,25.82,100.0,1.0,0.0,4142.0,國光生,國光生,1551379.9163448052,1734049.6977837477,-14.197892642041076,1168602.38
20200728,2508823.111428128,12586.73,25.9,100.0,1.0,0.0,4142.0,國光生,國光生,1551186.4298161506,1739422.4311618533,-15.57676733743286,1162726.5
20200729,2587007.9728134153,12540.97,25.64,100.0,1.0,0.0,4142.0,國光生,國光生,1545546.9753249215,1721961.0476830087,-12.945805149084984,1154806.51
20200730,2548910.8156709173,12722.92,26.01,100.0,1.0,0.0,2303.0,聯電,聯電,1567970.4618782245,1746809.9395567495,-14.227794758704237,1178025.84
20200731,2566133.186047072,12664.8,25.95,100.0,1.0,0.0,2303.0,聯電,聯電,1560807.7631231928,1742780.3895231695,-13.648252831398183,1183128.43
20200803,2732616.0996832354,12513.03,25.5,100.0,1.0,0.0,2303.0,聯電,聯電,1542103.6545538348,1712558.7642713229,-8.046014200773016,1181944.85
20200804,2818727.9515640093,12709.92,25.82,100.0,1.0,0.0,2303.0,聯電,聯電,1566368.3441250343,1734049.6977837477,-5.148304564242766,1207692.33
20200805,2858913.482441704,12802.3,26.07,100.0,1.0,0.0,2303.0,聯電,聯電,1577753.2393588568,1750839.489590329,-3.796040067195315,1222908.14
20200806,3054100.3467047927,12913.5,26.35,100.0,1.0,0.0,2303.0,聯電,聯電,1591457.5081399907,1769644.0564137006,0.0,1229657.13
20200807,2939284.5441970937,12828.87,26.16,100.0,1.0,0.0,2303.0,聯電,聯電,1581027.7215667232,1756883.8146406985,-3.759398496240603,1216479.93
20200810,2904839.803444784,12894.0,26.4,100.0,1.0,0.0,2303.0,聯電,聯電,1589054.3315102055,1773002.0147750168,-4.887218045112779,1212845.75
20200811,2870395.062692474,12780.19,26.2,100.0,1.0,0.0,2303.0,聯電,聯電,1575028.4067801624,1759570.1813297514,-6.01503759398497,1198567.22
20200812,2749838.47005939,12670.35,25.81,100.0,1.0,0.0,2303.0,聯電,聯電,1561491.744163978,1733378.106111484,-9.9624060150376,1211931.84
20200813,2726875.3095578505,12763.13,26.06,100.0,1.0,0.0,2303.0,聯電,聯電,1572925.9353286682,1750167.8979180658,-10.71428571428572,1200240.84
20200814,2703912.1490563108,12795.46,26.13,100.0,1.0,0.0,2303.0,聯電,聯電,1576910.2789410248,1754869.0396239087,-11.466165413533837,1222432.85
20200817,2772801.6305609304,12956.11,26.4,100.0,1.0,0.0,2303.0,聯電,聯電,1596708.7571756388,1773002.0147750168,-9.210526315789467,1227832.32
20200818,2767060.8404355454,12872.14,26.25,100.0,1.0,0.0,2303.0,聯電,聯電,1586360.3088883029,1762928.1396910676,-9.3984962406015,1217383.44
20200819,2686689.778680156,12778.64,26.06,100.0,1.0,0.0,2303.0,聯電,聯電,1574837.3850480511,1750167.8979180658,-12.030075187969924,1215497.1
20200820,2502984.494667838,12362.64,25.15,100.0,1.0,0.0,2303.0,聯電,聯電,1523569.6169459692,1689053.0557421087,-18.04511278195488,1137954.02
20200821,2502984.494667838,12607.84,25.7,100.0,1.0,0.0,2303.0,聯電,聯電,1553788.0225676773,1725990.597716588,-18.04511278195488,1174417.07
20200824,2594837.136673997,12647.13,25.77,100.0,1.0,0.0,2303.0,聯電,聯電,1558630.115377126,1730691.739422431,-15.037593984962394,1178970.35
20200825,2543170.0255455323,12758.25,25.98,100.0,1.0,0.0,2303.0,聯電,聯電,1572324.524972086,1744795.1645399595,-16.729323308270676,1182495.62
20200826,2566133.1860470725,12833.29,26.07,100.0,1.0,0.0,2303.0,聯電,聯電,1581572.441602808,1750839.489590329,-15.97744360902254,1182801.25
20200827,2520206.8650439926,12797.31,26.14,100.0,1.0,0.0,2303.0,聯電,聯電,1577138.2726212863,1755540.6312961718,-17.481203007518793,1186687.35
20200828,2514466.0749186077,12728.85,25.88,100.0,1.0,0.0,2303.0,聯電,聯電,1568701.274053333,1738079.247817327,-17.66917293233082,1176244.25
20200831,2434095.0131632187,12591.45,25.45,100.0,1.0,0.0,2303.0,聯電,聯電,1551768.121800386,1709200.8059100066,-20.30075187969923,1153148.09
20200901,2514466.0749186077,12703.28,25.84,100.0,1.0,0.0,2303.0,聯電,聯電,1565550.0316726356,1735392.881128274,-17.66917293233082,1182229.66
20200902,2491502.914417068,12699.5,25.75,100.0,1.0,0.0,2303.0,聯電,聯電,1565084.1851259386,1729348.5560779043,-18.421052631578934,1183229.64
20200903,2474280.544040913,12757.97,25.82,100.0,1.0,0.0,2303.0,聯電,聯電,1572290.0178204789,1734049.6977837477,-18.984962406015025,1190090.9
20200904,2462798.9637901434,12637.95,25.64,100.0,1.0,0.0,2303.0,聯電,聯電,1557498.7737637197,1721961.0476830087,-19.360902255639083,1184214.99
20200907,2703912.149056311,12601.4,25.6,100.0,1.0,0.0,2303.0,聯電,聯電,1552994.358080712,1719274.6809939556,-11.46616541353382,1151028.68
20200908,2606318.716924767,12663.56,25.75,100.0,1.0,0.0,2303.0,聯電,聯電,1560654.9457375042,1729348.5560779043,-14.661654135338337,1155739.32
20200909,2721134.5194324655,12608.58,25.57,100.0,1.0,0.0,2303.0,聯電,聯電,1553879.2200397816,1717259.9059771658,-10.902255639097747,1142576.62
20200910,2694123.9483934455,12691.75,25.8,100.0,1.0,0.0,3017.0,奇鋐,奇鋐,1564129.076465383,1732706.5144392208,-11.786659161338363,1132192.14
20200911,2635068.8573822724,12675.95,25.81,100.0,1.0,0.0,3017.0,奇鋐,奇鋐,1562181.8871961215,1733378.106111484,-13.720292123820766,1137266.95
20200914,2686489.70170458,12787.82,26.14,100.0,1.0,0.0,3017.0,奇鋐,奇鋐,1575968.7266614577,1755540.6312961718,-12.036626281675538,1168834.48
20200915,2712644.7157921153,12845.65,26.24,100.0,1.0,0.0,3017.0,奇鋐,奇鋐,1583095.68586661,1762256.5480188043,-11.180236146500206,1174907.46
20200916,2732963.6959055103,12976.76,26.64,100.0,1.0,0.0,3017.0,奇鋐,奇鋐,1599253.6596066677,1789120.2149093351,-10.514934492763842,1192146.84
20200917,2757036.6764776967,12872.74,26.35,100.0,1.0,0.0,3017.0,奇鋐,奇鋐,1586434.2527846035,1769644.0564137006,-9.726716103077996,1187110.26
20200918,2766228.136531194,12875.62,26.32,100.0,1.0,0.0,3017.0,奇鋐,奇鋐,1586789.183486849,1767629.2813969103,-9.42576135339485,1192515.24
20200921,2771763.486512925,12795.12,26.11,100.0,1.0,0.0,3017.0,奇鋐,奇鋐,1576868.3773997875,1753525.856279382,-9.244518127784954,1180667.58
20200922,2770658.3176586535,12645.51,25.77,100.0,1.0,0.0,3017.0,奇鋐,奇鋐,1558430.4668571132,1730691.739422431,-9.280704524065742,1165995.46
20200923,2843837.284742382,12583.88,25.74,100.0,1.0,0.0,3017.0,奇鋐,奇鋐,1550835.1963087206,1728676.9644056412,-6.884615372552286,1176350.9
20200924,2666969.141666018,12264.38,25.11,100.0,1.0,0.0,3017.0,奇鋐,奇鋐,1511460.0715283954,1686366.6890530556,-12.675785373472358,1145571.32
20200925,2614845.6148289107,12232.91,25.16,100.0,1.0,0.0,3017.0,奇鋐,奇鋐,1507581.714167404,1689724.647414372,-14.38245905540772,1106386.68
20200928,2624312.3720635725,12462.76,25.57,100.0,1.0,0.0,3017.0,奇鋐,奇鋐,1535908.388442076,1717259.9059771658,-14.07249028686755,1139170.28
20200929,2664845.0631284155,12467.73,25.64,100.0,1.0,0.0,3017.0,奇鋐,奇鋐,1536520.8903831032,1721961.0476830087,-12.745333793513444,1139896.85
20200930,2701727.140594451,12515.61,25.75,100.0,1.0,0.0,3017.0,奇鋐,奇鋐,1542421.6133079296,1729348.5560779043,-11.537708853952129,1154552.72
20201005,2729500.444065633,12548.28,25.76,100.0,1.0,0.0,3017.0,奇鋐,奇鋐,1546447.8584615234,1730020.147750168,-10.62833128549247,1161918.84
20201006,2794759.668813366,12704.23,26.06,100.0,1.0,0.0,3017.0,奇鋐,奇鋐,1565667.1095084455,1750167.8979180658,-8.491557200183063,1171058.53
20201007,2801836.8009608453,12746.37,26.2,100.0,1.0,0.0,3017.0,奇鋐,奇鋐,1570860.4358253249,1759570.1813297514,-8.259831606912522,1184461.26
20201008,2768191.13279512,12887.19,26.55,100.0,1.0,0.0,3017.0,奇鋐,奇鋐,1588215.0682871882,1783075.8898589658,-9.361487228739978,1212555.81
20201012,2818932.1260798774,12955.91,26.76,100.0,1.0,0.0,3017.0,奇鋐,奇鋐,1596684.109210205,1797179.3149764943,-7.700081658372783,1211360.71
20201013,2845834.9574290225,12947.13,26.77,100.0,1.0,0.0,3017.0,奇鋐,奇鋐,1595602.063527666,1797850.9066487574,-6.81920584241697,1210770.26
20201014,2959096.8282966074,12919.31,26.68,100.0,1.0,0.0,3017.0,奇鋐,奇鋐,1592173.5315358392,1791806.581598388,-3.1106875224544908,1206107.58
20201015,2839766.696896901,12827.82,26.43,100.0,1.0,0.0,3017.0,奇鋐,奇鋐,1580898.3197481963,1775016.7897918066,-7.017898087047011,1202189.4
20201016,2762051.4782920564,12750.37,26.31,100.0,1.0,0.0,3017.0,奇鋐,奇鋐,1571353.3951339987,1766957.6897246472,-9.562517116631126,1184277.66
20201019,2824964.722076937,12908.34,26.65,100.0,1.0,0.0,3017.0,奇鋐,奇鋐,1590821.5906318012,1789791.8065815982,-7.502557172853878,1202353.59
20201020,2780654.1266555595,12862.37,26.5,100.0,1.0,0.0,3017.0,奇鋐,奇鋐,1585156.255776867,1779717.9314976495,-8.953413084290656,1218557.34
20201021,2776393.468372297,12877.25,26.49,100.0,1.0,0.0,3017.0,奇鋐,奇鋐,1586990.0644051337,1779046.339825386,-9.09291924975963,1213189.52
20201022,2755213.01285556,12917.03,26.52,100.0,1.0,0.0,3017.0,奇鋐,奇鋐,1591892.5447298952,1781061.1148421755,-9.786428077640466,1211000.72
20201023,2800712.4072261113,12898.82,26.52,100.0,1.0,0.0,3017.0,奇鋐,奇鋐,1589648.3474771574,1781061.1148421755,-8.296647480888215,1210686.7
20201026,2830908.175790361,12909.03,26.52,100.0,1.0,0.0,3017.0,奇鋐,奇鋐,1590906.6261125477,1781061.1148421755,-7.307951461229613,1199517.55
20201027,2794378.032857182,12875.01,26.38,100.0,1.0,0.0,2603.0,長榮,長榮,1586714.0071922762,1771658.83143049,-8.504053055356774,1203246.34
20201028,2645870.8182531125,12793.75,26.25,80.0,0.8,20.0,2603.0,長榮,長榮,1576699.5388365667,1762928.1396910676,-13.366604960840188,1176582.79
20201029,2660688.335592836,12662.91,25.96,80.0,0.8,20.0,2603.0,長榮,長榮,1560574.8398498446,1743451.9811954333,-12.881436968383394,1166099.97
20201030,2658630.5675959024,12546.34,25.75,80.0,0.8,20.0,2603.0,長榮,長榮,1546208.7731968164,1729348.5560779043,-12.948814191242294,1147656.06
20201102,2690383.029443918,12591.31,25.85,80.0,0.8,20.0,2603.0,長榮,長榮,1551750.8682245822,1736064.4728005372,-11.909147571176108,1133582.75
20201103,2692443.021429859,12736.01,26.15,80.0,0.8,20.0,2603.0,長榮,長榮,1569583.6712158597,1756212.222968435,-11.841697528541983,1156983.05
20201104,2792448.047940111,12867.9,26.54,80.0,0.8,20.0,2603.0,長榮,長榮,1585837.7720211083,1782404.2981867024,-8.567246293887838,1180764.39
20201105,2788386.305324925,12918.8,26.51,80.0,0.8,20.0,2603.0,長榮,長榮,1592110.6792239833,1780389.5231699126,-8.700239390187638,1193887.55
20201106,2879800.435114882,12973.53,26.68,80.0,0.8,20.0,2603.0,長榮,長榮,1598855.5949649138,1791806.581598388,-5.707078740158974,1211143.6
20201109,3019807.6903504007,13127.47,27.02,80.0,0.8,20.0,2603.0,長榮,長榮,1617827.1339592272,1814640.698455339,-1.122839869730929,1242024.07
20201110,2858000.650720817,13081.72,26.77,80.0,0.8,20.0,2603.0,長榮,長榮,1612188.9118662698,1797850.9066487574,-6.420866170803999,1226832.08
20201111,2908069.3839251744,13262.19,27.19,80.0,0.8,20.0,2603.0,長榮,長榮,1634430.0034753631,1826057.7568838145,-4.781472322518078,1229641.23
20201112,2790366.383903787,13221.78,27.2,80.0,0.8,20.0,2603.0,長榮,長榮,1629449.8820594854,1826729.3485560776,-8.635405941574913,1230872.41
20201113,2845810.933720467,13273.33,27.31,80.0,0.8,20.0,2603.0,長榮,長榮,1635802.8951500198,1834116.8569509736,-6.819992447499587,1243832.85
20201116,2857899.9124285793,13551.83,28.2,80.0,0.8,20.0,2603.0,長榮,長榮,1670125.1870164378,1893888.515782404,-6.424164631260494,1270081.99
20201117,2937186.040376044,13593.01,28.4,80.0,0.8,20.0,2603.0,長榮,長榮,1675200.2030992352,1907320.3492276696,-3.82810952675124,1277822.3
20201118,3068345.2523661386,13773.29,28.59,80.0,0.8,20.0,2603.0,長榮,長榮,1697417.8791411663,1920080.5910006715,0.0,1301427.78
20201119,3029562.4740862316,13722.43,28.54,80.0,0.8,20.0,2603.0,長榮,長榮,1691149.901531378,1916722.6326393553,-1.2639639639639615,1303933.51
20201120,3085329.44866274,13716.44,28.5,80.0,0.8,20.0,2603.0,長榮,長榮,1690411.694966639,1914036.265950302,0.0,1313068.21
20201123,3148996.846706906,13878.01,28.86,80.0,0.8,20.0,2603.0,長榮,長榮,1710323.5538422482,1938213.5661517796,0.0,1327421.82
20201124,3126945.9789369684,13807.13,28.73,80.0,0.8,20.0,2603.0,長榮,長榮,1701588.314892547,1929482.874412357,-0.7002505509968169,1341256.81
20201125,3244536.7707260908,13738.83,28.49,80.0,0.8,20.0,2603.0,長榮,長榮,1693171.0346969408,1913364.6742780388,0.0,1322438.25
20201126,3319757.7547707353,13845.66,28.71,80.0,0.8,20.0,2603.0,長榮,長榮,1706336.7454333482,1928139.691067831,0.0,1352642.48
20201127,3344121.0885217474,13867.09,28.66,80.0,0.8,20.0,2603.0,長榮,長榮,1708977.7749295684,1924781.7327065144,0.0,1363953.2
20201130,3312145.4287111806,13722.89,28.32,80.0,0.8,20.0,2603.0,長榮,長榮,1691206.5918518754,1901947.6158495632,-0.9561752988047898,1366389.21
20201201,3290122.5944232596,13885.67,28.57,80.0,0.8,20.0,2603.0,長榮,長榮,1711267.5709183584,1918737.407656145,-1.6147290325051462,1368948.85
20201202,3312591.784197565,13989.14,28.85,80.0,0.8,20.0,2603.0,長榮,長榮,1724019.1958354795,1937541.9744795165,-0.9428278309778428,1373135.69
20201203,3294396.5384230376,13977.09,28.85,80.0,0.8,20.0,2603.0,長榮,長榮,1722534.1559180997,1937541.9744795165,-1.4869243302637185,1377329.35
20201204,3281846.456371902,14132.44,29.32,80.0,0.8,20.0,2603.0,長榮,長榮,1741679.463068721,1969106.7830758896,-1.8622122375770056,1372058.27
20201207,3351551.7901973217,14256.6,29.6,80.0,0.8,20.0,2603.0,長榮,長榮,1756980.920009958,1987911.3498992613,0.0,1381350.34
20201208,3427414.681013752,14360.4,30.01,100.0,1.0,0.0,2303.0,聯電,聯電,1769773.2140700445,2015446.6084620552,0.0,1400472.54
20201209,3436534.448121221,14390.14,30.01,100.0,1.0,0.0,2303.0,聯電,聯電,1773438.3665300347,2015446.6084620552,0.0,1426592.41
20201210,3332937.889100992,14249.49,29.65,100.0,1.0,0.0,2303.0,聯電,聯電,1756104.68483879,1991269.3082605775,-3.0145648351310927,1404418.51
20201211,3260776.7982335486,14261.69,29.69,100.0,1.0,0.0,2303.0,聯電,聯電,1757608.210730245,1993955.6749496304,-5.114386383752393,1379164.94
20201214,3316344.291695614,14211.05,29.56,100.0,1.0,0.0,2303.0,聯電,聯電,1751367.345882434,1985224.983210208,-3.497423297802697,1390859.57
20201215,3192766.084572578,14068.52,29.26,100.0,1.0,0.0,2303.0,聯電,聯電,1733801.9733161123,1965077.2330423105,-7.093435762935912,1355146.91
20201216,3268668.6835457725,14304.46,29.81,100.0,1.0,0.0,2303.0,聯電,聯電,1762879.1781382405,2002014.7750167896,-4.884739760639438,1388779.56
20201217,3311980.853034973,14258.93,29.65,100.0,1.0,0.0,2303.0,聯電,聯電,1757268.0688072604,1991269.3082605775,-3.624395360108846,1393118.06
20201218,3322529.8341744686,14249.96,29.55,100.0,1.0,0.0,2303.0,聯電,聯電,1756162.607557559,1984553.391537945,-3.3174296858592336,1387402.94
20201221,3419551.5133080534,14384.96,29.84,100.0,1.0,0.0,2303.0,聯電,聯電,1772799.984225302,2004029.5500335796,-0.4941878240869121,1394225.92
20201222,3306263.5324799246,14177.46,29.5,100.0,1.0,0.0,2303.0,聯電,聯電,1747227.720087845,1981195.4331766283,-3.790764143584135,1360765.42
20201223,3334574.734551343,14223.09,29.54,100.0,1.0,0.0,2303.0,聯電,聯電,1752851.1534015425,1983881.7998656817,-2.966934134055307,1385504.86
20201224,3385044.103467846,14280.28,29.7,100.0,1.0,0.0,2303.0,聯電,聯電,1759899.2391173071,1994627.2666218935,-1.4983217957126878,1389976.7
20201225,3430718.5730158314,14331.42,29.74,100.0,1.0,0.0,2303.0,聯電,聯電,1766201.7238787024,1997313.6333109464,-0.169236630483043,1402263.97
20201228,3593245.361484151,14483.07,30.0,100.0,1.0,0.0,2303.0,聯電,聯電,1784891.0436688005,2014775.0167897916,0.0,1437849.4
20201229,3557555.565356888,14472.05,29.98,100.0,1.0,0.0,2303.0,聯電,聯電,1783532.9407734035,2013431.8334452657,-0.9932468433639532,1430527.81
20201230,3601247.4907743507,14687.7,30.4,100.0,1.0,0.0,2303.0,聯電,聯電,1810109.6095022836,2041638.683680322,0.0,1451696.83
20201231,3668564.867226401,14732.53,30.56,100.0,1.0,0.0,2303.0,聯電,聯電,1815634.450954246,2052384.1504365343,0.0,1453601.79
20210104,3738778.111393807,14902.03,31.09,100.0,1.0,0.0,2303.0,聯電,聯電,1836523.6016593012,2087978.5090664872,0.0,1495623.01
20210105,3864286.87233164,15000.03,31.15,100.0,1.0,0.0,2303.0,聯電,聯電,1848601.104721811,2092008.059100067,0.0,1526470.17
20210106,3799109.068840225,14983.13,31.49,100.0,1.0,0.0,2303.0,聯電,聯電,1846518.3516426636,2114842.1759570176,-1.6866709342437467,1490438.67
20210107,3765127.537080566,15214.0,32.23,100.0,1.0,0.0,2303.0,聯電,聯電,1874970.7305410472,2164539.959704499,-2.566044875215046,1518714.73
20210108,3956282.189207582,15463.95,32.8,100.0,1.0,0.0,2303.0,聯電,聯電,1905774.5253418055,2202820.6850235057,0.0,1548453.91
20210111,4117775.969951039,15557.3,33.08,100.0,1.0,0.0,2303.0,聯電,聯電,1917278.9632079815,2221625.251846877,0.0,1581258.85
20210112,3879958.7745919097,15500.7,33.02,100.0,1.0,0.0,2303.0,聯電,聯電,1910303.5889902469,2217595.7018132973,-5.775379648979728,1544238.79
20210113,3990062.3367910287,15769.98,33.83,100.0,1.0,0.0,2303.0,聯電,聯電,1943489.6096501711,2271994.6272666217,-3.10151970607398,1581542.47
20210114,3975643.427916138,15707.19,33.51,100.0,1.0,0.0,2303.0,聯電,聯電,1935751.3809022636,2250503.6937541976,-3.451682244786891,1576916.32
20210115,3812152.4598385505,15616.39,33.63,100.0,1.0,0.0,2303.0,聯電,聯電,1924561.2045953667,2258562.7938213567,-7.422052883467639,1554580.36
20210118,3879311.412999637,15612.0,33.6,100.0,1.0,0.0,2303.0,聯電,聯電,1924020.1817540969,2256548.018804567,-5.791100795467463,1546271.89
20210119,3984751.936164195,15877.37,34.49,100.0,1.0,0.0,2303.0,聯電,聯電,1956724.3346897932,2316319.6776359975,-3.2304825410019866,1572413.94
20210120,3904568.201813299,15806.18,34.55,100.0,1.0,0.0,2327.0,國巨*,國巨*,1947950.89139367,2320349.2276695766,-5.177740841017027,1533214.52
20210121,4062999.197498558,16153.77,35.75,100.0,1.0,0.0,2327.0,國巨*,國巨*,1990787.822919157,2400940.2283411687,-1.3302513991098062,1591013.59
20210122,4137982.8393166414,16019.03,34.36,100.0,1.0,0.0,2327.0,國巨*,國巨*,1974182.488606478,2307588.985896575,0.0,1648512.6
20210125,4220937.013627188,15946.54,33.9,100.0,1.0,0.0,2327.0,國巨*,國巨*,1965248.833535036,2276695.7689724644,0.0,1647283.35
20210126,4127227.612462791,15658.85,33.21,100.0,1.0,0.0,2327.0,國巨*,國巨*,1929793.96765694,2230355.9435862997,-2.2201089677921915,1616534.16
20210127,4229569.660150357,15701.45,33.26,100.0,1.0,0.0,2327.0,國巨*,國巨*,1935043.9842943165,2233713.9019476157,0.0,1632761.03
20210128,4037373.902250678,15415.88,32.59,100.0,1.0,0.0,2327.0,國巨*,國巨*,1899850.3868498176,2188717.259905977,-4.544097233117717,1589406.04
20210129,3977673.540784996,15138.31,32.05,100.0,1.0,0.0,2327.0,國巨*,國巨*,1865642.7080226664,2152451.3096037605,-5.955596895321165,1563401.68
20210201,3964414.553023868,15410.09,32.69,100.0,1.0,0.0,2327.0,國巨*,國巨*,1899136.828250512,2195433.1766286097,-6.269080034895616,1592722.15
20210202,4111086.641089707,15760.05,33.61,100.0,1.0,0.0,2327.0,國巨*,國巨*,1942265.8381663885,2257219.61047683,-2.801301990057246,1634296.4
20210203,4090265.9985299623,15771.32,33.59,100.0,1.0,0.0,2327.0,國巨*,國巨*,1943654.751018577,2255876.4271323034,-3.293565842711342,1635177.37
20210204,4029359.635067407,15706.22,33.39,100.0,1.0,0.0,2327.0,國巨*,國巨*,1935631.8382699096,2242444.593687038,-4.733579091255157,1616253.59
20210205,4106992.2657740167,15802.4,33.7,100.0,1.0,0.0,2327.0,國巨*,國巨*,1947485.044846973,2263263.9355271994,-2.898105581076595,1635677.58
20210217,4333119.60539744,16362.29,35.14,100.0,1.0,0.0,2327.0,國巨*,國巨*,2016485.7916803255,2359973.1363331093,0.0,1702500.94
20210218,4334598.727728967,16424.51,35.09,100.0,1.0,0.0,2327.0,國巨*,國巨*,2024153.7737267476,2356615.1779717933,0.0,1734452.33
20210219,4294315.509069747,16341.38,34.71,100.0,1.0,0.0,2327.0,國巨*,國巨*,2013908.8468942328,2331094.694425789,-0.929341357517654,1726477.36
20210222,4416991.874013725,16410.16,34.7,100.0,1.0,0.0,2327.0,國巨*,國巨*,2022385.28220688,2330423.1027535256,0.0,1763080.86
20210223,4465782.882770266,16443.4,34.63,100.0,1.0,0.0,2327.0,國巨*,國巨*,2026481.77406196,2325721.961047683,0.0,1758207.26
20210224,4258902.550148508,16212.53,34.11,100.0,1.0,0.0,2327.0,國巨*,國巨*,1998029.3951635764,2290799.1940899934,-4.632565846851569,1721820.3
20210225,4267015.622940424,16452.18,34.39,100.0,1.0,0.0,2327.0,國巨*,國巨*,2027563.8197444992,2309603.760913365,-4.450893942845266,1760347.13
20210226,4183334.490555328,15953.8,33.35,100.0,1.0,0.0,2327.0,國巨*,國巨*,1966143.5546802788,2239758.2269979855,-6.324722890238819,1719672.53
20210302,4083220.38691438,15946.88,33.36,100.0,1.0,0.0,2327.0,國巨*,國巨*,1965290.7350762729,2240429.818670248,-8.56652698750484,1689387.08
20210303,4136379.1625857977,16211.73,33.85,100.0,1.0,0.0,2327.0,國巨*,國巨*,1997930.8033018413,2273337.8106111484,-7.376169617545964,1713804.23
20210304,4027820.905821932,15906.41,33.19,100.0,1.0,0.0,2327.0,國巨*,國巨*,1960303.2192707653,2229012.7602417725,-9.807059331927322,1676506.17
20210305,3912376.9039320783,15855.23,32.99,100.0,1.0,0.0,2327.0,國巨*,國巨*,1953995.804916283,2215580.9267965076,-12.392138027428976,1649048.1
20210308,3749925.469987512,15820.11,32.96,40.0,0.4,60.0,,,,1949667.622186127,2213566.1517797178,-16.02983019046116,1625740.58
20210309,3774295.625658575,15853.09,32.84,40.0,0.4,60.0,,,,1953732.0716861424,2205507.051712559,-15.4841217153562,1628808.23
20210310,3803737.450160198,15911.67,32.98,40.0,0.4,60.0,,,,1960951.4607616712,2214909.3351242444,-14.824845945026793,1634969.85
20210311,3886829.778887383,16179.56,33.67,40.0,0.4,60.0,,,,1993966.1780618315,2261249.1605104096,-12.964201777846853,1682406.41
20210312,3853334.739905154,16255.18,33.81,40.0,0.4,60.0,,,,2003285.5737923111,2270651.4439220955,-13.71423911422204,1690767.66
20210315,4158109.249101199,16249.33,33.73,100.0,1.0,0.0,2609.0,陽明,陽明,2002564.6208033755,2265278.7105439887,-6.88957886546888,1692160.39
20210316,4223551.871028546,16313.16,33.84,100.0,1.0,0.0,2609.0,陽明,陽明,2010431.018971539,2272666.2189388853,-5.424155587059275,1699752.92
20210317,4256813.570400334,16215.82,33.55,100.0,1.0,0.0,2609.0,陽明,陽明,1998434.8541949603,2253190.0604432505,-4.679343305653546,1709555.66
20210318,4473257.116320492,16287.84,33.73,100.0,1.0,0.0,2609.0,陽明,陽明,2007310.5865476336,2265278.7105439887,0.0,1727158.09
20210319,4615666.217470989,16070.24,33.2,100.0,1.0,0.0,2609.0,陽明,陽明,1980493.6001557752,2229684.351914037,0.0,1706008.13
20210322,4843628.02563369,16189.22,33.35,100.0,1.0,0.0,2609.0,陽明,陽明,1995156.674792279,2239758.2269979855,0.0,1740195.27
20210323,4592790.569635532,16177.59,33.4,100.0,1.0,0.0,2609.0,陽明,陽明,1993723.3956023096,2243116.1853593015,-5.178710146003442,1726494.37
20210324,4620512.205071702,16032.12,32.88,100.0,1.0,0.0,2609.0,陽明,陽明,1975795.697944113,2208193.418401612,-4.606378098838383,1735162.94
20210325,4465438.350395959,16060.14,32.99,100.0,1.0,0.0,2609.0,陽明,陽明,1979248.8779013737,2215580.9267965076,-7.807983462732001,1719720.47
20210326,4748394.274755832,16305.88,33.59,100.0,1.0,0.0,2609.0,陽明,陽明,2009533.8330297528,2255876.4271323034,-1.966165658755324,1782227.41
20210329,4936252.094423684,16475.97,33.86,100.0,1.0,0.0,2609.0,陽明,陽明,2030495.6952328372,2274009.4022834115,0.0,1800469.77
20210330,5009589.077420076,16554.9,33.98,100.0,1.0,0.0,2609.0,陽明,陽明,2040223.0147912444,2282068.50235057,0.0,1830096.2
20210331,5177455.970479808,16431.13,33.69,100.0,1.0,0.0,2609.0,陽明,陽明,2024969.6213826032,2262592.343854936,0.0,1822397.89
20210401,5531020.35217917,16571.28,33.94,100.0,1.0,0.0,2609.0,陽明,陽明,2042241.683160263,2279382.1356615177,0.0,1841413.42
20210406,6060228.307315201,,34.41,100.0,1.0,0.0,2609.0,陽明,陽明,,2310946.944257891,0.0,1876244.85
20210407,6268619.687983373,16815.36,34.45,100.0,1.0,0.0,2609.0,陽明,陽明,2072322.060175543,2313633.3109469446,0.0,1907787.65
20210408,6506263.714040443,16926.44,34.56,100.0,1.0,0.0,2609.0,陽明,陽明,2086011.540177416,2321020.81934184,0.0,1930283.45
20210409,6135691.465547557,16854.1,34.49,100.0,1.0,0.0,2609.0,陽明,陽明,2077096.3710800488,2316319.6776359975,-5.695622937834438,1906210.93
20210412,6179251.188926862,16859.7,34.29,100.0,1.0,0.0,2609.0,陽明,陽明,2077786.5141121924,2302887.8441907316,-5.026118514192598,1908321.49
20210413,6157089.8831444485,16824.91,34.29,100.0,1.0,0.0,2609.0,陽明,陽明,2073499.000525002,2302887.8441907316,-5.366733447070116,1885268.56
20210414,6141887.192074956,16865.97,34.48,100.0,1.0,0.0,2609.0,陽明,陽明,2078559.227828539,2315648.085963734,-5.600395833620555,1869164.02
20210415,6436972.578490225,17076.73,34.76,100.0,1.0,0.0,2609.0,陽明,陽明,2104533.253802565,2334452.652787105,-1.0649911930358609,1898348.06
20210416,6845610.652179147,17158.81,34.81,100.0,1.0,0.0,2609.0,陽明,陽明,2114648.778816553,2337810.6111484217,0.0,1922748.0
20210419,7011984.300858942,17263.28,34.88,100.0,1.0,0.0,2609.0,陽明,陽明,2127523.643560842,2342511.752854265,0.0,1939303.54
20210420,7058032.864610273,17323.87,34.81,100.0,1.0,0.0,2609.0,陽明,陽明,2134990.7446889794,2337810.6111484217,0.0,1966497.42
20210421,7500614.0513956975,17202.11,34.5,100.0,1.0,0.0,2609.0,陽明,陽明,2119985.063332947,2316991.26930826,0.0,1982147.6
20210422,7143685.604539174,17096.97,34.48,100.0,1.0,0.0,2609.0,陽明,陽明,2107027.6279044547,2315648.085963734,-4.758656350143858,1938160.92
20210423,7453497.436213604,17300.27,34.79,100.0,1.0,0.0,2609.0,陽明,陽明,2132082.284767804,2336467.427803895,-0.6281701052639282,1987586.55
20210426,7897132.587458837,17572.29,35.3,100.0,1.0,0.0,2609.0,陽明,陽明,2165605.9825541703,2370718.6030893214,0.0,2041272.66
20210427,8216336.087978606,17595.9,35.31,100.0,1.0,0.0,2609.0,陽明,陽明,2168515.6748736175,2371390.194761585,0.0,2066499.68
20210428,8114215.145830078,17567.53,35.1,100.0,1.0,0.0,2603.0,長榮,長榮,2165019.360976848,2357286.7696440564,-1.2429012281756842,2090546.51
20210429,8342919.965045694,17566.66,35.15,100.0,1.0,0.0,2603.0,長榮,長榮,2164912.1423272113,2360644.7280053725,0.0,2094389.14
20210503,8870848.206048314,17222.35,34.56,100.0,1.0,0.0,2603.0,長榮,長榮,2122479.4374348368,2321020.81934184,0.0,2006733.07
20210504,8258870.104767243,16933.78,34.26,100.0,1.0,0.0,2603.0,長榮,長榮,2086916.120508832,2300873.069173942,-6.898755193035676,1935471.61
20210505,8361000.682569927,16843.44,33.94,100.0,1.0,0.0,2603.0,長榮,長榮,2075782.6345224332,2279382.1356615177,-5.74744952946848,1882207.17
20210506,8317559.995928295,16994.36,34.24,100.0,1.0,0.0,2603.0,長榮,長榮,2094381.9892386985,2299529.8858294156,-6.2371511412265646,1893352.66
20210507,8865376.574863987,17285.0,34.85,100.0,1.0,0.0,2603.0,長榮,長榮,2130200.4126069415,2340496.977837475,-0.0616810372270356,1998794.17
20210510,9472384.433997234,17235.61,34.61,100.0,1.0,0.0,2603.0,長榮,長榮,2124113.597543091,2324378.777703156,0.0,1949703.33
20210511,9356911.365580862,16583.13,33.31,80.0,0.8,20.0,2603.0,長榮,長榮,2043702.07511221,2237071.860308932,-1.2190496407845186,1821621.72
20210512,8613032.419364769,15902.37,32.35,80.0,0.8,20.0,2603.0,長榮,長榮,1959805.3303690047,2172599.059771659,-9.072182623291493,1731661.84
20210513,7926353.798039,15670.1,31.88,80.0,0.8,20.0,2603.0,長榮,長榮,1931180.415712585,2141034.2511752853,-16.32145154929938,1727786.08
20210514,7368166.998349399,15827.09,32.24,80.0,0.8,20.0,2603.0,長榮,長榮,1950527.8361797624,2165211.5513767633,-22.214231805200075,1730543.15
20210517,6779344.294715258,15353.89,31.63,80.0,0.8,20.0,2603.0,長榮,長榮,1892210.749963644,2124244.4593687034,-28.43043542042502,1661068.66
20210518,7319825.70619839,16145.98,33.08,80.0,0.8,20.0,2603.0,長榮,長榮,1989827.7846655145,2221625.251846877,-22.72457101797008,1779917.82
20210519,7902480.420389279,16132.66,32.85,80.0,0.8,20.0,2603.0,長榮,長榮,1988186.2301676308,2206178.6433848217,-16.573482891735576,1790822.94
20210520,8004880.787794631,16042.36,32.63,80.0,0.8,20.0,2603.0,長榮,長榮,1977057.6737743183,2191403.62659503,-15.492441807319407,1767085.02
20210521,8644312.582460383,16302.06,33.09,80.0,0.8,20.0,2603.0,長榮,長榮,2009063.056889969,2222296.8435191405,-8.741957817556765,1822796.97
20210524,8772894.544770293,16338.29,33.04,80.0,0.8,20.0,2603.0,長榮,長榮,2013528.0358282824,2218938.885157824,-7.384517531999754,1865894.54
20210525,8489626.061766641,16595.67,33.6,80.0,0.8,20.0,2603.0,長榮,長榮,2045247.502544902,2256548.018804567,-10.374984029400087,1914105.01
20210526,8832979.038134346,16643.69,33.63,80.0,0.8,20.0,2603.0,長榮,長榮,2051165.4790455317,2258562.7938213567,-6.750205297496219,1918864.47
20210527,9038095.389875956,16601.61,33.39,80.0,0.8,20.0,2603.0,長榮,長榮,2045979.547118283,2242444.593687038,-4.584791159473809,1918886.21
20210528,9663801.219880369,16870.86,33.95,80.0,0.8,20.0,2603.0,長榮,長榮,2079161.8705833924,2280053.7273337813,0.0,1969520.99
20210531,9697699.523683004,17068.43,34.27,80.0,0.8,20.0,2603.0,長榮,長榮,2103510.3632370667,2301544.6608462054,0.0,2028919.48
20210601,10441639.210093874,17162.38,34.42,80.0,0.8,20.0,2603.0,長榮,長榮,2115088.744999544,2311618.535930155,0.0,2042131.44
20210602,10558817.605673818,17165.04,34.42,80.0,0.8,20.0,2603.0,長榮,長榮,2115416.5629398124,2311618.535930155,0.0,2008329.91
20210603,11074684.99389281,17246.16,34.4,80.0,0.8,20.0,2603.0,長榮,長榮,2125413.777719718,2310275.3525856277,0.0,2058862.16
20210604,10994153.110855987,17147.41,34.24,80.0,0.8,20.0,2603.0,長榮,長榮,2113243.8447868316,2299529.8858294156,-0.7271708683473326,2035092.34
20210607,10492600.920372443,17083.91,34.33,80.0,0.8,20.0,2603.0,長榮,長榮,2105418.1157616344,2305574.2108797845,-5.25598763162437,2046836.49
20210608,10924560.449952628,17076.21,34.13,80.0,0.8,20.0,2603.0,長榮,長榮,2104469.1690924373,2292142.3774345196,-1.3555649124374165,2053523.22
20210609,10924312.629151857,16966.22,33.88,80.0,0.8,20.0,2603.0,長榮,長榮,2090914.020502178,2275352.5856279386,-1.357802635685588,2038113.19
20210610,10687204.90612545,17159.22,34.4,100.0,1.0,0.0,2609.0,陽明,陽明,2114699.307145692,2310275.3525856277,-3.498791053479505,2020413.81
20210611,11412474.020481084,17213.52,34.52,100.0,1.0,0.0,2609.0,陽明,陽明,2121391.2297609393,2318334.4526527873,0.0,2046765.69
20210615,12534569.442507984,17371.29,34.71,100.0,1.0,0.0,2609.0,陽明,陽明,2140834.777293308,2331094.694425789,0.0,2102303.86
20210616,12819225.067480007,17307.86,34.67,100.0,1.0,0.0,2609.0,陽明,陽明,2133017.675056013,2328408.327736736,0.0,2056276.81
20210617,13504316.996546378,17390.61,34.58,100.0,1.0,0.0,2609.0,陽明,陽明,2143215.770754203,2322364.0026863664,0.0,2118724.34
20210618,14361372.275530748,17318.54,34.5,100.0,1.0,0.0,2609.0,陽明,陽明,2134333.876410172,2316991.26930826,0.0,2117380.52
20210621,15411631.036176478,17062.98,33.67,100.0,1.0,0.0,2609.0,陽明,陽明,2102838.706178998,2261249.1605104096,0.0,2102429.48
20210622,15233444.132719869,17075.55,33.71,100.0,1.0,0.0,2609.0,陽明,陽明,2104387.830806506,2263935.527199463,-1.1561845922624587,2108544.41
20210623,13744881.940038033,17336.71,34.26,100.0,1.0,0.0,2609.0,陽明,陽明,2136573.1440698225,2300873.069173942,-10.814878011457743,2113264.92
20210624,14848132.816625817,17407.96,34.17,100.0,1.0,0.0,2609.0,陽明,陽明,2145353.981755576,2294828.744123573,-3.6563178694580394,2149406.59
20210625,15416791.312963575,17502.99,34.24,100.0,1.0,0.0,2609.0,陽明,陽明,2157065.4625313957,2299529.8858294156,0.0,2168887.23
20210628,16948956.261133965,17590.97,34.3,100.0,1.0,0.0,2609.0,陽明,陽明,2167908.102525677,2303559.4358629948,0.0,2239121.35
20210629,16925972.449234396,17598.19,34.4,100.0,1.0,0.0,2609.0,陽明,陽明,2168797.8940778333,2310275.3525856277,-0.1356060606060656,2221118.77
20210630,18601646.686425332,17755.46,34.74,100.0,1.0,0.0,2609.0,陽明,陽明,2188179.8216966176,2333109.469442579,0.0,2290603.74
20210701,19903259.91200416,17713.94,34.58,100.0,1.0,0.0,2609.0,陽明,陽明,2183062.904072583,2322364.0026863664,0.0,2291728.03
20210702,19364594.6874886,17710.15,34.58,100.0,1.0,0.0,2609.0,陽明,陽明,2182595.8251276147,2322364.0026863664,-2.706417073871795,2312943.24
20210705,19635892.699664965,17919.33,34.9,100.0,1.0,0.0,2609.0,陽明,陽明,2208375.132174715,2343854.936198791,-1.3433337730666943,2349503.14
20210706,20850745.075783905,17913.07,34.94,100.0,1.0,0.0,2609.0,陽明,陽明,2207603.6508566397,2346541.302887844,0.0,2339961.8
20210707,19790851.877985287,17850.69,34.75,100.0,1.0,0.0,2609.0,陽明,陽明,2199915.950437871,2333781.061114842,-5.083238963146593,2293178.32
20210708,20659837.983702235,17866.09,34.71,100.0,1.0,0.0,2609.0,陽明,陽明,2201813.843776265,2331094.694425789,-0.9155888261441054,2331386.3
20210709,18655077.594009515,17661.48,34.44,100.0,1.0,0.0,2609.0,陽明,陽明,2176597.7427393254,2312961.7192746806,-10.530402984612968,2272520.46
20210712,18738077.725336876,17814.33,34.75,100.0,1.0,0.0,2609.0,陽明,陽明,2195434.9503220255,2333781.061114842,-10.13233504495091,2282528.74
20210713,16875900.571967933,17847.52,35.04,100.0,1.0,0.0,2609.0,陽明,陽明,2199525.280185747,2353257.2196104764,-19.063321187655607,2221984.9
20210714,15725189.382580508,17845.75,35.13,100.0,1.0,0.0,2609.0,陽明,陽明,2199307.145691659,2359301.5446608462,-24.582122483269085,2177744.28
20210715,17268588.2724779,18034.19,35.45,100.0,1.0,0.0,2609.0,陽明,陽明,2222530.458723285,2380792.478173271,-17.179994241387227,2254205.64
20210716,18210969.655842643,17895.25,34.98,100.0,1.0,0.0,2609.0,陽明,陽明,2205407.517136498,2349227.669576897,-12.66034096310113,2252080.36
20210719,18364003.0142951,17789.25,34.58,100.0,1.0,0.0,2609.0,陽明,陽明,2192344.0954566407,2322364.0026863664,-11.926394248505346,2245770.37
20210720,16685070.96924672,17528.74,34.3,100.0,1.0,0.0,2609.0,陽明,陽明,2160238.8880809834,2303559.4358629948,-19.978538375471327,2171508.75
20210721,15119614.433338078,17458.79,34.17,100.0,1.0,0.0,2609.0,陽明,陽明,2151618.2621705495,2294828.744123573,-27.48645490420375,2109730.12
20210722,14145984.135991672,17572.33,34.41,100.0,1.0,0.0,2609.0,陽明,陽明,2165610.912147257,2310946.944257891,-32.15597771409692,2152291.52
20210723,13321854.346141186,17572.92,34.41,100.0,1.0,0.0,4919.0,新唐,新唐,2165683.623645286,2310946.944257891,-36.10849733320459,2195464.09
20210726,14309576.53969151,17403.56,34.11,100.0,1.0,0.0,4919.0,新唐,新唐,2144811.726516035,2290799.1940899934,-31.37138990629798,2183202.51
20210727,13735139.87640909,17269.87,34.1,100.0,1.0,0.0,4919.0,新唐,新唐,2128335.794021882,2290127.60241773,-34.126383366697496,2136659.13
20210728,12413289.9135744,17135.22,33.56,100.0,1.0,0.0,4919.0,新唐,新唐,2111741.5512936483,2253861.6521155136,-40.46596479666706,2096336.04
20210729,12889047.471861206,17402.81,34.13,100.0,1.0,0.0,4919.0,新唐,新唐,2144719.2966456586,2292142.3774345196,-38.18423550326472,2178929.34
20210730,12586249.136984693,17247.41,34.01,100.0,1.0,0.0,4919.0,新唐,新唐,2125567.827503679,2284083.2773673604,-39.63645379942616,2138739.86
20210802,12842140.907155724,17503.28,34.48,100.0,1.0,0.0,4919.0,新唐,新唐,2157101.202081274,2315648.085963734,-38.40919899754272,2196264.83
20210803,13322832.457162485,17553.76,34.61,100.0,1.0,0.0,4919.0,新唐,新唐,2163322.348556738,2324378.777703156,-36.10380632087989,2199881.84
20210804,13683021.876347892,17623.89,34.81,100.0,1.0,0.0,4919.0,新唐,新唐,2171965.157636063,2337810.6111484217,-34.376340861606046,2246210.29
20210805,13344575.229596034,17603.12,34.75,100.0,1.0,0.0,4919.0,新唐,新唐,2169405.4664257737,2333781.061114842,-35.99952816508966,2226759.04
20210806,13613263.815299954,17526.28,34.7,100.0,1.0,0.0,4919.0,新唐,新唐,2159935.7181061488,2330423.1027535256,-34.710899942321845,2215330.94
20210809,12599822.023008443,17485.15,34.6,100.0,1.0,0.0,4919.0,新唐,新唐,2154866.8640147103,2323707.186030893,-39.57135835092099,2200312.27
20210810,12465784.886591112,17323.64,34.41,100.0,1.0,0.0,4919.0,新唐,新唐,2134962.3995287307,2310946.944257891,-40.21419934259856,2160769.36
20210811,11806685.355135912,17227.18,34.3,80.0,0.8,20.0,4919.0,新唐,新唐,2123074.6858000606,2303559.4358629948,-43.37523521474434,2114988.84
20210812,12407755.72253685,17219.94,34.24,80.0,0.8,20.0,4919.0,新唐,新唐,2122182.429451361,2299529.8858294156,-40.49250673086382,2135132.69
20210813,11935961.831625495,16982.11,33.91,80.0,0.8,20.0,4919.0,新唐,新唐,2092872.3013558849,2277367.360644728,-42.75522630849319,2066361.48
20210816,12257111.196892576,16858.77,33.84,80.0,0.8,20.0,4919.0,新唐,新唐,2077671.901072926,2272666.2189388853,-41.214996623175786,2050695.87
20210817,12169844.922539229,16661.36,33.59,80.0,0.8,20.0,4919.0,新唐,新唐,2053343.126791599,2255876.4271323034,-41.63352494931557,1985627.61
20210818,13074376.85284584,16826.27,33.73,80.0,0.8,20.0,4919.0,新唐,新唐,2073666.606689951,2265278.7105439887,-37.295397333160786,2062271.42
20210819,12263765.487969398,16375.4,32.95,80.0,0.8,20.0,4919.0,新唐,新唐,2018101.4658145043,2212894.5601074547,-41.18308269850481,1949394.1
20210820,12902967.81037265,16341.94,32.69,80.0,0.8,20.0,4919.0,新唐,新唐,2013977.8611974472,2195433.1766286097,-38.1174736755178,1954313.53
20210823,13196356.72129898,16741.84,33.59,80.0,0.8,20.0,4919.0,新唐,新唐,2063261.4680821176,2255876.4271323034,-36.71038289837779,2025102.95
20210824,14004230.427378757,16818.73,33.69,80.0,0.8,20.0,4919.0,新唐,新唐,2072737.3783931008,2262592.343854936,-32.835827321857685,1977072.02
20210825,13890571.17296069,17045.86,34.01,80.0,0.8,20.0,4919.0,新唐,新唐,2100728.840337874,2284083.2773673604,-33.380936160918175,2023792.25
20210826,13827402.248472951,17066.96,34.25,80.0,0.8,20.0,4919.0,新唐,新唐,2103329.2006911286,2300201.477501679,-33.68389379748293,2012303.99
20210827,13283316.692553015,17209.93,34.54,80.0,0.8,20.0,4919.0,新唐,新唐,2120948.7987814043,2319677.6359973135,-36.29332359935527,2019542.97
20210830,13370624.877386698,17396.52,34.88,80.0,0.8,20.0,4919.0,新唐,新唐,2143944.1181327687,2342511.752854265,-35.87459427090033,2028738.62
20210831,13601572.034359742,17490.29,35.09,80.0,0.8,20.0,4919.0,新唐,新唐,2155500.316726356,2356615.1779717933,-34.766973626488614,2024533.57
20210901,14296067.048833042,17473.99,35.25,80.0,0.8,20.0,4919.0,新唐,新唐,2153491.5075435103,2367360.6447280054,-31.436181312117604,2031226.03
20210902,13614695.994312678,17319.76,34.98,80.0,0.8,20.0,4919.0,新唐,新唐,2134484.2289993167,2349227.669576897,-34.70403122368605,1997227.17
20210903,13582837.605685988,17516.92,35.48,0.0,0.0,100.0,,,,2158782.193323852,2382807.25319006,-34.85682379062261,1975393.14
20210906,13582837.605685988,17495.3,35.64,0.0,0.0,100.0,,,,2156117.7482604696,2393552.7199462727,-34.85682379062261,1921549.37
20210907,13582837.605685988,17428.87,35.48,0.0,0.0,100.0,,,,2147930.9265416684,2382807.25319006,-34.85682379062261,1924449.17
20210908,13582837.605685988,17270.49,35.16,0.0,0.0,100.0,,,,2128412.2027147273,2361316.319677636,-34.85682379062261,1900789.19
20210909,13582837.605685988,17304.33,35.08,0.0,0.0,100.0,,,,2132582.638466108,2355943.5862995298,-34.85682379062261,1923054.46
20210910,13582837.605685988,17474.57,35.49,0.0,0.0,100.0,,,,2153562.9866432673,2383478.8448623237,-34.85682379062261,1960041.75
20210913,13582837.605685988,17446.31,35.36,0.0,0.0,100.0,,,,2150080.2291274867,2374748.1531229015,-34.85682379062261,1944802.14
20210914,13582837.605685988,17434.9,35.4,0.0,0.0,100.0,,,,2148674.062699495,2377434.519811954,-34.85682379062261,1907581.12
20210915,13582837.605685988,17354.0,35.19,0.0,0.0,100.0,,,,2138703.9606815656,2363331.094694426,-34.85682379062261,1896823.16
20210916,13582837.605685988,17278.7,35.02,0.0,0.0,100.0,,,,2129424.00169578,2351914.03626595,-34.85682379062261,1887700.25
20210917,13582837.605685988,17276.79,35.13,0.0,0.0,100.0,,,,2129188.613625888,2359301.5446608462,-34.85682379062261,1913044.5
20210922,13582837.605685988,16925.82,34.3,0.0,0.0,100.0,,,,2085935.1314845711,2303559.4358629948,-34.85682379062261,1850304.95
20210923,13582837.605685988,17078.22,34.5,0.0,0.0,100.0,,,,2104716.881145046,2316991.26930826,-34.85682379062261,1862963.22
20210924,13582837.605685988,17260.19,34.91,0.0,0.0,100.0,,,,2127142.8324948912,2344526.527871054,-34.85682379062261,1908368.87
20210927,13582837.605685988,17313.77,35.0,0.0,0.0,100.0,,,,2133746.0224345783,2350570.8529214235,-34.85682379062261,1916328.64
20210928,13582837.605685988,17181.44,34.75,0.0,0.0,100.0,,,,2117437.696105375,2333781.061114842,-34.85682379062261,1877568.5
20210929,13582837.605685988,16855.46,34.0,0.0,0.0,100.0,,,,2077263.977244998,2283411.6856950973,-34.85682379062261,1833532.95
20210930,13582837.605685988,16934.77,34.26,0.0,0.0,100.0,,,,2087038.1279377297,2300873.069173942,-34.85682379062261,1863680.41
20211001,13582837.605685988,16570.89,33.49,0.0,0.0,100.0,,,,2042193.6196276676,2249160.510409671,-34.85682379062261,1777714.78
20211004,13582837.605685988,16408.35,33.29,0.0,0.0,100.0,,,,2022162.218119705,2235728.6769644055,-34.85682379062261,1703270.31
20211005,13582837.605685988,16460.75,33.24,0.0,0.0,100.0,,,,2028619.985063333,2232370.7186030895,-34.85682379062261,1752151.7
20211006,13582837.605685988,16393.16,33.25,0.0,0.0,100.0,,,,2020290.2051450163,2233042.310275353,-34.85682379062261,1711718.95
20211007,13582837.605685988,16713.86,33.84,0.0,0.0,100.0,,,,2059813.2177179432,2272666.2189388853,-34.85682379062261,1767551.0
20211008,13582837.605685988,16640.43,33.55,0.0,0.0,100.0,,,,2050763.717208963,2253190.0604432505,-34.85682379062261,1746136.35
20211012,13582837.605685988,16462.84,33.21,0.0,0.0,100.0,,,,2028877.556302115,2230355.9435862997,-34.85682379062261,1677222.37
20211013,13582837.605685988,16347.99,33.1,0.0,0.0,100.0,,,,2014723.4621518163,2222968.4351914036,-34.85682379062261,1637166.04
20211014,13582837.605685988,16387.28,33.19,0.0,0.0,100.0,,,,2019565.5549612655,2229012.7602417725,-34.85682379062261,1667875.25
20211015,13582837.605685988,16781.19,34.06,0.0,0.0,100.0,,,,2068110.955281196,2287441.235728677,-34.85682379062261,1691423.58
20211018,13582837.605685988,16705.46,33.96,0.0,0.0,100.0,,,,2058778.003169728,2280725.319006044,-34.85682379062261,1677682.4
20211019,13582837.605685988,16900.67,34.24,0.0,0.0,100.0,,,,2082835.6498312843,2299529.8858294156,-34.85682379062261,1704149.36
20211020,13582837.605685988,16887.82,34.15,0.0,0.0,100.0,,,,2081252.0180521696,2293485.5607790463,-34.85682379062261,1704590.9
20211021,13582837.605685988,16889.51,34.02,0.0,0.0,100.0,,,,2081460.2933600843,2284754.869039624,-34.85682379062261,1717475.07
20211022,13582837.605685988,16888.74,34.13,0.0,0.0,100.0,,,,2081365.398693165,2292142.3774345196,-34.85682379062261,1691029.96
20211025,13582837.605685988,16894.24,34.1,0.0,0.0,100.0,,,,2082043.2177425916,2290127.60241773,-34.85682379062261,1722659.11
20211026,13582837.605685988,17034.34,34.39,0.0,0.0,100.0,,,,2099309.1175288935,2309603.760913365,-34.85682379062261,1727293.97
20211027,13582837.605685988,17074.55,34.39,0.0,0.0,100.0,,,,2104264.5909793377,2309603.760913365,-34.85682379062261,1741968.5
20211028,13582837.605685988,17041.63,34.29,0.0,0.0,100.0,,,,2100207.5358689516,2302887.8441907316,-34.85682379062261,1762936.22
20211029,13582837.605685988,16987.41,33.95,0.0,0.0,100.0,,,,2093525.4724398777,2280053.7273337813,-34.85682379062261,1782784.54
20211101,13582837.605685988,17068.24,34.13,0.0,0.0,100.0,,,,2103486.9476699047,2292142.3774345196,-34.85682379062261,1777705.72
20211102,13582837.605685988,17065.97,34.06,0.0,0.0,100.0,,,,2103207.1932622325,2287441.235728677,-34.85682379062261,1776452.84
20211103,13582837.605685988,17122.16,34.15,0.0,0.0,100.0,,,,2110132.039150828,2293485.5607790463,-34.85682379062261,1825146.77
20211104,13582837.605685988,17078.86,34.04,0.0,0.0,100.0,,,,2104795.754634434,2286098.05238415,-34.85682379062261,1807463.92
20211105,13582837.605685988,17296.9,34.52,0.0,0.0,100.0,,,,2131666.9665502463,2318334.4526527873,-34.85682379062261,1844641.36
20211108,13582837.605685988,17415.3,34.8,0.0,0.0,100.0,,,,2146258.5620869924,2337139.019476158,-34.85682379062261,1902670.08
20211109,13582837.605685988,17541.36,35.17,0.0,0.0,100.0,,,,2161794.1746998494,2361987.911349899,-34.85682379062261,1917424.62
20211110,13582837.605685988,17559.65,35.13,0.0,0.0,100.0,,,,2164048.2311387607,2359301.5446608462,-34.85682379062261,1898661.45
20211111,13582837.605685988,17452.52,34.81,0.0,0.0,100.0,,,,2150845.5484542027,2337810.6111484217,-34.85682379062261,1869275.23
20211112,13582837.605685988,17518.13,34.92,0.0,0.0,100.0,,,,2158931.3135147262,2345198.1195433177,-34.85682379062261,1888100.23
20211115,13582837.605685988,17634.47,35.24,0.0,0.0,100.0,,,,2173269.035007505,2366689.0530557423,-34.85682379062261,1888034.71
20211116,13582837.605685988,17693.13,35.3,0.0,0.0,100.0,,,,2180498.283269208,2370718.6030893214,-34.85682379062261,1901787.4
20211117,13582837.605685988,17764.04,35.41,0.0,0.0,100.0,,,,2189237.2194137233,2378106.1114842175,-34.85682379062261,1923444.28
20211118,13582837.605685988,17841.37,35.61,0.0,0.0,100.0,,,,2198767.355248661,2391537.944929483,-34.85682379062261,1945034.32
20211119,13582837.605685988,17818.31,35.7,0.0,0.0,100.0,,,,2195925.444834156,2397582.2699798523,-34.85682379062261,1927081.3
20211122,13582837.605685988,17803.54,35.61,0.0,0.0,100.0,,,,2194105.192586878,2391537.944929483,-34.85682379062261,1947387.25
20211123,13582837.605685988,17666.12,35.27,0.0,0.0,100.0,,,,2177169.5755373873,2368703.828072532,-34.85682379062261,1939754.52
20211124,13582837.605685988,17642.52,35.13,0.0,0.0,100.0,,,,2174261.115616211,2359301.5446608462,-34.85682379062261,1954463.37
20211125,13582837.605685988,17654.19,35.11,0.0,0.0,100.0,,,,2175699.3243992673,2357958.3613163196,-34.85682379062261,1965103.26
20211126,13582837.605685988,17369.39,34.54,0.0,0.0,100.0,,,,2140600.621621688,2319677.6359973135,-34.85682379062261,1913603.4
20211129,13582837.605685988,17328.09,34.54,0.0,0.0,100.0,,,,2135510.8167596306,2319677.6359973135,-34.85682379062261,1927394.96
20211130,13582837.605685988,17427.76,34.5,0.0,0.0,100.0,,,,2147794.130333511,2316991.26930826,-34.85682379062261,1954603.03
20211201,13477869.91349576,17585.99,35.08,100.0,1.0,0.0,3037.0,欣興,欣興,2167294.3681863784,2355943.5862995298,-35.36024796951269,1970907.43
20211202,12891472.281363852,17724.88,35.45,100.0,1.0,0.0,3037.0,欣興,欣興,2184411.147781806,2380792.478173271,-38.17260613705343,1976826.29
20211203,13216786.983732542,17697.14,35.44,100.0,1.0,0.0,3037.0,欣興,欣興,2180992.474976153,2380120.8865010072,-36.612399529633386,2001144.41
20211206,13253222.37741332,17688.21,35.34,100.0,1.0,0.0,3037.0,欣興,欣興,2179891.9433195386,2373404.969778375,-36.4376556845173,2005898.56
20211207,13242267.915313285,17796.92,35.45,100.0,1.0,0.0,3037.0,欣興,欣興,2193289.3449310223,2380792.478173271,-36.49019319365772,2011421.8
20211208,13647868.037621342,17832.42,35.59,100.0,1.0,0.0,3037.0,欣興,欣興,2197664.358795503,2390194.7615849567,-34.54493837981837,2037892.1
20211209,13386942.853024743,17914.12,35.5,100.0,1.0,0.0,3037.0,欣興,欣興,2207733.052675166,2384150.436534587,-35.79633339543168,2034240.81
20211210,13631919.869289646,17826.26,35.49,100.0,1.0,0.0,3037.0,欣興,欣興,2196905.201460145,2383478.8448623237,-34.62142566252089,2009128.05
20211213,13511455.79744561,17767.6,35.38,100.0,1.0,0.0,3037.0,欣興,欣興,2189675.953198443,2376091.3364674277,-35.19917034937116,2000603.56
20211214,13287103.870563708,17599.37,35.02,100.0,1.0,0.0,3037.0,欣興,欣興,2168943.317073892,2351914.03626595,-36.27516032510811,1933314.84
20211215,13638147.016385743,17660.1,35.08,100.0,1.0,0.0,3037.0,欣興,欣興,2176427.671777833,2355943.5862995298,-34.59156031682957,1995468.82
20211216,14195370.75110048,17785.74,35.51,100.0,1.0,0.0,3037.0,欣興,欣興,2191911.5236632796,2384822.02820685,-31.919119918707317,2033499.14
20211217,14040859.600232732,17812.59,35.48,100.0,1.0,0.0,3037.0,欣興,欣興,2195220.5130227525,2382807.25319006,-32.66015411343831,2019914.09
20211220,13616439.633333514,17669.11,35.16,100.0,1.0,0.0,3037.0,欣興,欣興,2177538.0626206207,2361316.319677636,-34.695668745441274,2006291.24
20211221,13952800.04615043,17789.27,35.46,100.0,1.0,0.0,3037.0,欣興,欣興,2192346.560253184,2381464.069845534,-33.08248700256166,2041667.71
20211222,14137809.162346842,17826.83,35.46,100.0,1.0,0.0,3037.0,欣興,欣興,2196975.4481616314,2381464.069845534,-32.19518481971889,2048088.9
20211223,14723815.080752222,17946.66,35.66,100.0,1.0,0.0,3037.0,欣興,欣興,2211743.276651229,2394895.903290799,-29.38470530795329,2065461.22
20211224,14700598.300287211,17961.64,35.76,100.0,1.0,0.0,3037.0,欣興,欣興,2213589.4092622125,2401611.820013432,-29.49605279400535,2057847.66
20211227,14545309.516467111,18048.94,36.04,100.0,1.0,0.0,3037.0,欣興,欣興,2224348.2461740193,2420416.386836803,-30.240816509909465,2069943.21
20211228,14718000.821292477,18196.81,36.33,100.0,1.0,0.0,3037.0,欣興,欣興,2242571.7194174207,2439892.545332438,-29.412590447974008,2083015.51
20211229,14409864.306647832,18248.28,36.49,100.0,1.0,0.0,3037.0,欣興,欣興,2248914.873321782,2450638.0120886504,-30.890410609914003,2075789.8
20211230,14500179.98134428,18218.84,36.38,100.0,1.0,0.0,3037.0,欣興,欣興,2245286.692809942,2443250.5036937543,-30.45725738508589,2077390.6
20220103,14497844.81686895,18270.51,36.6,100.0,1.0,0.0,3037.0,欣興,欣興,2251654.4946797364,2458025.520483546,-30.468456814491613,2042440.76
20220104,14781433.038782015,18526.35,37.4,100.0,1.0,0.0,3037.0,欣興,欣興,2283184.172062517,2511752.854264607,-29.10837006036201,2047996.06
20220105,14285171.141863562,18499.96,37.33,100.0,1.0,0.0,3037.0,欣興,欣興,2279931.8730235407,2507051.712558764,-31.488437991338795,2026574.64
20220106,14163137.916505778,18367.92,36.98,100.0,1.0,0.0,3037.0,欣興,欣興,2263659.286244217,2483546.0040295497,-32.07370832539277,2004607.59
20220107,13657630.99343201,18169.76,36.65,100.0,1.0,0.0,3037.0,欣興,欣興,2239238.0820925133,2461383.478844862,-34.498115324933835,1942964.65
20220110,13469449.833891608,18239.38,36.89,100.0,1.0,0.0,3037.0,欣興,欣興,2247818.0388599825,2477501.6789791808,-35.40063060127739,1940310.07
20220111,13470467.178370103,18288.21,37.08,100.0,1.0,0.0,3037.0,欣興,欣興,2253835.8396206186,2490261.920752182,-35.39575142561821,1900328.39
20220112,13724790.017767295,18375.4,37.39,100.0,1.0,0.0,3037.0,欣興,欣興,2264581.120151438,2511081.2625923436,-34.17602120267974,1888813.23
20220113,13323452.9374301,18436.93,37.58,100.0,1.0,0.0,2327.0,國巨*,國巨*,2272164.066717113,2523841.5043653455,-36.100830502675976,1877798.29
20220114,13162929.408063471,18403.33,37.58,100.0,1.0,0.0,2327.0,國巨*,國巨*,2268023.2085242523,2523841.5043653455,-36.87070001469192,1888606.05
20220117,13403714.702113414,18525.44,38.0,100.0,1.0,0.0,2327.0,國巨*,國巨*,2283072.0238197935,2552048.354600403,-35.715895746668,1917937.25
20220118,13430468.62367452,18378.64,37.58,100.0,1.0,0.0,2327.0,國巨*,國巨*,2264980.4171914626,2523841.5043653455,-35.587584161332,1928985.39
20220119,13042536.761038505,18227.46,37.13,100.0,1.0,0.0,2327.0,國巨*,國巨*,2246349.020120134,2493619.879113499,-37.44810214870389,1895933.11
20220120,12882013.231671872,18218.28,37.27,100.0,1.0,0.0,2327.0,國巨*,國巨*,2245217.6785067273,2503022.162525185,-38.21797166071985,1914973.45
20220121,12560966.17293862,17899.3,35.66,100.0,1.0,0.0,2327.0,國巨*,國巨*,2205906.63843653,2394895.903290799,-39.75771068475174,1832355.46
20220124,12387065.682791438,17989.04,36.0,0.0,0.0,100.0,,,,2216966.1805266286,2417730.02014775,-40.5917359894357,1845074.62
20220125,12387065.682791438,17701.12,35.41,0.0,0.0,100.0,,,,2181482.969488283,2378106.1114842175,-40.5917359894357,1791196.69
20220126,12387065.682791438,17674.4,35.39,0.0,0.0,100.0,,,,2178190.0013063424,2376762.9281396912,-40.5917359894357,1795493.52
20220207,12387065.682791438,17900.3,35.58,0.0,0.0,100.0,,,,2206029.878263699,2389523.169912693,-40.5917359894357,1858401.25
20220208,12387065.682791438,17966.56,35.73,0.0,0.0,100.0,,,,2214195.749211882,2399597.044996642,-40.5917359894357,1904209.94
20220209,12387065.682791438,18151.76,35.85,0.0,0.0,100.0,,,,2237019.765203481,2407656.145063801,-40.5917359894357,1968962.48
20220210,12387065.682791438,18338.05,36.26,0.0,0.0,100.0,,,,2259978.112606695,2435191.4036265947,-40.5917359894357,1978654.35
20220211,12387065.682791438,18310.94,36.24,0.0,0.0,100.0,,,,2256637.0808921573,2433848.2202820685,-40.5917359894357,2010875.54
20220214,12387065.682791438,17997.67,35.67,0.0,0.0,100.0,,,,2218029.740235092,2395567.4949630625,-40.5917359894357,1949044.55
20220215,12387065.682791438,17951.81,35.51,0.0,0.0,100.0,,,,2212377.9617611463,2384822.02820685,-40.5917359894357,1957589.24
20220216,12387065.682791438,18231.47,36.1,0.0,0.0,100.0,,,,2246843.21182708,2424445.936870383,-40.5917359894357,2008245.29
20220217,12387065.682791438,18268.57,36.13,0.0,0.0,100.0,,,,2251415.4094150295,2426460.711887173,-40.5917359894357,2009005.6
20220218,12387065.682791438,18232.35,36.02,0.0,0.0,100.0,,,,2246951.662874988,2419073.203492277,-40.5917359894357,2037931.21
20220221,12387065.682791438,18221.49,35.95,0.0,0.0,100.0,,,,2245613.2783519384,2414372.061786434,-40.5917359894357,2021652.68
20220222,12387065.682791438,17969.29,35.46,0.0,0.0,100.0,,,,2214532.1939400514,2381464.069845534,-40.5917359894357,1963204.23
20220223,12387065.682791438,18055.73,35.56,0.0,0.0,100.0,,,,2225185.0446004933,2388179.986568167,-40.5917359894357,2008103.32
20220224,12387065.682791438,17594.55,34.7,0.0,0.0,100.0,,,,2168349.30110694,2330423.1027535256,-40.5917359894357,1935877.9
20220225,12387065.682791438,17652.18,34.63,0.0,0.0,100.0,,,,2175451.612346659,2325721.961047683,-40.5917359894357,1988956.59
20220301,12387065.682791438,17898.25,35.11,0.0,0.0,100.0,,,,2205777.2366180033,2357958.3613163196,-40.5917359894357,2052212.46
20220302,12387065.682791438,17867.6,34.91,0.0,0.0,100.0,,,,2201999.9359152894,2344526.527871054,-40.5917359894357,2075826.46
20220303,12387065.682791438,17934.4,34.99,0.0,0.0,100.0,,,,2210232.3563701436,2349899.261249161,-40.5917359894357,2098427.09
20220304,12387065.682791438,17736.52,34.61,0.0,0.0,100.0,,,,2185845.6593700475,2324378.777703156,-40.5917359894357,2083443.11
20220307,12387065.682791438,17178.69,33.5,0.0,0.0,100.0,,,,2117098.7865806613,2249832.102081934,-40.5917359894357,1964253.56
20220308,12387065.682791438,16825.25,32.79,0.0,0.0,100.0,,,,2073540.902066239,2202149.093351242,-40.5917359894357,1892275.62
20220309,12387065.682791438,17015.36,33.13,0.0,0.0,100.0,,,,2096970.025609236,2224983.2102081934,-40.5917359894357,1934616.1
20220310,12387065.682791438,17433.2,34.09,0.0,0.0,100.0,,,,2148464.5549933077,2289456.010745467,-40.5917359894357,1980690.5
20220311,12387065.682791438,17264.74,33.6,0.0,0.0,100.0,,,,2127703.573708508,2256548.018804567,-40.5917359894357,1979024.63
20220314,12387065.682791438,17263.04,33.6,0.0,0.0,100.0,,,,2127494.066002322,2256548.018804567,-40.5917359894357,1986280.88
20220315,12387065.682791438,16926.06,32.91,0.0,0.0,100.0,,,,2085964.709043092,2210208.1934184013,-40.5917359894357,1903879.94
20220316,12387065.682791438,16940.83,33.05,0.0,0.0,100.0,,,,2087784.9612903704,2219610.4768300867,-40.5917359894357,1899542.41
20220317,12387065.682791438,17448.22,34.1,0.0,0.0,100.0,,,,2150315.6171973785,2290127.60241773,-40.5917359894357,2010235.09
20220318,12387065.682791438,17456.52,34.02,0.0,0.0,100.0,,,,2151338.507762877,2284754.869039624,-40.5917359894357,1997357.54
20220321,12387065.682791438,17560.36,34.25,0.0,0.0,100.0,,,,2164135.7314160503,2300201.477501679,-40.5917359894357,2010384.2
20220322,12387065.682791438,17559.71,34.2,0.0,0.0,100.0,,,,2164055.6255283905,2296843.5191403627,-40.5917359894357,2013966.98
20220323,12387065.682791438,17731.37,34.52,0.0,0.0,100.0,,,,2185210.9742601295,2318334.4526527873,-40.5917359894357,2047606.32
20220324,12387065.682791438,17699.06,34.5,0.0,0.0,100.0,,,,2181229.0954443165,2316991.26930826,-40.5917359894357,2043920.97
20220325,12387065.682791438,17676.95,34.55,0.0,0.0,100.0,,,,2178504.262865622,2320349.2276695766,-40.5917359894357,2024393.61
20220328,12387065.682791438,17520.01,34.17,0.0,0.0,100.0,,,,2159163.0043898025,2294828.744123573,-40.5917359894357,2028459.92
20220329,12387065.682791438,17548.66,34.21,0.0,0.0,100.0,,,,2162693.825438179,2297515.110812626,-40.5917359894357,2048731.09
20220330,12387065.682791438,17740.56,34.64,0.0,0.0,100.0,,,,2186343.548271808,2326393.552719946,-40.5917359894357,2059376.58
20220331,12387065.682791438,17693.47,34.52,0.0,0.0,100.0,,,,2180540.1848104447,2318334.4526527873,-40.5917359894357,2046237.02
20220401,12387065.682791438,17625.59,34.24,0.0,0.0,100.0,,,,2172174.6653422494,2299529.8858294156,-40.5917359894357,2046298.71
20220406,12387065.682791438,17522.5,34.06,0.0,0.0,100.0,,,,2159469.8715594523,2287441.235728677,-40.5917359894357,2020363.35
20220407,12387065.682791438,17178.63,33.45,0.0,0.0,100.0,,,,2117091.3921910315,2246474.143720618,-40.5917359894357,1944224.18
20220408,12387065.682791438,17284.54,33.64,0.0,0.0,100.0,,,,2130143.7222864437,2259234.38549362,-40.5917359894357,1964476.49
20220411,12387065.682791438,17048.37,33.11,0.0,0.0,100.0,,,,2101038.172304067,2223640.0268636667,-40.5917359894357,1888528.98
20220412,12387065.682791438,16990.91,33.14,0.0,0.0,100.0,,,,2093956.8118349672,2225654.8018804565,-40.5917359894357,1889209.43
20220413,12387065.682791438,17301.65,33.76,0.0,0.0,100.0,,,,2132252.3557292963,2267293.4855607785,-40.5917359894357,1938787.49
20220414,12387065.682791438,17245.65,33.64,0.0,0.0,100.0,,,,2125350.9254078623,2259234.38549362,-40.5917359894357,1932774.89
20220415,12387065.682791438,17004.18,33.06,0.0,0.0,100.0,,,,2095592.2043414928,2220282.0685023507,-40.5917359894357,1879754.15
20220418,12387065.682791438,16898.87,32.89,0.0,0.0,100.0,,,,2082613.8181423813,2208865.010073875,-40.5917359894357,1863328.5
20220419,12387065.682791438,16993.4,33.0,0.0,0.0,100.0,,,,2094263.6790046168,2216252.518468771,-40.5917359894357,1885864.3
20220420,12387065.682791438,17148.88,33.16,0.0,0.0,100.0,,,,2113425.0073327697,2226997.9852249827,-40.5917359894357,1902429.43
20220421,12387065.682791438,17127.95,33.19,0.0,0.0,100.0,,,,2110845.597750134,2229012.7602417725,-40.5917359894357,1925816.06
20220422,12387065.682791438,17025.09,32.9,0.0,0.0,100.0,,,,2098169.1491275853,2209536.601746138,-40.5917359894357,1885678.11
20220425,12387065.682791438,16620.9,32.31,0.0,0.0,100.0,,,,2048356.8433843628,2169912.693082606,-40.5917359894357,1799848.52
20220426,12387065.682791438,16644.79,32.31,0.0,0.0,100.0,,,,2051301.0428554176,2169912.693082606,-40.5917359894357,1791255.91
20220427,12387065.682791438,16303.35,31.64,0.0,0.0,100.0,,,,2009222.0362670163,2124916.0510409675,-40.5917359894357,1778243.98
20220428,12387065.682791438,16419.38,31.77,0.0,0.0,100.0,,,,2023521.5534133737,2133646.7427803893,-40.5917359894357,1785242.68
20220429,12387065.682791438,16592.18,32.19,0.0,0.0,100.0,,,,2044817.3955480843,2161853.5930154463,-40.5917359894357,1813562.99
20220503,12387065.682791438,16498.9,31.95,0.0,0.0,100.0,,,,2033321.5844698104,2145735.3928811285,-40.5917359894357,1822405.1
20220504,12387065.682791438,16565.83,31.95,0.0,0.0,100.0,,,,2041570.0261021955,2145735.3928811285,-40.5917359894357,1846446.18
20220505,12387065.682791438,16696.12,32.31,0.0,0.0,100.0,,,,2057626.9431839748,2169912.693082606,-40.5917359894357,1893952.65
20220506,12387065.682791438,16408.2,31.66,0.0,0.0,100.0,,,,2022143.73214563,2126259.234385493,-40.5917359894357,1857024.85
20220509,12387065.682791438,16048.92,31.14,0.0,0.0,100.0,,,,1977866.1270405431,2091336.4674278037,-40.5917359894357,1801216.66
20220510,12387065.682791438,16061.7,31.0,0.0,0.0,100.0,,,,1979441.1320317565,2081934.1840161183,-40.5917359894357,1834991.94
20220511,12387065.682791438,16006.25,31.05,0.0,0.0,100.0,,,,1972607.483615265,2085292.1423774348,-40.5917359894357,1814262.08
20220512,12387065.682791438,15616.68,30.31,0.0,0.0,100.0,,,,1924596.9441452457,2035594.3586299529,-40.5917359894357,1759056.42
20220513,12387065.682791438,15832.54,30.59,0.0,0.0,100.0,,,,1951199.4932378307,2054398.925453324,-40.5917359894357,1816221.9
20220516,12387065.682791438,15901.04,30.75,0.0,0.0,100.0,,,,1959641.4213988704,2065144.3922095364,-40.5917359894357,1808753.04
20220517,12387065.682791438,16056.09,31.09,0.0,0.0,100.0,,,,1978749.7566013413,2087978.5090664872,-40.5917359894357,1834111.19
20220518,12387065.682791438,16296.86,31.43,0.0,0.0,100.0,,,,2008422.209788693,2110812.6259234385,-40.5917359894357,1857951.64
20220519,12387065.682791438,16020.32,30.82,0.0,0.0,100.0,,,,1974341.4679835252,2069845.533915379,-40.5917359894357,1849548.89
20220520,12387065.682791438,16144.85,31.16,0.0,0.0,100.0,,,,1989688.5236608144,2092679.65077233,-40.5917359894357,1850301.02
20220523,12387065.682791438,16156.41,31.23,0.0,0.0,100.0,,,,1991113.1760628817,2097380.792478173,-40.5917359894357,1864138.77
20220524,12387065.682791438,15963.63,30.88,0.0,0.0,100.0,,,,1967355.002181345,2073875.0839489591,-40.5917359894357,1814888.74
20220525,12387065.682791438,16104.03,31.11,0.0,0.0,100.0,,,,1984657.8739157976,2089321.692411014,-40.5917359894357,1844830.97
20220526,12387065.682791438,15968.83,30.73,0.0,0.0,100.0,,,,1967995.849282621,2063801.20886501,-40.5917359894357,1812534.41
20220527,12387065.682791438,16266.22,31.38,0.0,0.0,100.0,,,,2004646.1414842512,2107454.667562122,-40.5917359894357,1845557.4
20220530,12387065.682791438,16610.62,32.14,0.0,0.0,100.0,,,,2047089.9379610708,2158495.6346541303,-40.5917359894357,1898630.85
20220531,12387065.682791438,16807.77,32.45,0.0,0.0,100.0,,,,2071386.669887334,2179314.9764942913,-40.5917359894357,1911832.24
20220601,12387065.682791438,16675.09,32.29,0.0,0.0,100.0,,,,2055035.2096186224,2168569.5097380793,-40.5917359894357,1905265.93
20220602,12387065.682791438,16552.57,31.95,0.0,0.0,100.0,,,,2039935.8659939412,2145735.3928811285,-40.5917359894357,1900784.35
20220606,12387065.682791438,16605.96,32.17,0.0,0.0,100.0,,,,2046515.640366466,2160510.40967092,-40.5917359894357,1884049.66
20220607,12387065.682791438,16512.88,31.85,0.0,0.0,100.0,,,,2035044.4772536252,2139019.4761584955,-40.5917359894357,1868273.07
20220608,12387065.682791438,16670.51,32.2,0.0,0.0,100.0,,,,2054470.77121019,2162525.18468771,-40.5917359894357,1877298.39
20220609,12387065.682791438,16621.34,32.1,0.0,0.0,100.0,,,,2048411.068908317,2155809.2679650774,-40.5917359894357,1865782.99
20220610,12387065.682791438,16460.12,31.77,0.0,0.0,100.0,,,,2028542.3439722168,2133646.7427803893,-40.5917359894357,1850753.68
20220613,12387065.682791438,16070.98,30.89,0.0,0.0,100.0,,,,1980584.7976278795,2074546.6756212225,-40.5917359894357,1795986.47
20220614,12387065.682791438,16047.37,30.84,0.0,0.0,100.0,,,,1977675.1053084324,2071188.717259906,-40.5917359894357,1801560.0
20220615,12387065.682791438,15999.25,30.69,0.0,0.0,100.0,,,,1971744.8048250857,2061114.8421759568,-40.5917359894357,1767678.3
20220616,12387065.682791438,15838.61,30.63,0.0,0.0,100.0,,,,1951947.5589887437,2057085.2921423772,-40.5917359894357,1704710.95
20220617,12387065.682791438,15641.26,30.21,0.0,0.0,100.0,,,,1927626.1790970464,2028878.44190732,-40.5917359894357,1680800.74
20220620,12387065.682791438,15367.58,29.94,0.0,0.0,100.0,,,,1893897.9031975805,2010745.4667562123,-40.5917359894357,1604355.95
20220621,12387065.682791438,15728.64,30.55,0.0,0.0,100.0,,,,1938394.8751950269,2051712.5587642712,-40.5917359894357,1662223.96
20220622,12387065.682791438,15347.75,29.88,0.0,0.0,100.0,,,,1891454.0574248296,2006715.916722632,-40.5917359894357,1565203.58
20220623,12387065.682791438,15176.44,29.48,0.0,0.0,100.0,,,,1870341.8426326,1979852.249832102,-40.5917359894357,1532532.16
20220624,12387065.682791438,15303.32,29.54,0.0,0.0,100.0,,,,1885978.5119037349,1983881.7998656817,-40.5917359894357,1540012.52
20220627,12387065.682791438,15548.01,30.24,0.0,0.0,100.0,,,,1916134.065213587,2030893.21692411,-40.5917359894357,1592458.67
20220628,12387065.682791438,15439.92,29.95,0.0,0.0,100.0,,,,1902813.0722949477,2011417.0584284752,-40.5917359894357,1561965.84
20220629,12387065.682791438,15240.13,29.7,0.0,0.0,100.0,,,,1878190.9872249593,1994627.2666218935,-40.5917359894357,1539310.15
20220630,12387065.682791438,14825.73,28.95,0.0,0.0,100.0,,,,1827120.402846347,1944257.891202149,-40.5917359894357,1489927.69
20220701,12387065.682791438,14343.08,27.89,0.0,0.0,100.0,,,,1767638.7002634867,1873069.1739422432,-40.5917359894357,1387143.89
20220704,12387065.682791438,14217.06,27.61,0.0,0.0,100.0,,,,1752108.0172437164,1854264.6071188715,-40.5917359894357,1397731.01
20220705,12387065.682791438,14349.2,27.75,0.0,0.0,100.0,,,,1768392.9280057575,1863666.8905305576,-40.5917359894357,1419073.64
20220706,12387065.682791438,13985.51,27.21,0.0,0.0,100.0,,,,1723571.835262858,1827400.9402283411,-40.5917359894357,1365211.6
20220707,12387065.682791438,14336.27,28.02,0.0,0.0,100.0,,,,1766799.4370404696,1881799.8656816655,-40.5917359894357,1423686.05
20220708,12387065.682791438,14464.53,28.31,0.0,0.0,100.0,,,,1782606.177273097,1901276.0241773,-40.5917359894357,1436045.96
20220711,12387065.682791438,14340.53,28.06,0.0,0.0,100.0,,,,1767324.4387042073,1884486.2323707184,-40.5917359894357,1429080.01
20220712,12387065.682791438,13950.62,27.39,0.0,0.0,100.0,,,,1719271.9976929503,1839489.59032908,-40.5917359894357,1362046.33
20220713,12387065.682791438,14324.68,28.36,0.0,0.0,100.0,,,,1765371.0874435871,1904633.9825386163,-40.5917359894357,1378741.05
20220714,12387065.682791438,14438.52,28.5,0.0,0.0,100.0,,,,1779400.7093684452,1914036.265950302,-40.5917359894357,1418806.39
20220715,12387065.682791438,14550.62,28.88,0.0,0.0,100.0,,,,1793215.8939940303,1939556.7494963063,-40.5917359894357,1423098.28
20220718,12387065.682791438,14719.64,28.55,0.0,0.0,100.0,,,,1814045.8895820444,1917394.2243116184,-40.5917359894357,1450805.53
20220719,12387065.682791438,14694.08,28.57,0.0,0.0,100.0,,,,1810895.8795996185,1918737.407656145,-40.5917359894357,1455316.0
20220720,12387065.682791438,14733.22,28.76,0.0,0.0,100.0,,,,1815719.486434992,1931497.6494291471,-40.5917359894357,1460403.09
20220721,12387065.682791438,14937.7,29.09,0.0,0.0,100.0,,,,1840919.5662944005,1953660.1746138344,-40.5917359894357,1518025.05
20220722,12387065.682791438,14949.36,29.2,0.0,0.0,100.0,,,,1842356.5426791848,1961047.6830087304,-40.5917359894357,1510759.07
20220725,12387065.682791438,14936.33,29.18,0.0,0.0,100.0,,,,1840750.7277311792,1959704.499664204,-40.5917359894357,1493671.22
20220726,12387065.682791438,14806.78,28.91,0.0,0.0,100.0,,,,1824785.008121505,1941571.524513096,-40.5917359894357,1464543.97
20220727,12387065.682791438,14921.59,29.18,0.0,0.0,100.0,,,,1838934.172678716,1959704.499664204,-40.5917359894357,1480642.36
20220728,12387065.682791438,14891.9,29.23,0.0,0.0,100.0,,,,1835275.1822100843,1963062.4580255204,-40.5917359894357,1449325.45
20220729,12387065.682791438,15000.07,29.5,0.0,0.0,100.0,,,,1848606.0343148976,1981195.4331766283,-40.5917359894357,1472881.88
20220801,12387065.682791438,14981.69,29.41,0.0,0.0,100.0,,,,1846340.8862915412,1975151.1081262592,-40.5917359894357,1456349.08
20220802,12387065.682791438,14747.23,28.89,0.0,0.0,100.0,,,,1817446.0764136224,1940228.3411685696,-40.5917359894357,1421097.51
20220803,12387065.682791438,14777.02,29.06,0.0,0.0,100.0,,,,1821117.390864971,1951645.3995970448,-40.5917359894357,1402019.91
20220804,12387065.682791438,14702.2,29.14,0.0,0.0,100.0,,,,1811896.5869962263,1957018.132975151,-40.5917359894357,1400713.56
20220805,12387065.682791438,15036.04,29.88,0.0,0.0,100.0,,,,1853038.9708981472,2006715.916722632,-40.5917359894357,1451848.59
20220808,12387065.682791438,15020.41,29.81,0.0,0.0,100.0,,,,1851112.732399504,2002014.7750167896,-40.5917359894357,1450798.23
20220809,12387065.682791438,15050.28,29.79,0.0,0.0,100.0,,,,1854793.9060370263,2000671.591672263,-40.5917359894357,1451436.24
20220810,12387065.682791438,14939.02,29.48,0.0,0.0,100.0,,,,1841082.2428662623,1979852.249832102,-40.5917359894357,1423754.68
20220811,12387065.682791438,15197.85,30.01,0.0,0.0,100.0,,,,1872980.4073322767,2015446.6084620552,-40.5917359894357,1448788.21
20220812,12387065.682791438,15288.97,30.2,0.0,0.0,100.0,,,,1884210.0203838672,2028206.850235057,-40.5917359894357,1491195.93
20220815,12387065.682791438,15417.35,30.48,0.0,0.0,100.0,,,,1900031.5493957552,2047011.4170584283,-40.5917359894357,1529027.68
20220816,12387065.682791438,15420.57,30.52,0.0,0.0,100.0,,,,1900428.3816392375,2049697.7837474812,-40.5917359894357,1522874.79
20220817,12387065.682791438,15465.45,30.54,0.0,0.0,100.0,,,,1905959.3850825585,2051040.967092008,-40.5917359894357,1520339.13
20220818,12387065.682791438,15396.76,30.34,0.0,0.0,100.0,,,,1897494.0413543563,2037609.133646743,-40.5917359894357,1540846.65
20220819,12387065.682791438,15408.78,30.39,0.0,0.0,100.0,,,,1898975.3840769215,2040967.0920080591,-40.5917359894357,1540982.45
20220822,12387065.682791438,15245.14,29.95,0.0,0.0,100.0,,,,1878808.4187590736,2011417.0584284752,-40.5917359894357,1514958.54
20220823,12387065.682791438,15095.89,29.55,0.0,0.0,100.0,,,,1860414.87455418,1984553.391537945,-40.5917359894357,1506519.89
20220824,12387065.682791438,15069.19,29.48,0.0,0.0,100.0,,,,1857124.371168782,1979852.249832102,-40.5917359894357,1497864.62
20220825,12387065.682791438,15200.04,29.75,0.0,0.0,100.0,,,,1873250.3025537755,1997985.2249832104,-40.5917359894357,1523101.9
20220826,12387065.682791438,15278.44,29.9,0.0,0.0,100.0,,,,1882912.3050037832,2008059.100067159,-40.5917359894357,1530202.06
20220829,12345857.456711514,14926.19,29.14,100.0,1.0,0.0,8069.0,元太,元太,1839501.0758836912,1957018.132975151,-40.78937029904981,1485923.79
20220830,12574635.70424807,14953.63,29.19,100.0,1.0,0.0,8069.0,元太,元太,1842882.7767411936,1960376.0913364673,-39.69215172626001,1490603.95
20220831,12535022.064156096,15095.44,29.4,100.0,1.0,0.0,8069.0,元太,元太,1860359.4166319545,1974479.516453996,-39.88213841473563,1502637.43
20220901,12319560.881415537,14801.86,28.79,100.0,1.0,0.0,8069.0,元太,元太,1824178.668171836,1933512.4244459367,-40.91548845550129,1456841.18
20220902,12450496.357775591,14673.04,28.48,100.0,1.0,0.0,8069.0,元太,元太,1808302.913635994,1912693.0826057757,-40.2875229996667,1455722.22
20220905,12299080.67097358,14661.1,28.54,100.0,1.0,0.0,8069.0,元太,元太,1806831.4300996023,1916722.6326393553,-41.013711374478625,1431732.14
20220906,11913160.982873462,14677.2,28.73,100.0,1.0,0.0,8069.0,元太,元太,1808815.5913170148,1929482.874412357,-42.86457898950849,1408443.18
20220907,11772316.923756456,14410.05,28.05,100.0,1.0,0.0,8069.0,元太,元太,1775892.0714889588,1883814.6406984553,-43.540065925851025,1392490.47
20220908,12164555.482253738,14583.42,28.25,100.0,1.0,0.0,8069.0,元太,元太,1797258.1603251558,1897246.4741437205,-41.658893060940656,1412571.82
20220912,11938738.834407205,14807.43,28.85,100.0,1.0,0.0,8069.0,元太,元太,1824865.114009164,1937541.9744795165,-42.741907826244166,1445454.95
20220913,12231423.621240713,14894.41,29.0,100.0,1.0,0.0,8069.0,元太,元太,1835584.5141762772,1947615.8495634652,-41.33819402239821,1452840.86
20220914,12093544.89348464,14658.31,28.41,100.0,1.0,0.0,8069.0,元太,元太,1806487.5909818024,1907991.9408999328,-41.9994592541918,1446125.18
20220915,11734862.872013832,14670.04,28.46,80.0,0.8,20.0,8069.0,元太,元太,1807933.1941544884,1911349.8992612492,-43.71969524656112,1431935.68
20220916,11564895.764131336,14561.76,28.14,80.0,0.8,20.0,8069.0,元太,元太,1794588.785668687,1889858.9657488249,-44.534856082611505,1410611.82
20220919,11456388.725768238,14425.68,28.01,80.0,0.8,20.0,8069.0,元太,元太,1777818.309987602,1881128.2740094024,-45.05525493631539,1472789.93
20220920,11496053.913368898,14549.3,28.26,80.0,0.8,20.0,8069.0,元太,元太,1793053.2174221678,1897918.065815984,-44.86502102641676,1495477.2
20220921,11431392.130455878,14424.52,28.02,80.0,0.8,20.0,8069.0,元太,元太,1777675.3517880866,1881799.8656816655,-45.175138399575374,1488526.51
20220922,11579644.901364166,14284.63,27.69,80.0,0.8,20.0,8069.0,元太,元太,1760435.3323654898,1859637.340496978,-44.46411934308866,1477196.65
20220923,11311570.670325208,14118.38,27.43,80.0,0.8,20.0,8069.0,元太,元太,1739946.7110987322,1842175.9570181328,-45.749801125991965,1438692.74
20220926,10785567.423658134,13778.19,26.91,80.0,0.8,20.0,8069.0,元太,元太,1698021.7542942916,1807253.1900604432,-48.272508323050225,1367205.61
20220927,10864310.561955146,13826.59,26.88,80.0,0.8,20.0,8069.0,元太,元太,1703986.5619292457,1805238.4150436537,-47.89485688656288,1396294.12
20220928,10314635.671130965,13466.07,26.31,0.0,0.0,100.0,,,,1659556.13943847,1766957.6897246472,-50.53109309215813,1314305.57
20220929,10314635.671130965,13534.26,26.23,0.0,0.0,100.0,,,,1667959.8632530875,1761584.9563465414,-50.53109309215813,1320229.79
20220930,10314635.671130965,13424.58,25.86,0.0,0.0,100.0,,,,1654442.91900925,1736736.0644728006,-50.53109309215813,1344949.37
20221003,10314635.671130965,13300.48,25.55,0.0,0.0,100.0,,,,1639148.8564576434,1715916.722632639,-50.53109309215813,1343297.73
20221004,10314635.671130965,13576.52,26.2,0.0,0.0,100.0,,,,1673167.9783492272,1759570.1813297514,-50.53109309215813,1382989.57
20221005,10314635.671130965,13801.43,26.81,0.0,0.0,100.0,,,,1700885.8478776868,1800537.2733378103,-50.53109309215813,1388516.14
20221006,10314635.671130965,13892.05,27.0,0.0,0.0,100.0,,,,1712053.841015693,1813297.5151108128,-50.53109309215813,1413838.89
20221007,10314635.671130965,13702.28,26.55,0.0,0.0,100.0,,,,1688666.6190139337,1783075.8898589658,-50.53109309215813,1397080.24
20221011,10314635.671130965,13106.03,25.18,0.0,0.0,100.0,,,,1615184.8720647355,1691067.8307588983,-50.53109309215813,1318669.31
20221012,10314635.671130965,13081.24,25.05,0.0,0.0,100.0,,,,1612129.756749229,1682337.139019476,-50.53109309215813,1296526.0
20221013,10314635.671130965,12810.73,24.75,0.0,0.0,100.0,,,,1578792.1511018872,1662189.388851578,-50.53109309215813,1230572.51
20221014,10314635.671130965,13128.12,25.46,0.0,0.0,100.0,,,,1617907.239846887,1709872.39758227,-50.53109309215813,1289568.93
20221017,10314635.671130965,12966.05,24.99,0.0,0.0,100.0,,,,1597933.7610576933,1678307.5889858964,-50.53109309215813,1277441.16
20221018,10314635.671130965,13124.68,25.27,0.0,0.0,100.0,,,,1617483.2948414274,1697112.155809268,-50.53109309215813,1278422.96
20221019,10314635.671130965,12976.76,24.94,0.0,0.0,100.0,,,,1599253.6596066677,1674949.6306245804,-50.53109309215813,1276479.19
20221020,10314635.671130965,12946.1,24.8,0.0,0.0,100.0,,,,1595475.1265056825,1665547.3472128946,-50.53109309215813,1261237.92
20221021,10314635.671130965,12819.2,24.73,0.0,0.0,100.0,,,,1579835.9924380044,1660846.2055070517,-50.53109309215813,1228575.25
20221024,10314635.671130965,12856.98,24.65,0.0,0.0,100.0,,,,1584491.9931084288,1655473.4721289454,-50.53109309215813,1253248.35
20221025,10314635.671130965,12666.12,24.18,0.0,0.0,100.0,,,,1560970.4396950554,1623908.663532572,-50.53109309215813,1234983.55
20221026,10314635.671130965,12729.05,24.4,0.0,0.0,100.0,,,,1568725.9220187669,1638683.680322364,-50.53109309215813,1227062.75
20221027,10314635.671130965,12926.37,24.75,0.0,0.0,100.0,,,,1593043.6047156488,1662189.388851578,-50.53109309215813,1276784.16
20221028,10314635.671130965,12788.42,24.44,0.0,0.0,100.0,,,,1576042.6705577588,1641370.0470114169,-50.53109309215813,1271094.3
20221031,10314635.671130965,12949.75,24.76,0.0,0.0,100.0,,,,1595924.9518748475,1662860.9805238417,-50.53109309215813,1289656.01
20221101,10314635.671130965,13037.21,24.9,0.0,0.0,100.0,,,,1606703.5071590014,1672263.263935527,-50.53109309215813,1300489.8
20221102,10314635.671130965,13100.17,25.0,0.0,0.0,100.0,,,,1614462.6866775283,1678979.1806581598,-50.53109309215813,1312226.36
20221103,10314635.671130965,12986.6,24.68,0.0,0.0,100.0,,,,1600466.3395060054,1657488.2471457352,-50.53109309215813,1324722.29
20221104,10314635.671130965,13026.71,24.71,0.0,0.0,100.0,,,,1605409.4889737326,1659503.022162525,-50.53109309215813,1333553.67
20221107,10314635.671130965,13223.73,25.14,0.0,0.0,100.0,,,,1629690.1997224635,1688381.4640698456,-50.53109309215813,1360061.97
20221108,10314635.671130965,13347.76,25.4,0.0,0.0,100.0,,,,1644975.6354861688,1705842.8475486902,-50.53109309215813,1365503.43
20221109,10314635.671130965,13638.81,26.13,0.0,0.0,100.0,,,,1680844.587183551,1754869.0396239087,-50.53109309215813,1401159.16
20221110,10314635.671130965,13503.76,25.88,0.0,0.0,100.0,,,,1664201.0485244496,1738079.247817327,-50.53109309215813,1395429.59
20221111,10314635.671130965,14007.56,27.25,0.0,0.0,100.0,,,,1726289.273451923,1830087.3069173945,-50.53109309215813,1445559.7
20221114,10314635.671130965,14174.9,27.5,0.0,0.0,100.0,,,,1746912.226130294,1846877.0987239757,-50.53109309215813,1471060.59
20221115,10314635.671130965,14546.31,28.68,0.0,0.0,100.0,,,,1792684.730338934,1926124.9160510409,-50.53109309215813,1497386.62
20221116,10314635.671130965,14537.35,28.63,0.0,0.0,100.0,,,,1791580.5014875047,1922766.9576897249,-50.53109309215813,1507129.13
20221117,10314635.671130965,14535.23,28.64,0.0,0.0,100.0,,,,1791319.2330539073,1923438.549361988,-50.53109309215813,1509148.77
20221118,10314635.671130965,14504.99,28.56,0.0,0.0,100.0,,,,1787592.460680333,1918065.8159838817,-50.53109309215813,1484579.74
20221121,10314635.671130965,14449.39,28.46,0.0,0.0,100.0,,,,1780740.3262897662,1911349.8992612492,-50.53109309215813,1478161.87
20221122,10314635.671130965,14542.2,28.7,0.0,0.0,100.0,,,,1792178.2146492717,1927468.099395567,-50.53109309215813,1478683.77
20221123,10986362.543565558,14608.54,28.9,100.0,1.0,0.0,1795.0,美時,美時,1800353.9447836278,1940899.9328408325,-47.30949659767727,1496964.66
20221124,11733496.305877276,14784.0,29.18,100.0,1.0,0.0,1795.0,美時,美時,1821977.6048586068,1959704.499664204,-43.72624928638842,1543805.33
20221125,11675559.701945854,14778.51,29.18,100.0,1.0,0.0,1795.0,美時,美時,1821301.018207452,1959704.499664204,-44.00411275707422,1526356.81
20221128,11746209.219611678,14556.87,28.59,100.0,1.0,0.0,1795.0,美時,美時,1793986.1429138333,1920080.5910006715,-43.66527825783191,1523422.96
20221129,11350243.839323595,14709.64,28.85,100.0,1.0,0.0,1795.0,美時,美時,1812813.4913103597,1937541.9744795165,-45.56432492906073,1518967.04
20221130,11788728.01645452,14879.55,29.09,100.0,1.0,0.0,1795.0,美時,美時,1833753.1703445537,1953660.1746138344,-43.46135846173683,1553997.02
20221201,11874474.725340769,15012.8,29.59,100.0,1.0,0.0,1795.0,美時,美時,1850174.877314752,1987239.758226998,-43.05011795894141,1566491.69
20221202,12051629.669839077,14970.68,29.32,100.0,1.0,0.0,1795.0,美時,美時,1844984.015794416,1969106.7830758896,-42.200484318251725,1583124.99
20221205,12717142.239156354,14980.74,29.36,100.0,1.0,0.0,1795.0,美時,美時,1846223.808455731,1971793.1497649427,-39.00869156984675,1605669.69
20221206,11908763.7192684,14728.88,28.82,100.0,1.0,0.0,1795.0,美時,美時,1815184.625585081,1935527.1994627265,-42.88566822919311,1568544.26
20221207,11580104.99838823,14630.01,28.65,100.0,1.0,0.0,1795.0,美時,美時,1802999.9038729344,1924110.1410342508,-44.46191272158717,1525320.37
20221208,11473612.268189242,14553.04,28.31,100.0,1.0,0.0,1795.0,美時,美時,1793514.134375778,1901276.0241773,-44.97265097008587,1528392.12
20221209,11994727.169980498,14705.43,28.75,100.0,1.0,0.0,1795.0,美時,美時,1812294.6516379805,1930826.0577568836,-42.4733882344032,1555315.78
20221212,11856578.670744758,14612.59,28.48,100.0,1.0,0.0,1795.0,美時,美時,1800853.06608366,1912693.0826057757,-43.135947287970005,1531046.46
20221213,11887888.94812306,14522.96,28.35,100.0,1.0,0.0,1795.0,美時,美時,1789807.0803745503,1903962.3908663532,-42.985783458022915,1520970.5
20221214,12058447.97442328,14739.36,28.7,100.0,1.0,0.0,1795.0,美時,美時,1816476.1789738063,1927468.099395567,-42.167783786163184,1554548.93
20221215,11594918.059118057,14734.13,28.73,100.0,1.0,0.0,1795.0,美時,美時,1815831.6346777151,1929482.874412357,-44.39086940550429,1542856.84
20221216,11354355.792771105,14528.55,28.25,100.0,1.0,0.0,1795.0,美時,美時,1790495.991008422,1897246.4741437205,-45.544604034519246,1522553.86
20221219,11582022.003951726,14433.32,28.09,100.0,1.0,0.0,1795.0,美時,美時,1778759.862267169,1886501.0073875084,-44.452718778845416,1516071.77
20221220,10998331.396442143,14170.03,27.57,100.0,1.0,0.0,1795.0,美時,美時,1746312.0481719836,1851578.2404298184,-47.25209407880763,1455619.76
20221221,11197262.94698914,14234.4,27.69,100.0,1.0,0.0,1795.0,美時,美時,1754244.9958468175,1859637.340496978,-46.298020016590854,1464929.39
20221222,11286574.859588116,14442.94,28.15,100.0,1.0,0.0,1795.0,美時,美時,1779945.4294045295,1890530.557421088,-45.86968082643549,1489583.32
20221223,11237282.98117047,14271.63,27.68,100.0,1.0,0.0,1795.0,美時,美時,1758833.2146122996,1858965.7488247145,-46.10608426544204,1483796.69
20221226,11466740.67513503,14285.13,27.77,100.0,1.0,0.0,1795.0,美時,美時,1760496.952279074,1865010.073875084,-45.00560707323344,1464892.94
20221227,11358484.3118855,14328.43,27.9,100.0,1.0,0.0,1795.0,美時,美時,1765833.2367954687,1873740.765614506,-45.52480369117713,1475545.77
20221228,11168093.948749866,14173.1,27.5,100.0,1.0,0.0,1795.0,美時,美時,1746690.3944413906,1846877.0987239757,-46.43791428959288,1435633.43
20221229,11586501.680730168,14085.02,27.38,100.0,1.0,0.0,1795.0,美時,美時,1735835.4304643923,1838817.9986568163,-44.431234286266566,1440332.84
20221230,11412839.967993127,14137.69,27.55,100.0,1.0,0.0,1795.0,美時,美時,1742326.4721613554,1850235.057085292,-45.26411441647703,1440319.55
20230103,11801359.602273228,14224.12,27.69,100.0,1.0,0.0,1795.0,美時,美時,1752978.0904235262,1859637.340496978,-43.40077748118772,1469970.0
20230104,11560769.85640288,14199.13,27.63,100.0,1.0,0.0,1795.0,美時,美時,1749898.3271425858,1855607.790463398,-44.55464390176837,1457588.42
20230105,11174957.47121288,14301.05,27.82,80.0,0.8,20.0,8996.0,高力,高力,1762458.930327596,1868368.0322364003,-46.4049968929336,1442364.44
20230106,11368386.05963582,14373.34,27.95,80.0,0.8,20.0,8996.0,高力,高力,1771367.9374336044,1877098.7239758223,-45.47731499130415,1462710.9
20230109,11365437.53722718,14752.21,28.95,80.0,0.8,20.0,8996.0,高力,高力,1818059.8107529213,1944257.891202149,-45.49145608025768,1497975.13
20230110,11284699.456361633,14802.96,29.06,80.0,0.8,20.0,8996.0,高力,高力,1824314.231981721,1951645.3995970448,-45.87867524471486,1494895.99
20230111,11440101.737355132,14751.44,29.09,80.0,0.8,20.0,8996.0,高力,高力,1817964.9160860016,1953660.1746138344,-45.13336719731092,1488847.56
20230112,11193257.96510109,14731.64,28.96,80.0,0.8,20.0,8996.0,高力,高力,1815524.7675080656,1944929.4828744123,-46.31722787642269,1475494.32
20230113,11174392.923586871,14824.13,29.3,80.0,0.8,20.0,8996.0,高力,高力,1826923.219122877,1967763.5997313631,-46.40770445865345,1470631.8
20230116,11466784.262503391,14927.01,29.52,80.0,0.8,20.0,8996.0,高力,高力,1839602.1325419697,1982538.616521155,-45.00539802857723,1489332.13
20230117,12195478.13947839,14932.93,29.52,80.0,0.8,20.0,8996.0,高力,高力,1840331.7123188064,1982538.616521155,-41.51058825402723,1494230.14
20230130,12079718.091554957,15493.82,30.18,80.0,0.8,20.0,8996.0,高力,高力,1909455.6989793277,2026863.6668905304,-42.0657724812704,1540732.53
20230131,12708703.41271291,15265.2,29.57,80.0,0.8,20.0,8996.0,高力,高力,1881280.6096920732,1985896.5748824717,-39.04916411129681,1549204.31
20230201,12683599.801033476,15420.13,29.75,80.0,0.8,20.0,8996.0,高力,高力,1900374.1561152835,1997985.2249832104,-39.16956082416338,1572266.32
20230202,12724666.60678504,15595.16,30.25,80.0,0.8,20.0,8996.0,高力,高力,1921944.82306458,2031564.8085963733,-38.97260476526811,1624957.27
20230203,12616936.282258246,15602.66,30.25,80.0,0.8,20.0,8996.0,高力,高力,1922869.1217683435,2031564.8085963733,-39.48927850587181,1620261.2
20230206,12804750.644450422,15392.82,29.81,80.0,0.8,20.0,8996.0,高力,高力,1897008.4764353123,2002014.7750167896,-38.58852238656026,1604341.45
20230207,12813221.06359594,15400.91,29.75,80.0,0.8,20.0,8996.0,高力,高力,1898005.4866371057,1997985.2249832104,-38.54789832677375,1611070.46
20230208,12884077.585606609,15618.17,30.21,80.0,0.8,20.0,8996.0,高力,高力,1924780.5714877264,2028878.44190732,-38.2080710364149,1648272.13
20230209,13363464.393793909,15598.71,30.23,80.0,0.8,20.0,8996.0,高力,高力,1922382.324451028,2030221.6252518469,-35.90893589066867,1653171.78
20230210,13325343.800772374,15586.65,30.25,80.0,0.8,20.0,8996.0,高力,高力,1920896.0521353765,2031564.8085963733,-36.09176193780982,1629357.14
20230213,13640446.891432652,15544.28,30.19,80.0,0.8,20.0,8996.0,高力,高力,1915674.380658249,2027535.2585627935,-34.58053013522911,1612791.26
20230214,13555737.573540457,15654.48,30.41,80.0,0.8,20.0,8996.0,高力,高力,1929255.4096122135,2042310.2753525856,-34.98679531944345,1615514.88
20230215,13667939.55523367,15432.89,29.71,80.0,0.8,20.0,8996.0,高力,高力,1901946.696309953,1995298.858294157,-34.44867554825347,1612451.57
20230216,13901364.385864532,15550.5,30.07,80.0,0.8,20.0,8996.0,高力,高力,1916440.932383236,2019476.1584956343,-33.32917200158183,1650508.99
20230217,13732545.14011934,15479.7,29.69,80.0,0.8,20.0,8996.0,高力,高力,1907715.5526197092,1993955.6749496304,-34.13882770036671,1643201.41
20230220,13898974.776351769,15551.23,29.75,80.0,0.8,20.0,8996.0,高力,高力,1916530.8974570695,1997985.2249832104,-33.340632548934366,1646082.66
20230221,14134768.035292488,15563.0,29.74,80.0,0.8,20.0,8996.0,高力,高力,1917981.430222842,1997313.6333109464,-32.20977003978321,1665419.22
20230222,14176706.816473264,15418.77,29.41,80.0,0.8,20.0,8996.0,高力,高力,1900206.5499503345,1975151.1081262592,-32.00863199398031,1617555.3
20230223,13940664.685292,15615.41,29.85,80.0,0.8,20.0,8996.0,高力,高力,1924440.4295647417,2004701.141705843,-33.14068809232762,1667250.59
20230224,14096083.879235413,15503.79,29.7,80.0,0.8,20.0,8996.0,高力,高力,1910684.4000561973,1994627.2666218935,-32.395298930556535,1651266.58
20230301,14338247.57868315,15598.49,29.84,80.0,0.8,20.0,8996.0,高力,高力,1922355.211689051,2004029.5500335796,-31.23388384170685,1669290.68
20230302,14153515.601406569,15598.72,29.81,100.0,1.0,0.0,8996.0,高力,高力,1922383.5568492997,2002014.7750167896,-32.119856868594646,1679691.1
20230303,13869585.695668222,15608.42,29.84,100.0,1.0,0.0,8996.0,高力,高力,1923578.9831728344,2004029.5500335796,-33.48158233550903,1681424.4
20230306,14053233.17944879,15763.51,30.13,100.0,1.0,0.0,8996.0,高力,高力,1942692.2479683915,2023505.708529214,-32.600810530410044,1707067.5
20230307,14099488.444915503,15857.89,30.32,100.0,1.0,0.0,8996.0,高力,高力,1954323.6228565513,2036265.950302216,-32.37897066186534,1709623.81
20230308,14222654.863581063,15818.2,30.07,100.0,1.0,0.0,8996.0,高力,高力,1949432.2341162348,2019476.1584956343,-31.788265542130272,1708512.38
20230309,14104012.339526812,15770.66,30.05,100.0,1.0,0.0,8996.0,高力,高力,1943573.412732646,2018132.975151108,-32.35727410092775,1709333.01
20230310,13539836.614762368,15526.2,29.57,100.0,1.0,0.0,8996.0,高力,高力,1913446.2045830428,1985896.5748824717,-35.06305618551943,1666719.1
20230313,13249935.881193187,15560.49,29.7,100.0,1.0,0.0,8996.0,高力,高力,1917672.0982566492,1994627.2666218935,-36.45341769306033,1676236.14
20230314,13290175.854290731,15360.42,29.38,100.0,1.0,0.0,8996.0,高力,高力,1893015.506035054,1973136.3331094696,-36.26042711669826,1643954.31
20230315,13673569.05900572,15387.59,29.4,100.0,1.0,0.0,8996.0,高力,高力,1896363.9321392216,1974479.516453996,-34.421676494974605,1659508.45
20230316,13672814.302603403,15221.12,29.26,100.0,1.0,0.0,8996.0,高力,高力,1875848.198110487,1965077.2330423105,-34.42529630040398,1646142.47
20230317,13995956.044069748,15452.96,29.74,100.0,1.0,0.0,8996.0,高力,高力,1904420.119641224,1997313.6333109464,-32.87551119540242,1683165.51
20230320,14334831.000107251,15419.97,29.52,100.0,1.0,0.0,8996.0,高力,高力,1900354.4377429364,1982538.616521155,-31.25026972414644,1690391.17
20230321,14355370.167841848,15513.45,29.66,100.0,1.0,0.0,8996.0,高力,高力,1911874.8967866448,1991940.8999328408,-31.15176404648387,1691682.57
20230322,14053083.348827364,15760.46,30.23,100.0,1.0,0.0,8996.0,高力,高力,1942316.366495527,2030221.6252518469,-32.6015291168245,1714497.44
20230323,13657556.118639473,15863.95,30.46,100.0,1.0,0.0,8996.0,高力,高力,1955070.4562091923,2045668.233713902,-34.498474423816226,1721782.5
20230324,13385000.390155137,15914.7,30.55,100.0,1.0,0.0,8996.0,高力,高力,1961324.877437992,2051712.5587642712,-35.80564943120185,1735861.88
20230327,13627367.609634668,15830.31,30.36,100.0,1.0,0.0,8996.0,高力,高力,1950924.668423245,2038952.3169912696,-34.64325826197204,1728320.63
20230328,13531034.035641344,15701.48,30.1,100.0,1.0,0.0,8996.0,高力,高力,1935047.6814891312,2021490.9335124244,-35.105273281786396,1685519.64
20230329,13381566.984572057,15769.76,30.15,100.0,1.0,0.0,8996.0,高力,高力,1943462.4968881945,2024848.8918737408,-35.82211601582797,1684394.27
20230330,13718065.383182004,15849.43,30.3,100.0,1.0,0.0,8996.0,高力,高力,1953281.013918706,2034922.7669576895,-34.208272494232396,1700103.86
20230331,14040952.196220364,15868.06,30.4,100.0,1.0,0.0,8996.0,高力,高力,1955576.9718988545,2041638.683680322,-32.65971002385161,1710984.42
20230406,14027632.583195262,15810.77,30.25,100.0,1.0,0.0,8996.0,高力,高力,1948516.5622003733,2031564.8085963733,-32.723590777161334,1711628.39
20230407,14245679.920439258,15836.5,30.25,100.0,1.0,0.0,8996.0,高力,高力,1951687.522953418,2031564.8085963733,-31.677837560902233,1733523.34
20230410,14565675.98097729,15876.17,30.25,100.0,1.0,0.0,8996.0,高力,高力,1956576.446897191,2031564.8085963733,-30.143139115475098,1750771.1
20230411,14929216.605933886,15913.88,30.21,100.0,1.0,0.0,8996.0,高力,高力,1961223.8207797136,2028878.44190732,-28.399601301189435,1755283.06
20230412,15163744.363124168,15932.97,30.14,100.0,1.0,0.0,8996.0,高力,高力,1963576.4690803597,2024177.3002014773,-27.27480812791017,1761232.34
20230413,14384348.25799927,15804.76,29.88,100.0,1.0,0.0,8996.0,高力,高力,1947775.8908390908,2006715.916722632,-31.012785367054924,1737233.09
20230414,15221429.57895661,15929.43,30.16,100.0,1.0,0.0,8996.0,高力,高力,1963140.2000921832,2025520.483546004,-26.998150312456666,1758904.66
20230417,14917135.926143376,15963.55,30.09,100.0,1.0,0.0,8996.0,高力,高力,1967345.1429951717,2020819.341840161,-28.45754014100836,1760558.49
20230418,14107818.540598152,15869.44,29.99,100.0,1.0,0.0,4763.0,材料*-KY,材料*-KY,1955747.042860347,2014103.4251175283,-32.3390195922399,1735091.82
20230419,14276375.769127823,15770.47,29.76,100.0,1.0,0.0,4763.0,材料*-KY,材料*-KY,1943549.997165484,1998656.8166554736,-31.53062052584186,1738275.52
20230420,13907932.695064072,15707.52,29.73,100.0,1.0,0.0,4763.0,材料*-KY,材料*-KY,1935792.050045229,1996642.0416386835,-33.29767044527933,1723444.93
20230421,13225197.582978796,15602.99,29.65,100.0,1.0,0.0,4763.0,材料*-KY,材料*-KY,1922909.7909113092,1991269.3082605775,-36.57206236558632,1681600.72
20230424,13650849.53112284,15626.87,29.54,100.0,1.0,0.0,4763.0,材料*-KY,材料*-KY,1925852.757984092,1983881.7998656817,-34.53063916177766,1686713.86
20230425,13166289.939405832,15370.73,29.15,100.0,1.0,0.0,4763.0,材料*-KY,材料*-KY,1894286.108653161,1957689.7246474144,-36.85458293431832,1631429.69
20230426,13376244.47017542,15374.63,29.02,100.0,1.0,0.0,4763.0,材料*-KY,材料*-KY,1894766.743979118,1948959.0329079917,-35.84764275061511,1637583.78
20230427,13189332.184634836,15411.49,29.0,100.0,1.0,0.0,4763.0,材料*-KY,材料*-KY,1899309.364008548,1947615.8495634652,-36.744072517806806,1637419.72
20230428,14065788.252013875,15579.18,29.35,100.0,1.0,0.0,4763.0,材料*-KY,材料*-KY,1919975.450626428,1971121.55809268,-32.54059650678906,1677649.36
20230502,15091930.561936405,15636.48,29.43,100.0,1.0,0.0,4763.0,材料*-KY,材料*-KY,1927037.092723181,1976494.2914707856,-27.61922652124216,1723057.37
20230503,15545548.560265822,15553.41,29.3,100.0,1.0,0.0,4763.0,材料*-KY,材料*-KY,1916799.5602802965,1967763.5997313631,-25.443678373294908,1707848.59
20230504,15754350.660887996,15609.03,29.38,100.0,1.0,0.0,4763.0,材料*-KY,材料*-KY,1923654.1594674068,1973136.3331094696,-24.44226523499571,1717362.26
20230505,15808050.227216786,15626.07,29.45,100.0,1.0,0.0,4763.0,材料*-KY,材料*-KY,1925754.1661223576,1977837.4748153123,-24.18472256141923,1731624.33
20230508,15373890.259258552,15699.57,29.64,100.0,1.0,0.0,4763.0,材料*-KY,材料*-KY,1934812.2934192396,1990597.7165883144,-26.266950157508667,1722258.74
20230509,15209922.834430004,15727.7,29.73,100.0,1.0,0.0,4763.0,材料*-KY,材料*-KY,1938279.0297574888,1996642.0416386835,-27.05333656352243,1715928.86
20230510,15513764.602341477,15641.76,29.45,100.0,1.0,0.0,4763.0,材料*-KY,材料*-KY,1927687.7990106307,1977837.4748153123,-25.59611397120197,1726210.47
20230511,15117505.585325211,15514.64,29.39,100.0,1.0,0.0,4763.0,材料*-KY,材料*-KY,1912021.5521809752,1973807.9247817327,-27.496568921737413,1690627.07
20230512,15785751.039236397,15502.36,29.3,100.0,1.0,0.0,4763.0,材料*-KY,材料*-KY,1910508.1671033464,1967763.5997313631,-24.29166928154526,1705228.6
20230515,15307880.650258632,15475.05,29.3,100.0,1.0,0.0,4763.0,材料*-KY,材料*-KY,1907142.4874233757,1967763.5997313631,-26.58353169337227,1681178.34
20230516,15299512.074576247,15673.9,29.65,100.0,1.0,0.0,4763.0,材料*-KY,材料*-KY,1931648.727055825,1991269.3082605775,-26.62366731275646,1699797.33
20230517,16092045.443770688,15925.29,30.14,100.0,1.0,0.0,4763.0,材料*-KY,材料*-KY,1962629.987207706,2024177.3002014773,-22.82268386437653,1736715.63
20230518,16195238.857200464,16101.88,30.54,100.0,1.0,0.0,4763.0,材料*-KY,材料*-KY,1984392.9082873852,2051040.967092008,-22.32776911166764,1753840.57
20230519,16733315.965201134,16174.92,30.63,100.0,1.0,0.0,4763.0,材料*-KY,材料*-KY,1993394.34526377,2057085.2921423772,-19.74715577605311,1787223.21
20230522,17349769.16163847,16180.89,30.57,100.0,1.0,0.0,4763.0,材料*-KY,材料*-KY,1994130.0870319656,2053055.7421087977,-16.790651372029274,1782422.03
20230523,16525859.584911454,16188.03,30.55,100.0,1.0,0.0,4763.0,材料*-KY,材料*-KY,1995010.0193979489,2051712.5587642712,-20.742114850827942,1801123.28
20230524,16378802.588496745,16159.32,30.4,100.0,1.0,0.0,4763.0,材料*-KY,材料*-KY,1991471.803959942,2041638.683680322,-21.447398982786865,1790490.42
20230525,16339036.046346506,16292.0,30.76,100.0,1.0,0.0,4763.0,材料*-KY,材料*-KY,2007823.264228654,2065815.9838817995,-21.638118988262462,1808922.59
20230526,16204406.6820106,16505.05,31.49,100.0,1.0,0.0,4763.0,材料*-KY,材料*-KY,2034079.509406896,2114842.1759570176,-22.283800300112873,1821481.42
20230529,16180722.023608318,16636.3,31.69,100.0,1.0,0.0,4763.0,材料*-KY,材料*-KY,2050254.736722757,2128274.0094022835,-22.39739172486148,1851565.63
20230530,15994590.13518487,16622.74,31.69,100.0,1.0,0.0,4763.0,材料*-KY,材料*-KY,2048583.6046663527,2128274.0094022835,-23.290078713968754,1843005.19
20230531,16145637.93560372,16578.96,31.54,100.0,1.0,0.0,3231.0,緯創,緯創,2043188.1650329176,2118200.134318334,-22.565654719191325,1838231.98
20230601,16836049.42073742,16512.65,31.29,100.0,1.0,0.0,3231.0,緯創,緯創,2035016.1320933765,2101410.3425117526,-19.254446977576645,1853586.49
20230602,17619202.380960163,16706.91,31.69,100.0,1.0,0.0,3231.0,緯創,緯創,2058956.7009191224,2128274.0094022835,-15.498451892622588,1848771.4
20230605,17482037.30896752,16714.43,31.59,100.0,1.0,0.0,3231.0,緯創,緯創,2059883.4644194292,2121558.092679651,-16.156294437309143,1849542.58
20230606,17203686.777581014,16761.66,31.68,100.0,1.0,0.0,3231.0,緯創,緯創,2065704.081456596,2127602.41773002,-17.491261271227142,1848596.14
20230607,16898324.92560938,16922.48,32.02,100.0,1.0,0.0,3231.0,緯創,緯創,2085523.510461829,2150436.534586971,-18.95577417405996,1854771.56
20230608,16681246.775451556,16733.69,31.71,100.0,1.0,0.0,3231.0,緯創,緯創,2062257.063490694,2129617.1927468097,-19.996879177113016,1809423.07
20230609,17490237.89292614,16886.4,31.95,100.0,1.0,0.0,3231.0,緯創,緯創,2081077.017497591,2145735.3928811285,-16.11696450483519,1845121.81
20230612,17077149.066250015,16955.37,32.25,100.0,1.0,0.0,3231.0,緯創,緯創,2089576.8683773992,2165883.143049026,-18.098135082551803,1851339.42
20230613,17091640.000320885,17216.6,32.89,100.0,1.0,0.0,3231.0,緯創,緯創,2121770.808428618,2208865.010073875,-18.02863668324664,1913080.72
20230614,17785844.203492023,17238.14,32.88,100.0,1.0,0.0,3231.0,緯創,緯創,2124425.394305827,2208193.418401612,-14.69923909746258,1925578.38
20230615,18615835.200485565,17334.98,32.98,100.0,1.0,0.0,3231.0,緯創,緯創,2136359.939168821,2214909.3351242444,-10.718609177635424,1959741.14
20230616,18817407.93832522,17288.91,32.89,100.0,1.0,0.0,3231.0,緯創,緯創,2130682.28033117,2208865.010073875,-9.751868003125736,1978659.24
20230619,18409855.375091184,17274.56,32.81,100.0,1.0,0.0,3231.0,緯創,緯創,2128913.7888113027,2203492.2766957693,-11.706486707410637,1979623.16
20230620,18340526.313917033,17184.91,32.64,100.0,1.0,0.0,3231.0,緯創,緯創,2117865.3383056493,2192075.2182672936,-12.038988308299084,1956877.85
20230621,19300065.922655854,17202.4,32.64,100.0,1.0,0.0,3231.0,緯創,緯創,2120020.8028828264,2192075.2182672936,-7.437044323797388,1949236.41
20230626,19144284.06168161,17059.24,32.44,100.0,1.0,0.0,3231.0,緯創,緯創,2102377.7892253883,2178643.384822028,-8.184172833632626,1936021.86
20230627,18467298.661809653,16887.9,32.23,100.0,1.0,0.0,3231.0,緯創,緯創,2081261.8772383432,2164539.959704499,-11.430989181976,1902097.92
20230628,18207043.467027627,16935.63,32.27,100.0,1.0,0.0,3231.0,緯創,緯創,2087144.1141890944,2167226.326393553,-12.679170932009898,1909589.19
20230629,19010809.143348556,16942.3,32.26,100.0,1.0,0.0,3231.0,緯創,緯創,2087966.1238363076,2166554.734721289,-8.824317432053082,1951559.09
20230630,19890534.59453316,16915.54,32.27,100.0,1.0,0.0,3231.0,緯創,緯創,2084668.2260612797,2167226.326393553,-4.605161483490269,1945185.61
20230703,20561445.49047327,17084.2,32.67,100.0,1.0,0.0,3231.0,緯創,緯創,2105453.8553115134,2194089.993284083,-1.387478405491741,1995717.1
20230704,21809617.14768417,17140.77,32.75,100.0,1.0,0.0,3231.0,緯創,緯創,2112425.5323344334,2199462.7266621892,0.0,2024576.47
20230705,21506174.781050622,17056.43,32.7,100.0,1.0,0.0,3231.0,緯創,緯創,2102031.485311045,2196104.768300873,-1.3913236742249109,2022377.24
20230706,21865894.739967756,16762.17,31.98,100.0,1.0,0.0,3231.0,緯創,緯創,2065766.933768452,2147750.1678979183,0.0,1996393.34
20230707,21868472.245181058,16664.21,31.93,100.0,1.0,0.0,3231.0,緯創,緯創,2053694.360299029,2144392.209536602,0.0,1983354.21
20230710,22083316.798418075,16652.8,31.86,100.0,1.0,0.0,3231.0,緯創,緯創,2052288.1938710369,2139691.067830758,0.0,1986069.59
20230711,23384401.443749968,16898.91,32.3,100.0,1.0,0.0,3231.0,緯創,緯創,2082618.747735468,2169241.1014103424,0.0,2019413.07
20230712,25044101.406461667,16962.03,32.36,100.0,1.0,0.0,3231.0,緯創,緯創,2090397.6456263417,2173270.651443922,0.0,2046233.68
20230713,26074734.474258102,17061.4,32.73,100.0,1.0,0.0,3231.0,緯創,緯創,2102643.9872520724,2198119.5433176626,0.0,2082589.76
20230714,27531228.17679706,17283.71,33.06,100.0,1.0,0.0,3231.0,緯創,緯創,2130041.433229894,2220282.0685023507,0.0,2136766.62
20230717,27171577.273501575,17334.29,33.0,100.0,1.0,0.0,3231.0,緯創,緯創,2136274.9036880755,2216252.518468771,-1.306338028169017,2125274.04
20230718,25569001.4051119,17227.91,32.46,80.0,0.8,20.0,3231.0,緯創,緯創,2123164.6508738934,2179986.5681665544,-7.127276556949591,2122408.33
20230719,24730330.656658147,17116.44,32.19,80.0,0.8,20.0,3231.0,緯創,緯創,2109427.1073394245,2161853.5930154463,-10.173529136268138,2126633.48
20230720,25801703.492846236,17164.89,32.34,80.0,0.8,20.0,3231.0,緯創,緯創,2115398.0769657367,2171927.4680993957,-6.282046964430169,2145234.42
20230721,27522373.10027283,17030.7,31.8,80.0,0.8,20.0,3231.0,緯創,緯創,2098860.5245580003,2135661.517797179,-0.0321637540735907,2183251.0
20230724,28353875.30453108,17033.61,31.81,80.0,0.8,20.0,3231.0,緯創,緯創,2099219.1524550607,2136333.1094694426,0.0,2177934.46
20230725,27805851.035478976,17198.89,32.21,80.0,0.8,20.0,3231.0,緯創,緯創,2119588.231089465,2163196.7763599735,-1.9328020003125512,2201717.26
20230726,28461746.589094356,17162.55,32.13,80.0,0.8,20.0,3231.0,緯創,緯創,2115109.6957701626,2157824.042981867,0.0,2164328.69
20230727,28538009.452189498,17241.82,32.38,80.0,0.8,20.0,3231.0,緯創,緯創,2124878.916869807,2174613.8347884486,0.0,2169211.54
20230728,28973039.0796829,17292.93,32.38,80.0,0.8,20.0,3231.0,緯創,緯創,2131177.704436387,2174613.8347884486,0.0,2196568.18
20230731,27509841.375541933,17145.43,32.2,80.0,0.8,20.0,3231.0,緯創,緯創,2112999.829929039,2162525.18468771,-5.050204433566044,2148431.57
20230801,26210631.086707514,17212.87,32.36,80.0,0.8,20.0,3231.0,緯創,緯創,2121311.1238732794,2173270.651443922,-9.534408818412505,2124466.73
20230802,24370413.693009675,16893.73,31.96,80.0,0.8,20.0,3231.0,緯創,緯創,2081980.3654307355,2146406.9845533916,-15.885890927820476,2047128.99
20230804,23670396.01453257,16843.68,31.81,80.0,0.8,20.0,3231.0,緯創,緯創,2075812.2120809536,2136333.1094694426,-18.301991208332595,2061042.01
20230807,24974110.190870427,16996.0,32.13,80.0,0.8,20.0,3231.0,緯創,緯創,2094584.1025552547,2157824.042981867,-13.802241724847878,2120380.41
20230808,25572537.44077738,16877.07,31.75,80.0,0.8,20.0,3231.0,緯創,緯創,2079927.1899101087,2132303.5594358626,-11.736779250368992,2116371.99
20230809,24716154.791597854,16870.94,31.8,80.0,0.8,20.0,3231.0,緯創,緯創,2079171.729769566,2135661.517797179,-14.692570828961284,2099579.4
20230810,23570825.832951497,16634.7,31.6,80.0,0.8,20.0,3231.0,緯創,緯創,2050057.5529992871,2122229.684351914,-18.64565616286924,1986875.64
20230811,23825560.77444791,16601.25,31.57,80.0,0.8,20.0,3231.0,緯創,緯創,2045935.1807805027,2120214.9093351243,-17.766442419375387,1984575.72
20230814,22962413.775726363,16393.66,31.13,80.0,0.8,20.0,3231.0,緯創,緯創,2020351.8250586004,2090664.8757555403,-20.745581046661545,1945775.36
20230815,24033520.580094527,16454.8,31.18,80.0,0.8,20.0,3231.0,緯創,緯創,2027886.7080916804,2094022.8341168568,-17.048672339838074,2007861.17
20230816,25661505.747322556,16446.78,31.01,80.0,0.8,20.0,3231.0,緯創,緯創,2026898.3246777891,2082605.7756883816,-11.42970650490901,2021245.44
20230817,26142568.059216984,16516.66,31.15,80.0,0.8,20.0,3231.0,緯創,緯創,2035510.323800322,2092008.059100067,-9.769327313856978,2047562.25
20230818,24953941.639969572,16381.31,30.96,80.0,0.8,20.0,3231.0,緯創,緯創,2018829.81319307,2079247.8173270652,-13.871853168940389,2007745.63
20230821,25506428.93435575,16381.49,30.75,80.0,0.8,20.0,3231.0,緯創,緯創,2018851.99636196,2065144.3922095364,-11.964951746322262,2027524.07
20230822,26329710.396681663,16437.61,31.0,80.0,0.8,20.0,3231.0,緯創,緯創,2025768.2154626544,2081934.1840161183,-9.12340840645485,2048492.71
20230823,26841380.88212325,16576.9,31.21,80.0,0.8,20.0,3231.0,緯創,緯創,2042934.2909889503,2096037.6091336464,-7.3573855738677345,2061448.62
20230824,26287479.39386329,16770.87,31.75,80.0,0.8,20.0,3231.0,緯創,緯創,2066839.1202648175,2132303.5594358626,-9.269168064950554,2106251.44
20230825,24919256.685959622,16481.58,31.14,80.0,0.8,20.0,3231.0,緯創,緯創,2031187.070663252,2091336.4674278037,-13.991567755713817,2052820.64
20230828,24860945.62531448,16509.26,31.34,0.0,0.0,100.0,,,,2034598.3490792753,2104768.300873069,-14.192827487165442,2015484.77
20230829,24860945.62531448,16623.65,31.51,0.0,0.0,100.0,,,,2048695.7529090764,2116185.3593015447,-14.192827487165442,2050075.29
20230830,24860945.62531448,16719.82,31.65,0.0,0.0,100.0,,,,2060547.7270878672,2125587.64271323,-14.192827487165442,2064157.79
20230831,24860945.62531448,16634.51,31.43,0.0,0.0,100.0,,,,2050034.1374321256,2110812.6259234385,-14.192827487165442,2064847.59
20230901,24860945.62531448,16644.94,31.48,0.0,0.0,100.0,,,,2051319.5288294929,2114170.584284755,-14.192827487165442,2031709.18
20230904,24860945.62531448,16789.69,31.69,0.0,0.0,100.0,,,,2069158.493812128,2128274.0094022835,-14.192827487165442,2051600.05
20230905,24860945.62531448,16791.61,31.61,0.0,0.0,100.0,,,,2069395.1142802916,2122901.276024177,-14.192827487165442,2071375.97
20230906,24860945.62531448,16738.16,31.5,0.0,0.0,100.0,,,,2062807.945518137,2115513.7676292816,-14.192827487165442,2076048.63
20230907,24860945.62531448,16619.14,31.21,0.0,0.0,100.0,,,,2048139.9412885464,2096037.6091336464,-14.192827487165442,2062462.53
20230908,24860945.62531448,16576.02,31.07,0.0,0.0,100.0,,,,2042825.8399410425,2086635.3257219612,-14.192827487165442,2037246.68
20230911,24860945.62531448,16432.95,30.95,0.0,0.0,100.0,,,,2025193.9178680496,2078576.2256548016,-14.192827487165442,1975724.27
20230912,24860945.62531448,16572.71,31.26,0.0,0.0,100.0,,,,2042417.9161131145,2099395.567494963,-14.192827487165442,1971601.99
20230913,24860945.62531448,16581.51,31.3,0.0,0.0,100.0,,,,2043502.4265921968,2102081.934184016,-14.192827487165442,1983342.65
20230914,24860945.62531448,16807.56,31.74,0.0,0.0,100.0,,,,2071360.789523629,2131631.9677635995,-14.192827487165442,2025902.83
20230915,24860945.62531448,16920.92,31.84,0.0,0.0,100.0,,,,2085331.256331446,2138347.8844862324,-14.192827487165442,2038562.89
20230918,24860945.62531448,16698.24,31.5,0.0,0.0,100.0,,,,2057888.211617572,2115513.7676292816,-14.192827487165442,1982989.9
20230919,24860945.62531448,16636.32,31.36,0.0,0.0,100.0,,,,2050257.2015193005,2106111.484217596,-14.192827487165442,1946964.91
20230920,24860945.62531448,16534.75,31.19,0.0,0.0,100.0,,,,2037739.7322737996,2094694.42578912,-14.192827487165442,1931782.57
20230921,24860945.62531448,16316.67,30.69,0.0,0.0,100.0,,,,2010863.5907649,2061114.8421759568,-14.192827487165442,1909746.69
20230922,24860945.62531448,16344.48,30.66,0.0,0.0,100.0,,,,2014290.8903584552,2059100.067159167,-14.192827487165442,1954233.11
20230925,24860945.62531448,16452.23,30.89,0.0,0.0,100.0,,,,2027569.9817358577,2074546.6756212225,-14.192827487165442,1978932.73
20230926,24860945.62531448,16276.07,30.52,0.0,0.0,100.0,,,,2005860.0537818605,2049697.7837474812,-14.192827487165442,1962745.55
20230927,24860945.62531448,16310.36,30.54,0.0,0.0,100.0,,,,2010085.9474554672,2051040.967092008,-14.192827487165442,1976740.75
20230928,24860945.62531448,16353.74,30.66,0.0,0.0,100.0,,,,2015432.0911580352,2059100.067159167,-14.192827487165442,1990853.08
20231002,24860945.62531448,16557.31,31.06,0.0,0.0,100.0,,,,2040520.0227747203,2085963.7340496976,-14.192827487165442,2054664.85
20231003,24860945.62531448,16454.34,30.88,0.0,0.0,100.0,,,,2027830.017771183,2073875.0839489591,-14.192827487165442,2019810.46
20231004,24860945.62531448,16273.38,30.48,0.0,0.0,100.0,,,,2005528.5386467776,2047011.4170584283,-14.192827487165442,2005605.4
20231005,24860945.62531448,16453.52,30.91,0.0,0.0,100.0,,,,2027728.961112905,2075889.858965749,-14.192827487165442,2040203.48
20231006,24860945.62531448,16520.57,31.02,0.0,0.0,100.0,,,,2035992.1915245508,2083277.3673606447,-14.192827487165442,2045341.57
20231011,24860945.62531448,16672.03,31.56,0.0,0.0,100.0,,,,2054658.0957474865,2119543.3176628607,-14.192827487165442,2015434.44
20231012,24860945.62531448,16825.91,31.82,0.0,0.0,100.0,,,,2073622.24035217,2137004.7011417057,-14.192827487165442,2061137.18
20231013,24860945.62531448,16782.57,31.74,0.0,0.0,100.0,,,,2068281.0262426888,2131631.9677635995,-14.192827487165442,2029300.65
20231016,24860945.62531448,16652.24,31.56,0.0,0.0,100.0,,,,2052219.179567823,2119543.3176628607,-14.192827487165442,2004582.79
20231017,24860945.62531448,16642.55,31.64,0.0,0.0,100.0,,,,2051024.98564256,2124916.0510409675,-14.192827487165442,1970042.07
20231018,24860945.62531448,16440.91,31.2,0.0,0.0,100.0,,,,2026174.9068923108,2095366.0174613832,-14.192827487165442,1914146.59
20231019,24860945.62531448,16452.73,31.21,0.0,0.0,100.0,,,,2027631.6016494415,2096037.6091336464,-14.192827487165442,1926071.83
20231020,24860945.62531448,16440.72,31.35,0.0,0.0,100.0,,,,2026151.4913251488,2105439.892545332,-14.192827487165442,1920963.68
20231023,24860945.62531448,16251.36,30.96,0.0,0.0,100.0,,,,2002814.797652528,2079247.8173270652,-14.192827487165442,1897522.69
20231024,24860945.62531448,16309.76,30.99,0.0,0.0,100.0,,,,2010012.003559166,2081262.5923438545,-14.192827487165442,1938986.41
20231025,24860945.62531448,16358.89,31.05,0.0,0.0,100.0,,,,2016066.776267953,2085292.1423774348,-14.192827487165442,1933392.07
20231026,24860945.62531448,16073.74,30.44,0.0,0.0,100.0,,,,1980924.9395508647,2044325.0503693756,-14.192827487165442,1878252.53
20231027,24860945.62531448,16134.61,30.57,0.0,0.0,100.0,,,,1988426.5478306096,2053055.7421087977,-14.192827487165442,1882655.94
20231030,24860945.62531448,16149.68,30.5,0.0,0.0,100.0,,,,1990283.772026038,2048354.6004029552,-14.192827487165442,1891369.82
20231031,24860945.62531448,16001.27,30.29,0.0,0.0,100.0,,,,1971993.749275966,2034251.1752854264,-14.192827487165442,1811066.58
20231101,24860945.62531448,16038.56,30.44,0.0,0.0,100.0,,,,1976589.362431078,2044325.0503693756,-14.192827487165442,1831413.12
20231102,24860945.62531448,16396.95,31.13,0.0,0.0,100.0,,,,2020757.284089985,2090664.8757555403,-14.192827487165442,1893527.38
20231103,24860945.62531448,16507.65,31.36,0.0,0.0,100.0,,,,2034399.932957534,2106111.484217596,-14.192827487165442,1905735.57
20231106,24860945.62531448,16649.36,31.64,0.0,0.0,100.0,,,,2051864.2488655776,2124916.0510409675,-14.192827487165442,1944212.75
20231107,24860945.62531448,16684.95,31.63,0.0,0.0,100.0,,,,2056250.354314503,2124244.4593687034,-14.192827487165442,1944020.7
20231108,24860945.62531448,16740.83,31.8,0.0,0.0,100.0,,,,2063136.9958566772,2135661.517797179,-14.192827487165442,1971236.32
20231109,24860945.62531448,16745.65,31.81,0.0,0.0,100.0,,,,2063731.011823629,2136333.1094694426,-14.192827487165442,1986053.17
20231110,24860945.62531448,16682.67,31.69,0.0,0.0,100.0,,,,2055969.3675085588,2128274.0094022835,-14.192827487165442,1974602.51
20231113,24860945.62531448,16839.29,32.17,0.0,0.0,100.0,,,,2075271.1892396845,2160510.40967092,-14.192827487165442,1985002.72
20231114,24860945.62531448,16915.71,32.25,0.0,0.0,100.0,,,,2084689.176831898,2165883.143049026,-14.192827487165442,2000798.68
20231115,24860945.62531448,17128.78,32.64,0.0,0.0,100.0,,,,2110947.8868066836,2192075.2182672936,-14.192827487165442,1992316.66
20231116,24860945.62531448,17171.18,32.65,0.0,0.0,100.0,,,,2116173.2554786266,2192746.8099395563,-14.192827487165442,1998610.86
20231117,24860945.62531448,17208.95,32.75,0.0,0.0,100.0,,,,2120828.0237507797,2199462.7266621892,-14.192827487165442,2019155.5
20231120,24860945.62531448,17210.47,32.74,0.0,0.0,100.0,,,,2121015.3482880755,2198791.134989926,-14.192827487165442,2017785.42
20231121,24860945.62531448,17416.7,33.14,0.0,0.0,100.0,,,,2146431.097845028,2225654.8018804565,-14.192827487165442,2042443.99
20231122,24860945.62531448,17310.26,32.84,0.0,0.0,100.0,,,,2133313.4506412167,2205507.051712559,-14.192827487165442,2019826.4
20231123,23657569.191567596,17294.55,32.83,100.0,1.0,0.0,3715.0,定穎投控,定穎投控,2131377.3529564003,2204835.4600402955,-18.34626279106058,1971694.78
20231124,24077877.82489725,17287.42,32.8,100.0,1.0,0.0,3715.0,定穎投控,定穎投控,2130498.652988689,2202820.6850235057,-16.895573989745326,1976795.8
20231127,24503790.108850468,17137.42,32.59,100.0,1.0,0.0,3715.0,定穎投控,定穎投控,2112012.6789134187,2188717.259905977,-15.425544274250663,1924265.34
20231128,24931033.504094232,17341.25,32.81,100.0,1.0,0.0,3715.0,定穎投控,定穎投控,2137132.6528851674,2203492.2766957693,-13.950920248553048,1964287.61
20231129,25244592.720197547,17370.56,32.79,100.0,1.0,0.0,3715.0,定穎投控,定穎投控,2140744.8122194754,2202149.093351242,-12.868675423490163,1996907.45
20231130,25661561.79954185,17433.85,32.84,100.0,1.0,0.0,3715.0,定穎投控,定穎投控,2148544.6608809675,2205507.051712559,-11.429513041533836,2015916.65
20231201,26753203.00116179,17438.35,32.95,100.0,1.0,0.0,3715.0,定穎投控,定穎投控,2149099.240103225,2212894.5601074547,-7.661730177548931,2033636.06
20231204,25381080.713027637,17421.48,32.83,100.0,1.0,0.0,3715.0,定穎投控,定穎投控,2147020.1842188933,2204835.4600402955,-12.397589209666632,2004672.04
20231205,24690976.057487324,17328.01,32.59,100.0,1.0,0.0,3715.0,定穎投控,定穎投控,2135500.957573457,2188717.259905977,-14.77947484355667,1981885.62
20231206,24726508.844045386,17360.72,32.7,100.0,1.0,0.0,3715.0,定穎投控,定穎投控,2139532.1323201377,2196104.768300873,-14.656833975747348,1998124.87
20231207,23852044.842917617,17278.74,32.5,100.0,1.0,0.0,3715.0,定穎投控,定穎投控,2129428.931288867,2182672.934855608,-17.67503306326031,2010479.7
20231208,23914272.600884587,17383.99,32.76,100.0,1.0,0.0,3715.0,定穎投控,定穎投控,2142399.923098348,2200134.3183344523,-17.460254911076042,2041381.72
20231211,23539484.20070281,17418.34,32.8,100.0,1.0,0.0,3715.0,定穎投控,定穎投控,2146633.2111615846,2202820.6850235057,-18.753831325862972,2013149.56
20231212,23681268.21645649,17450.63,32.88,100.0,1.0,0.0,3715.0,定穎投控,定穎投控,2150612.6251808545,2208193.418401612,-18.264465970148155,2015334.08
20231213,24308516.04741386,17468.93,32.89,100.0,1.0,0.0,3715.0,定穎投控,定穎投控,2152867.9140180373,2208865.010073875,-16.099529702218913,2026699.83
20231214,24127158.68326084,17653.11,33.29,100.0,1.0,0.0,3715.0,定穎投控,定穎投控,2175566.2253859253,2235728.6769644055,-16.72548186296478,2036483.21
20231215,23369068.660645988,17673.87,33.42,100.0,1.0,0.0,3715.0,定穎投控,定穎投控,2178124.6841979427,2244459.3687038277,-19.34201794856464,2013533.4
20231218,23025067.191457067,17652.03,33.48,40.0,0.4,60.0,,,,2175433.1263725837,2248488.9187374073,-20.529333743234417,2002342.06
20231219,22964947.70564074,17576.55,33.35,40.0,0.4,60.0,,,,2166130.9842179073,2239758.2269979855,-20.736835226427058,1990724.66
20231220,23021098.54559728,17635.2,33.44,40.0,0.4,60.0,,,,2173359.0000813385,2245802.5520483544,-20.54303146354905,2001179.24
20231221,23104230.29034527,17543.74,33.15,40.0,0.4,60.0,,,,2162087.48548851,2226326.3935527196,-20.25610352161187,2007510.88
20231222,23150584.59638617,17596.63,33.24,40.0,0.4,60.0,,,,2168605.6399474503,2232370.7186030895,-20.09611234528614,2026676.92
20231225,23141829.47522195,17604.84,33.38,40.0,0.4,60.0,,,,2169617.4389285035,2241773.0020147753,-20.126330511699884,2030395.51
20231226,23221348.976848193,17751.73,33.56,40.0,0.4,60.0,,,,2187720.13714128,2253861.6521155136,-19.851870171493445,2035090.26
20231227,23122241.299862005,17891.5,33.94,40.0,0.4,60.0,,,,2204945.367784616,2279382.1356615177,-20.193938798514647,2038482.29
20231228,23025421.170020595,17910.37,33.94,40.0,0.4,60.0,,,,2207270.903323285,2279382.1356615177,-20.528111991651656,2037905.2
20231229,23093674.674699504,17930.81,33.86,40.0,0.4,60.0,,,,2209789.9253906086,2274009.4022834115,-20.292536067113,2051859.59
20240102,23010438.05450013,17853.76,33.73,40.0,0.4,60.0,,,,2200294.2967072777,2265278.7105439887,-20.57982598506208,2019572.81
20240103,22982480.893283732,17559.31,33.14,40.0,0.4,60.0,,,,2164006.329597523,2225654.8018804565,-20.676319698198306,2002258.15
20240104,22997166.184589345,17549.65,33.13,40.0,0.4,60.0,,,,2162815.8328670757,2224983.2102081934,-20.625633640497476,1990973.04
20240105,23116374.70945845,17519.14,33.04,100.0,1.0,0.0,2603.0,長榮,長榮,2159055.785740166,2218938.885157824,-20.21418724531175,2004508.55
20240108,22831865.482265115,17572.66,33.19,100.0,1.0,0.0,2603.0,長榮,長榮,2165651.5812902222,2229012.7602417725,-21.196166479215613,1989427.53
20240109,21551573.959895108,17535.49,33.25,100.0,1.0,0.0,2603.0,長榮,長榮,2161070.7569143707,2233042.310275353,-25.615073031782963,2021456.71
20240110,21053682.812306773,17465.63,33.08,100.0,1.0,0.0,2603.0,長榮,長榮,2152461.2225883817,2221625.251846877,-27.333536691114706,2032623.05
20240111,21195937.42590344,17545.32,33.21,100.0,1.0,0.0,2603.0,長榮,長榮,2162282.2044154364,2230355.9435862997,-26.84254707416278,2082373.64
20240112,22262847.02787845,17512.83,33.16,100.0,1.0,0.0,2603.0,長榮,長榮,2158278.142430733,2226997.9852249827,-23.160124947023313,2080588.08
20240115,22547356.25507178,17546.82,33.25,100.0,1.0,0.0,2603.0,長榮,長榮,2162467.064156189,2233042.310275353,-22.178145713119463,2077450.18
20240116,21836083.187088445,17346.87,32.91,100.0,1.0,0.0,2603.0,長榮,長榮,2137825.2607138543,2210208.1934184013,-24.6330937978791,2075599.77
20240117,21693828.57349178,17161.79,31.86,100.0,1.0,0.0,2603.0,長榮,長榮,2115016.0335015147,2139691.067830758,-25.124083414831027,2048228.32
20240118,22476228.94827345,17227.79,32.08,100.0,1.0,0.0,2603.0,長榮,長榮,2123149.8620946337,2154466.0846205503,-22.423640521595416,2039214.78
20240119,22049465.107483447,17681.52,33.23,100.0,1.0,0.0,2603.0,長榮,長榮,2179067.4688757816,2231699.126930826,-23.89660937245121,2101274.66
20240122,21693828.57349178,17815.1,33.45,100.0,1.0,0.0,2603.0,長榮,長榮,2195529.844988945,2246474.143720618,-25.124083414831027,2193187.99
20240123,21693828.57349178,17874.59,33.51,100.0,1.0,0.0,2603.0,長榮,長榮,2202861.3823071974,2250503.6937541976,-25.124083414831027,2189806.91
20240124,21836083.187088445,17875.83,33.5,100.0,1.0,0.0,2603.0,長榮,長榮,2203014.199692887,2249832.102081934,-24.6330937978791,2167737.23
20240125,21551573.95989511,18002.62,33.91,100.0,1.0,0.0,2603.0,長榮,長榮,2218639.7773795757,2277367.360644728,-25.61507303178295,2157254.02
20240126,21480446.653096776,17995.03,33.91,100.0,1.0,0.0,2603.0,長榮,長榮,2217704.3870913675,2277367.360644728,-25.86056784025892,2139292.45
20240129,21551573.959895108,18119.63,34.13,100.0,1.0,0.0,2603.0,長榮,長榮,2233060.0695565585,2292142.3774345196,-25.615073031782963,2187994.94
20240130,21551573.959895108,18034.63,34.04,100.0,1.0,0.0,2603.0,長榮,長榮,2222584.6842472386,2286098.05238415,-25.615073031782963,2231958.45
20240131,21409319.34629844,17889.56,33.59,100.0,1.0,0.0,2603.0,長榮,長榮,2204706.2825199096,2255876.4271323034,-26.10606264873489,2215476.17
20240201,22333974.33467678,17968.11,33.59,100.0,1.0,0.0,2603.0,長榮,長榮,2214386.7709439923,2255876.4271323034,-22.914630138547356,2226764.08
20240202,21338192.03950011,18059.93,33.77,100.0,1.0,0.0,2603.0,長榮,長榮,2225702.651874601,2267965.0772330426,-26.351557457210845,2280556.22
20240205,21622701.266693447,18096.07,33.99,100.0,1.0,0.0,2603.0,長榮,長榮,2230156.5392284696,2282740.0940228337,-25.36957822330698,2280520.78
20240215,21195937.425903443,18644.57,35.59,100.0,1.0,0.0,2603.0,長榮,長榮,2297753.5844303733,2390194.7615849567,-26.84254707416277,2356068.84
20240216,21053682.812306777,18607.25,35.33,100.0,1.0,0.0,2603.0,長榮,長榮,2293154.274080446,2372733.378106111,-27.333536691114695,2333895.3
20240219,21195937.425903443,18635.8,35.27,100.0,1.0,0.0,2603.0,長榮,長榮,2296672.7711461056,2368703.828072532,-26.84254707416277,2299135.78
20240220,21836083.18708845,18753.16,35.41,100.0,1.0,0.0,2603.0,長榮,長榮,2311136.197262597,2378106.1114842175,-24.633093797879088,2292277.31
20240221,22049465.10748345,18676.31,35.3,100.0,1.0,0.0,2603.0,長榮,長榮,2301665.2165447003,2370718.6030893214,-23.896609372451195,2254410.45
20240222,23116374.709458455,18852.78,35.7,100.0,1.0,0.0,2603.0,長榮,長榮,2323413.3488451196,2397582.2699798523,-20.214187245311734,2266160.26
20240223,22689610.868668456,18889.19,35.94,100.0,1.0,0.0,2603.0,長榮,長榮,2327900.510952323,2413700.47011417,-21.687156096167513,2271088.74
20240226,22760738.175466787,18948.05,35.99,100.0,1.0,0.0,2603.0,長榮,長榮,2335154.407179459,2417058.428475487,-21.441661287691556,2288605.53
20240227,22440483.22827979,18854.41,35.84,100.0,1.0,0.0,1519.0,華城,華城,2323614.229763404,2406984.553391538,-22.547016325891786,2262030.67
20240229,23199144.37338279,18966.77,35.83,100.0,1.0,0.0,1519.0,華城,華城,2337461.456744053,2406312.9617192745,-19.92850901978387,2329676.78
20240301,23232576.72429681,18935.93,35.7,100.0,1.0,0.0,1519.0,華城,華城,2333660.7404741775,2397582.2699798523,-19.81311777338382,2358384.61
20240304,22873243.2653165,19305.31,36.74,100.0,1.0,0.0,1519.0,華城,華城,2379183.0678336658,2467427.8038952313,-21.053351695659124,2370095.93
20240305,23422918.18115199,19386.92,37.04,100.0,1.0,0.0,1519.0,華城,華城,2389240.670128884,2487575.5540631292,-19.15615715447292,2399479.28
20240306,23835364.36254191,19499.45,37.21,100.0,1.0,0.0,1519.0,華城,華城,2403108.847880152,2498992.612491605,-17.732605485434693,2398737.66
20240307,22785262.273209967,19693.52,38.08,100.0,1.0,0.0,1519.0,華城,華城,2427026.001138736,2557421.087978509,-21.357016740477395,2381653.69
20240308,21678187.956861444,19785.32,38.61,100.0,1.0,0.0,1519.0,華城,華城,2438339.417272801,2593015.446608462,-25.178066763237517,2337850.8
20240311,21750443.124933485,19726.08,38.23,80.0,0.8,20.0,1519.0,華城,華城,2431038.6899113413,2567494.9630624577,-24.928679158874296,2364995.3
20240312,22461019.808539428,19914.55,38.63,80.0,0.8,20.0,1519.0,華城,華城,2454265.700137782,2594358.6299529886,-22.476134634112206,2394472.54
20240313,23614201.80043362,19928.51,38.81,80.0,0.8,20.0,1519.0,華城,華城,2455986.128125054,2606447.2800537273,-18.49594467639786,2350871.61
20240314,24546939.1911111,19937.92,38.77,80.0,0.8,20.0,1519.0,華城,華城,2457145.8148987093,2603760.9133646744,-15.276615878641351,2338818.28
20240315,25646768.85995006,19682.5,38.25,80.0,0.8,20.0,1519.0,華城,華城,2425667.8982433397,2568838.1464069844,-11.480570645643322,2322759.33
20240318,26523343.85165472,19879.85,38.6,80.0,0.8,20.0,1519.0,華城,華城,2449989.278135036,2592343.854936199,-8.455085506532209,2356303.79
20240319,25283900.402608845,19857.2,38.51,80.0,0.8,20.0,1519.0,華城,華城,2447197.8960496704,2586299.5298858294,-12.733005560542088,2328218.16
20240320,25633891.9557135,19784.45,38.3,80.0,0.8,20.0,1519.0,華城,華城,2438232.198623165,2572196.1047683004,-11.525015083112049,2306218.95
20240321,26342694.2278805,20199.09,39.35,80.0,0.8,20.0,1519.0,華城,華城,2489332.3605602975,2642713.2303559436,-9.078594912215848,2339412.6
20240322,26694830.75584977,20228.43,39.3,80.0,0.8,20.0,1519.0,華城,華城,2492948.21708942,2639355.271994627,-7.8632010869398385,2357897.6
20240325,28233160.796881475,20192.25,39.38,80.0,0.8,20.0,1519.0,華城,華城,2488489.4001424653,2644728.0053727333,-2.553678544962376,2379613.11
20240326,27891109.287874933,20126.49,39.4,80.0,0.8,20.0,1519.0,華城,華城,2480385.149107867,2646071.1887172596,-3.734264081970822,2335315.07
20240327,26162455.61587199,20200.12,39.41,80.0,0.8,20.0,1519.0,華城,華城,2489459.297582281,2646742.780389523,-9.700685717094176,2316712.0
20240328,25356480.299119905,20146.55,39.23,80.0,0.8,20.0,1519.0,華城,華城,2482857.3400408663,2634654.130288784,-12.482497160952224,2324632.63
20240329,25689101.683580138,20294.45,39.48,80.0,0.8,20.0,1519.0,華城,華城,2501084.510479083,2651443.922095366,-11.334459554177736,2366242.17
20240401,27050716.794348843,20222.33,39.35,80.0,0.8,20.0,1519.0,華城,華城,2492196.4541436927,2642713.2303559436,-6.634865883579574,2374447.57
20240402,27986155.86608785,20466.57,39.91,80.0,0.8,20.0,1519.0,華城,華城,2522296.549531319,2680322.364002686,-3.406212275077124,2400558.76
20240403,28631512.89714619,20337.6,39.64,80.0,0.8,20.0,1519.0,華城,華城,2506402.309021401,2662189.3888515783,-1.178772380755191,2415519.22
20240408,28041115.18452889,20417.7,39.86,80.0,0.8,20.0,1519.0,華城,華城,2516273.819177596,2676964.4056413695,-3.2165210304345124,2414946.63
20240409,29779446.245312613,20796.2,40.81,80.0,0.8,20.0,1519.0,華城,華城,2562920.0937608606,2740765.61450638,0.0,2422396.59
20240410,29636146.035659257,20763.53,40.75,80.0,0.8,20.0,1519.0,華城,華城,2558893.8486072663,2736736.0644728006,-0.4812050851211215,2406929.62
20240411,30008103.392402288,20753.22,40.63,80.0,0.8,20.0,1519.0,華城,華城,2557623.2459891597,2728676.9644056414,0.0,2422294.94
20240412,32933838.480568856,20736.57,40.52,100.0,1.0,0.0,1519.0,華城,華城,2555571.3028668044,2721289.456010746,0.0,2451847.86
20240415,31089231.15280851,20449.77,40.0,100.0,1.0,0.0,1519.0,華城,華城,2520226.1204348886,2686366.6890530554,-5.600948486003763,2380484.72
20240416,30199248.37602908,19901.96,38.91,100.0,1.0,0.0,1519.0,華城,華城,2452714.110713731,2613163.19677636,-8.30328388885857,2312108.2
20240417,33111622.822442062,20213.33,39.35,100.0,1.0,0.0,1519.0,華城,華城,2491087.2956991764,2642713.2303559436,0.0,2363883.05
20240418,32697428.256917655,20301.2,39.74,100.0,1.0,0.0,1519.0,華城,華城,2501916.3793124696,2668905.305574211,-1.250903852539906,2374845.74
20240419,31181563.047536895,19527.12,37.73,100.0,1.0,0.0,1519.0,華城,華城,2406518.893897903,2533915.3794492944,-5.828949505902908,2286434.57
20240422,28218149.0592593,19411.22,37.61,80.0,0.8,20.0,1519.0,華城,華城,2392235.397929078,2525856.2793821353,-14.77871921114696,2194830.01
20240423,28369077.14191869,19599.28,37.98,80.0,0.8,20.0,1519.0,華城,華城,2415411.8798263795,2550705.171255876,-14.32290318706162,2213467.86
20240424,29187038.333881576,20131.74,39.09,80.0,0.8,20.0,1519.0,華城,華城,2481032.1582005015,2625251.8468770985,-11.852588771035784,2318425.27
20240425,29244693.21054152,19857.42,38.38,80.0,0.8,20.0,1519.0,華城,華城,2447225.0088116475,2577568.838146407,-11.678465995570765,2281586.56
20240426,29024565.964326177,20120.51,39.0,80.0,0.8,20.0,1519.0,華城,華城,2479648.174941399,2619207.521826729,-12.343269552302958,2349969.77
20240429,28781621.415132444,20495.52,39.7,80.0,0.8,20.0,1519.0,華城,華城,2525864.342527846,2666218.938885158,-13.076983361790642,2374864.91
20240430,28488035.492139407,20396.6,39.56,80.0,0.8,20.0,1519.0,華城,華城,2513673.458824341,2656816.655473472,-13.96363855403949,2365717.04
20240502,27736015.12160893,20222.44,39.04,80.0,0.8,20.0,1519.0,華城,華城,2492210.0105246813,2621893.8885157825,-16.234805915914542,2339749.58
20240503,27513296.995196015,20330.32,39.24,60.0,0.6,40.0,1519.0,華城,華城,2505505.123079615,2635325.721961048,-16.90743415768699,2328134.39
20240506,27089498.04392527,20523.31,39.8,60.0,0.6,40.0,1519.0,華城,華城,2529289.177324858,2672934.85560779,-18.187344096089365,2323227.39
20240507,27497370.034548987,20653.53,40.02,60.0,0.6,40.0,1519.0,華城,華城,2545337.467618735,2687709.8723975825,-16.955534973320326,2341591.53
20240508,28931137.43169928,20700.51,40.17,60.0,0.6,40.0,1519.0,華城,華城,2551127.2746991096,2697783.747481531,-12.625431900937754,2374253.54
20240509,27895089.94259113,20560.77,40.13,60.0,0.6,40.0,1519.0,華城,華城,2533905.741250588,2695097.380792478,-15.754386028809575,2352955.01
20240510,27153448.030344997,20708.84,40.41,60.0,0.6,40.0,1519.0,華城,華城,2552153.862459423,2713901.9476158493,-17.994209537983735,2352268.4
20240513,26173473.966091946,20857.71,40.83,60.0,0.6,40.0,1519.0,華城,華城,2570500.5755299926,2742108.7978509064,-20.95381701330462,2363476.01
20240514,26529433.2120308,20985.85,41.1,60.0,0.6,40.0,1519.0,華城,華城,2586292.52698336,2760241.7730020145,-19.87878892468555,2426273.28
20240515,26280395.507823993,21147.21,41.66,60.0,0.6,40.0,1519.0,華城,華城,2606178.5054952637,2797850.9066487574,-20.63090459579671,2424635.53
20240516,25946234.187459607,21304.26,41.86,60.0,0.6,40.0,1519.0,華城,華城,2625533.3203520714,2811282.740094023,-21.64010104067135,2446018.36
20240517,25988366.096830312,21258.47,41.81,60.0,0.6,40.0,1519.0,華城,華城,2619890.1686660275,2807924.7817327064,-21.512858985527657,2450835.49
20240520,25777933.98268594,21271.63,41.8,60.0,0.6,40.0,1519.0,華城,華城,2621512.004791565,2807253.1900604432,-22.148382394551717,2453993.59
20240521,25756775.62373982,21236.75,41.75,0.0,0.0,100.0,,,,2617213.399619928,2803895.231699127,-22.212282491081503,2451595.13
20240522,25756775.62373982,21551.83,42.5,0.0,0.0,100.0,,,,2656043.804364169,2854264.6071188715,-22.212282491081503,2475013.31
20240523,25756775.62373982,21607.43,42.83,0.0,0.0,100.0,,,,2662895.9387547355,2876427.132303559,-22.212282491081503,2469088.73
20240524,25756775.62373982,21565.34,42.65,0.0,0.0,100.0,,,,2657708.7744292147,2864338.4822028205,-22.212282491081503,2499933.53
20240527,26970842.663272288,21803.77,43.24,100.0,1.0,0.0,2317.0,鴻海,鴻海,2687092.846420992,2903962.3908663536,-18.54569373449054,2566607.75
20240528,26938906.872376565,21858.41,43.3,100.0,1.0,0.0,2317.0,鴻海,鴻海,2693826.670577477,2907991.9408999328,-18.642142619122307,2583633.17
20240529,26374520.455307543,21662.5,42.71,100.0,1.0,0.0,2317.0,鴻海,鴻海,2669682.756036903,2868368.0322364,-20.346639013320473,2569011.03
20240530,26125448.743371356,21364.48,41.98,100.0,1.0,0.0,2317.0,鴻海,鴻海,2632954.8227441567,2819341.8401611815,-21.098857390751895,2536588.6
20240531,25261591.310605403,21174.22,41.5,100.0,1.0,0.0,2317.0,鴻海,鴻海,2609507.2132270844,2787105.4398925453,-23.707782472431845,2470875.23
20240603,25878109.71063056,21536.76,42.39,100.0,1.0,0.0,2317.0,鴻海,鴻海,2654186.58016874,2846877.098723976,-21.84584292530913,2509325.83
20240604,25517664.45673965,21356.62,41.71,100.0,1.0,0.0,2317.0,鴻海,鴻海,2631986.157702612,2801208.865010074,-22.93441915071423,2479575.46
20240605,25872900.88171126,21484.88,42.11,100.0,1.0,0.0,2317.0,鴻海,鴻海,2647792.89793524,2828072.5319006043,-21.861574044702568,2488318.12
20240606,26389352.23589748,21902.7,43.55,100.0,1.0,0.0,2317.0,鴻海,鴻海,2699284.9625227684,2924781.732706514,-20.301845737347655,2511016.34
20240607,26476494.50381205,21858.38,43.21,100.0,1.0,0.0,2317.0,鴻海,鴻海,2693822.973382662,2901947.615849564,-20.03866845853573,2518264.26
20240611,26038239.81422127,21792.12,43.33,100.0,1.0,0.0,2317.0,鴻海,鴻海,2685657.1024344796,2910006.7159167225,-21.362235992331577,2496924.75
20240612,26412092.343957484,22048.96,44.1,100.0,1.0,0.0,2317.0,鴻海,鴻海,2717310.019644428,2961719.274680994,-20.233168620004456,2501421.6
20240613,27003644.03120672,22312.04,44.74,100.0,1.0,0.0,2317.0,鴻海,鴻海,2749731.9533759085,3004701.1417058427,-18.446630731416587,2555753.77
20240614,27933365.721801784,22504.72,45.0,100.0,1.0,0.0,2317.0,鴻海,鴻海,2773477.803274729,3022162.5251846877,-15.63878982437132,2619622.59
20240617,27965636.65421363,22496.53,45.0,100.0,1.0,0.0,2317.0,鴻海,鴻海,2772468.4690902187,3022162.5251846877,-15.541328783017669,2595445.8
20240618,27542771.96714507,22757.43,45.75,100.0,1.0,0.0,2317.0,鴻海,鴻海,2804621.739998472,3072531.9006044324,-16.818417161730277,2625883.48
20240619,27932073.391036917,23209.54,46.99,100.0,1.0,0.0,2317.0,鴻海,鴻海,2860339.6982596074,3155809.2679650774,-15.642692776430778,2682638.47
20240620,29398419.51414993,23406.1,47.44,100.0,1.0,0.0,2317.0,鴻海,鴻海,2884563.7186878407,3186030.893216924,-11.214199099222157,2729689.13
20240621,28671474.71102366,23253.39,47.15,100.0,1.0,0.0,2317.0,鴻海,鴻海,2865743.764680944,3166554.734721289,-13.40963605205423,2707522.21
20240624,28056164.49355711,22813.7,46.0,100.0,1.0,0.0,2317.0,鴻海,鴻海,2811556.4450732414,3089321.692411014,-15.267926782067947,2636316.64
20240625,28699148.380362622,22875.97,45.98,100.0,1.0,0.0,2317.0,鴻海,鴻海,2819230.5891110217,3087978.509066487,-13.326059147692382,2649482.77
20240626,28719166.49680645,22986.69,46.34,100.0,1.0,0.0,2317.0,鴻海,鴻海,2832875.702775114,3112155.809267965,-13.26560268335305,2651651.15
20240627,28792039.78300327,22905.98,46.33,100.0,1.0,0.0,2317.0,鴻海,鴻海,2822929.0163243474,3111484.2175957016,-13.045518978644283,2636353.76
20240628,28965226.115339335,23032.25,46.61,100.0,1.0,0.0,2317.0,鴻海,鴻海,2838490.5093009095,3130288.784419073,-12.522481091722351,2662816.99
20240701,28673158.145755693,23058.57,46.65,100.0,1.0,0.0,2317.0,鴻海,鴻海,2841734.181551984,3132975.151108126,-13.40455193177096,2658500.98
20240702,27966744.98806419,22879.37,46.34,100.0,1.0,0.0,2317.0,鴻海,鴻海,2819649.6045233947,3112155.809267965,-15.53798151774921,2637344.82
20240703,28234032.29416566,23172.43,46.9,100.0,1.0,0.0,2317.0,鴻海,鴻海,2855766.2682733852,3149764.9429147076,-14.730750451078832,2653312.69
20240704,29009185.29485314,23522.53,48.13,100.0,1.0,0.0,2317.0,鴻海,鴻海,2898912.531765065,3232370.7186030895,-12.389720520760514,2702363.78
20240705,28981445.77312968,23556.59,47.95,100.0,1.0,0.0,2317.0,鴻海,鴻海,2903110.080278423,3220282.0685023507,-12.47349630508921,2678511.74
20240708,29391996.2467463,23878.15,49.46,100.0,1.0,0.0,2317.0,鴻海,鴻海,2942739.0791027155,3321692.4110141033,-11.23359792916798,2668946.22
20240709,29013026.10145629,23900.08,49.41,100.0,1.0,0.0,2317.0,鴻海,鴻海,2945441.7285125204,3318334.452652787,-12.378120948538566,2696077.12
20240710,28822478.50010465,24007.08,49.59,100.0,1.0,0.0,2317.0,鴻海,鴻海,2958628.390019546,3330423.1027535256,-12.9535913879472,2719142.28
20240711,29045711.143513884,24390.03,50.69,100.0,1.0,0.0,2317.0,鴻海,鴻海,3005823.08183371,3404298.1867024843,-12.279409259797523,2704920.53
20240712,28177359.52821788,23916.93,49.09,100.0,1.0,0.0,2317.0,鴻海,鴻海,2947518.3196003083,3296843.5191403627,-14.901907166204769,2650671.28
20240715,28484485.832549155,23879.36,49.17,100.0,1.0,0.0,2317.0,鴻海,鴻海,2942888.199293589,3302216.252518469,-13.97435883679122,2655930.17
20240716,28072112.66990725,23997.25,49.21,100.0,1.0,0.0,2317.0,鴻海,鴻海,2957416.9425184797,3304902.619207522,-15.219761893153697,2645018.49
20240717,27687134.204636723,23769.82,48.52,100.0,1.0,0.0,2317.0,鴻海,鴻海,2929388.5086255553,3258562.7938213567,-16.382430564921716,2614875.01
20240718,26319177.17682592,23398.47,47.65,100.0,1.0,0.0,2317.0,鴻海,鴻海,2883623.3988065454,3200134.3183344523,-20.513780559895807,2565108.68
20240719,26257072.76547086,22869.26,46.56,100.0,1.0,0.0,2317.0,鴻海,鴻海,2818403.649870721,3126930.8260577573,-20.701341319717496,2529740.47
20240722,24953990.35056656,22256.99,45.17,100.0,1.0,0.0,2317.0,鴻海,鴻海,2742947.600890285,3033579.5836131633,-24.63676430364055,2431516.78
20240723,26171233.920603864,22871.84,46.58,100.0,1.0,0.0,2317.0,鴻海,鴻海,2818721.608624816,3128274.009402283,-20.960582146805,2519004.83
20240726,24752859.172129866,22119.21,44.75,100.0,1.0,0.0,2317.0,鴻海,鴻海,2725967.617503013,3005372.7333781063,-25.244198072487343,2401421.21
20240729,24200326.68224746,22164.49,45.15,60.0,0.6,40.0,2317.0,鴻海,鴻海,2731547.9168772018,3032236.4002686366,-26.9128945687156,2319094.56
20240730,24426029.21089018,22223.57,45.15,60.0,0.6,40.0,2317.0,鴻海,鴻海,2738828.925866314,3032236.4002686366,-26.23125317091088,2345445.41
20240731,24575576.32850787,22199.35,45.21,60.0,0.6,40.0,2317.0,鴻海,鴻海,2735844.057252294,3036265.950302216,-25.779607782161364,2352877.17
20240801,24910697.82389662,22642.1,46.0,60.0,0.6,40.0,2317.0,鴻海,鴻海,2790408.490731132,3089321.692411014,-24.76751152464537,2395695.03
20240802,23729746.223356336,21638.09,43.67,0.0,0.0,100.0,,,,2666674.4718557205,2932840.832773674,-28.33408875606959,2261649.86
20240805,23729746.223356336,19830.88,39.69,0.0,0.0,100.0,,,,2443954.2237985968,2665547.347212894,-28.33408875606959,2051539.26
20240806,23729746.223356336,20501.02,41.88,0.0,0.0,100.0,,,,2526542.1615772727,2812625.9234385495,-28.33408875606959,2066947.26
20240807,23729746.223356336,21295.28,43.54,0.0,0.0,100.0,,,,2624426.6267040987,2924110.141034251,-28.33408875606959,2184750.74
20240808,23729746.223356336,20870.1,42.64,0.0,0.0,100.0,,,,2572027.51698861,2863666.8905305574,-28.33408875606959,2115108.81
20240809,23729746.223356336,21469.0,43.96,0.0,0.0,100.0,,,,2645835.8494798047,2952316.991269308,-28.33408875606959,2187574.2
20240812,23729746.223356336,21773.26,44.51,0.0,0.0,100.0,,,,2683332.799294082,2989254.5332437875,-28.33408875606959,2273310.16
20240813,23729746.223356336,21796.57,44.63,0.0,0.0,100.0,,,,2686205.519665379,2997313.633310947,-28.33408875606959,2265272.29
20240814,23729746.223356336,22027.25,45.19,0.0,0.0,100.0,,,,2714634.482996601,3034922.766957689,-28.33408875606959,2294555.02
20240815,23729746.223356336,21895.17,44.84,0.0,0.0,100.0,,,,2698356.9666241896,3011417.0584284756,-28.33408875606959,2282664.21
20240816,23729746.223356336,22349.33,45.85,0.0,0.0,100.0,,,,2754327.5665310207,3079247.8173270654,-28.33408875606959,2345112.4
20240819,23729746.223356336,22409.63,45.91,0.0,0.0,100.0,,,,2761758.9281092794,3083277.3673606445,-28.33408875606959,2339720.82
20240820,23729746.223356336,22429.1,45.94,0.0,0.0,100.0,,,,2764158.407544249,3085292.1423774343,-28.33408875606959,2349297.0
20240821,23729746.223356336,22237.89,45.45,0.0,0.0,100.0,,,,2740593.7201913665,3052384.1504365345,-28.33408875606959,2336743.1
20240822,23729746.223356336,22148.83,45.21,0.0,0.0,100.0,,,,2729617.981183743,3036265.950302216,-28.33408875606959,2334745.32
20240823,23729746.223356336,22158.05,45.24,0.0,0.0,100.0,,,,2730754.2523902366,3038280.725319006,-28.33408875606959,2344449.89
20240826,23729746.223356336,22240.12,45.31,0.0,0.0,100.0,,,,2740868.545005952,3042981.867024849,-28.33408875606959,2320572.48
20240827,23729746.223356336,22185.0,45.11,0.0,0.0,100.0,,,,2734075.5657324265,3029550.0335795837,-28.33408875606959,2325233.81
20240828,23729746.223356336,22370.66,45.75,0.0,0.0,100.0,,,,2756956.272044524,3072531.9006044324,-28.33408875606959,2327764.54
20240829,23729746.223356336,22201.85,45.13,0.0,0.0,100.0,,,,2736152.1568202153,3030893.21692411,-28.33408875606959,2327910.32
20240830,23729746.223356336,22268.09,45.34,0.0,0.0,100.0,,,,2744315.562971854,3044996.642041639,-28.33408875606959,2336020.37
20240902,23729746.223356336,22235.1,45.21,0.0,0.0,100.0,,,,2740249.8810735666,3036265.950302216,-28.33408875606959,2297465.26
20240903,23729746.223356336,22092.21,45.01,0.0,0.0,100.0,,,,2722640.1421694644,3022834.116856951,-28.33408875606959,2274124.09
20240904,23729746.223356336,21092.75,42.81,0.0,0.0,100.0,,,,2599466.864507669,2875083.9489590325,-28.33408875606959,2145061.91
20240905,23729746.223356336,21187.71,43.08,0.0,0.0,100.0,,,,2611169.7184955864,2893216.9241101407,-28.33408875606959,2136083.63
20240906,23729746.223356336,21435.19,43.69,0.0,0.0,100.0,,,,2641669.1109232386,2934184.0161181996,-28.33408875606959,2159709.47
20240909,23729746.223356336,21144.44,43.01,0.0,0.0,100.0,,,,2605837.131174007,2888515.782404298,-28.33408875606959,2142522.32
20240910,23729746.223356336,21064.08,43.09,0.0,0.0,100.0,,,,2595933.5786627494,2893888.515782404,-28.33408875606959,2101033.12
20240911,23729746.223356336,21031.0,42.96,0.0,0.0,100.0,,,,2591856.8051800164,2885157.824042982,-28.33408875606959,2116359.73
20240912,23729746.223356336,21653.25,44.58,0.0,0.0,100.0,,,,2668542.7876355946,2993955.6749496306,-28.33408875606959,2217861.09
20240913,23729746.223356336,21759.65,44.6,0.0,0.0,100.0,,,,2681655.5052463193,2995298.8582941573,-28.33408875606959,2208899.98
20240916,23729746.223356336,21850.08,44.69,0.0,0.0,100.0,,,,2692800.082817164,3001343.183344526,-28.33408875606959,2210992.47
20240918,23729746.223356336,21678.84,44.46,0.0,0.0,100.0,,,,2671696.4948128355,2985896.5748824715,-28.33408875606959,2182395.63
20240919,23729746.223356336,22042.69,45.04,0.0,0.0,100.0,,,,2716537.3059280817,3024848.8918737406,-28.33408875606959,2232016.37
20240920,23729746.223356336,22159.42,45.61,0.0,0.0,100.0,,,,2730923.090953457,3063129.6171927466,-28.33408875606959,2224088.85
20240923,23729746.223356336,22285.53,45.81,0.0,0.0,100.0,,,,2746464.865557672,3076561.450638012,-28.33408875606959,2252102.78
20240924,23729746.223356336,22431.78,46.25,0.0,0.0,100.0,,,,2764488.6902810605,3106111.484217596,-28.33408875606959,2273567.59
20240925,23729746.223356336,22761.6,46.94,0.0,0.0,100.0,,,,2805135.650077764,3152451.3096037605,-28.33408875606959,2341054.44
20240926,23729746.223356336,22858.81,47.33,0.0,0.0,100.0,,,,2817115.7936768113,3178643.384822028,-28.33408875606959,2358378.92
20240927,23729746.223356336,22822.79,47.23,0.0,0.0,100.0,,,,2812676.6951022027,3171927.4680993953,-28.33408875606959,2379074.17
20240930,23729746.223356336,22224.54,45.99,0.0,0.0,100.0,,,,2738948.468498668,3088650.1007387512,-28.33408875606959,2283374.12
20241001,23729746.223356336,22390.39,45.9,0.0,0.0,100.0,,,,2759387.7938345578,3082605.775688381,-28.33408875606959,2295109.0
20241004,23729746.223356336,22302.71,45.9,0.0,0.0,100.0,,,,2748582.1257884265,3082605.775688381,-28.33408875606959,2241976.54
20241007,23729746.223356336,22702.56,47.04,0.0,0.0,100.0,,,,2797859.570681738,3159167.2263263934,-28.33408875606959,2273304.29
20241008,23349683.02284969,22611.39,46.81,100.0,1.0,0.0,3450.0,聯鈞,聯鈞,2786623.7956387885,3143720.617864338,-29.48191289789646,2269512.74
20241009,24730756.955897253,22659.08,47.25,100.0,1.0,0.0,3450.0,聯鈞,聯鈞,2792501.102996453,3173270.651443922,-25.310948700661427,2285246.01
20241011,24554612.202417687,22901.64,48.04,100.0,1.0,0.0,3450.0,聯鈞,聯鈞,2822394.155474436,3226326.3935527196,-25.84292127846025,2323069.24
20241014,26485030.386933893,22975.29,48.08,100.0,1.0,0.0,3450.0,聯鈞,聯鈞,2831470.768745394,3229012.7602417725,-20.012889344151585,2349842.68
20241015,26841382.575545236,23292.04,49.1,100.0,1.0,0.0,3450.0,聯鈞,聯鈞,2870506.984001006,3297515.110812626,-18.936674534257648,2373171.02
20241016,26716057.76174958,23010.98,48.25,100.0,1.0,0.0,3450.0,聯鈞,聯鈞,2835869.1981770364,3240429.818670248,-19.315166444689517,2363177.8
20241017,28420943.777486794,23053.84,48.33,100.0,1.0,0.0,3450.0,聯鈞,聯鈞,2841151.2571694767,3245802.5520483544,-14.166261406481324,2386333.14
20241018,27633990.51621201,23487.27,49.52,100.0,1.0,0.0,3450.0,聯鈞,聯鈞,2894567.0954591054,3325721.961047683,-16.542929156940872,2379976.64
20241021,27344769.030024376,23542.53,49.51,100.0,1.0,0.0,3450.0,聯鈞,聯鈞,2901377.3283084347,3325050.36937542,-17.416403367910707,2428175.49
20241022,28500872.248995304,23535.43,49.33,100.0,1.0,0.0,3450.0,聯鈞,聯鈞,2900502.3255355386,3312961.7192746806,-13.924870424417051,2449014.12
20241023,29126632.60077552,23334.76,49.0,100.0,1.0,0.0,3450.0,聯鈞,聯鈞,2875771.789417642,3290799.1940899934,-12.0350193738183,2453941.59
20241024,27208996.331623,23192.52,48.7,100.0,1.0,0.0,3450.0,聯鈞,聯鈞,2858242.1564012,3270651.4439220955,-17.826448804612628,2391172.32
20241025,27000079.422214195,23348.45,49.1,100.0,1.0,0.0,3450.0,聯鈞,聯鈞,2877458.9426515787,3297515.110812626,-18.45739616267207,2412723.68
20241028,25817491.72859752,23198.07,49.01,100.0,1.0,0.0,3450.0,聯鈞,聯鈞,2858926.137441985,3291470.7857622565,-22.028914538434535,2397673.33
20241029,26091135.15175236,22926.59,47.88,100.0,1.0,0.0,3450.0,聯鈞,聯鈞,2825468.9891622895,3215580.9267965076,-21.202487441755437,2346163.17
20241030,26182599.2580769,22820.43,47.95,100.0,1.0,0.0,3450.0,聯鈞,聯鈞,2812385.849110085,3220282.0685023507,-20.926257832548405,2354233.64
20241101,26694323.678246383,22780.08,47.63,100.0,1.0,0.0,3450.0,聯鈞,聯鈞,2807413.1220838376,3198791.134989926,-19.380805279789023,2358425.34
20241104,27733355.81570123,22965.39,48.24,100.0,1.0,0.0,3450.0,聯鈞,聯鈞,2830250.694456426,3239758.2269979855,-16.24283725259037,2378548.71
20241105,28858609.619844228,23106.79,48.41,100.0,1.0,0.0,3450.0,聯鈞,聯鈞,2847676.8060180475,3251175.28542646,-12.844472242886484,2417045.92
20241106,29232242.45726788,23217.38,48.8,100.0,1.0,0.0,3450.0,聯鈞,聯鈞,2861305.898504608,3277367.360644728,-11.71606836057838,2458115.58
20241107,28917509.92556206,23408.82,49.36,100.0,1.0,0.0,3450.0,聯鈞,聯鈞,2884898.931017739,3314976.4942914704,-12.66658816262355,2481039.56
20241108,28804688.515966665,23553.89,49.75,100.0,1.0,0.0,3450.0,聯鈞,聯鈞,2902777.332745068,3341168.569509738,-13.007318697639578,2500130.95
20241111,29151880.859811816,23529.64,49.77,100.0,1.0,0.0,3450.0,聯鈞,聯鈞,2899788.7669362333,3342511.752854265,-11.958767420926453,2500776.55
20241112,29040652.34566227,22981.77,48.5,100.0,1.0,0.0,3450.0,聯鈞,聯鈞,2832269.362825446,3257219.61047683,-12.294687272230629,2448581.61
20241113,28313635.120911032,22860.23,48.19,100.0,1.0,0.0,3450.0,聯鈞,聯鈞,2817290.7942313896,3236400.268636669,-14.49034294471095,2435034.17
20241114,27810682.351596676,22715.38,47.75,80.0,0.8,20.0,3450.0,聯鈞,聯鈞,2799439.505266038,3206850.2350570853,-16.009304343889095,2439906.73
20241115,26874126.31766291,22742.77,48.09,80.0,0.8,20.0,3450.0,聯鈞,聯鈞,2802815.0441321824,3229684.351914037,-18.837785566195713,2418495.91
20241118,26104017.95480498,22546.54,47.41,80.0,0.8,20.0,3450.0,聯鈞,聯鈞,2778631.692846914,3184016.118200134,-21.163580248587337,2365273.45
20241119,26880574.080159266,22848.8,48.06,80.0,0.8,20.0,3450.0,聯鈞,聯鈞,2815882.1630068542,3227669.5768972468,-18.81831275892519,2420161.07
20241120,26354498.0227802,22688.36,47.86,80.0,0.8,20.0,3450.0,聯鈞,聯鈞,2796109.565135946,3214237.743451981,-20.40710851260992,2418437.72
20241121,28097672.956966866,22555.66,47.34,100.0,1.0,0.0,3665.0,貿聯-KY,貿聯-KY,2779755.6400706903,3179314.9764942913,-15.142567588311916,2397453.6
20241122,27703780.3454206,22904.32,48.26,100.0,1.0,0.0,3665.0,貿聯-KY,貿聯-KY,2822724.438211248,3241101.4103425117,-16.33215776230754,2427551.85
20241125,27484951.116783783,22948.37,48.09,100.0,1.0,0.0,3665.0,貿聯-KY,貿聯-KY,2828153.1525980188,3229684.351914037,-16.99304119230512,2436506.74
20241126,27134824.35096488,22678.76,47.46,100.0,1.0,0.0,3665.0,貿聯-KY,貿聯-KY,2794926.462795128,3187374.0765614505,-18.050454680301232,2402003.16
20241127,27091058.50523752,22334.78,46.77,100.0,1.0,0.0,3665.0,貿聯-KY,貿聯-KY,2752534.4270457197,3141034.2511752853,-18.182631366300743,2319758.69
20241128,26434570.81932708,22298.9,46.7,100.0,1.0,0.0,3665.0,貿聯-KY,貿聯-KY,2748112.582046915,3136333.1094694426,-20.165281656293455,2313254.06
20241129,28316502.185603675,22262.5,46.81,100.0,1.0,0.0,3665.0,貿聯-KY,貿聯-KY,2743626.652337983,3143720.617864338,-14.481684158314351,2336564.72
20241202,28754160.6428773,22736.93,47.92,100.0,1.0,0.0,3665.0,貿聯-KY,貿聯-KY,2802095.323541518,3218267.293485561,-13.159917298319217,2373064.96
20241203,29454414.174515106,23027.46,48.58,100.0,1.0,0.0,3665.0,貿聯-KY,貿聯-KY,2837900.190528773,3262592.343854936,-11.04509032232699,2403658.35
20241204,31905301.53524741,23255.33,48.86,100.0,1.0,0.0,3665.0,貿聯-KY,貿聯-KY,2865982.8499456514,3281396.9106783075,-3.643195906354206,2446347.87
20241205,31555174.76942851,23267.94,49.13,100.0,1.0,0.0,3665.0,貿聯-KY,貿聯-KY,2867536.9041662454,3299529.8858294156,-4.700609394350319,2463350.69
20241206,31073750.46642752,23193.27,48.94,100.0,1.0,0.0,3665.0,貿聯-KY,貿聯-KY,2858334.586271576,3286769.644056414,-6.154552940344975,2465532.14
20241209,30811155.392063346,23273.25,49.0,100.0,1.0,0.0,3665.0,貿聯-KY,貿聯-KY,2868191.30764851,3290799.1940899934,-6.947613056342053,2491605.99
20241210,29848306.786061365,23125.08,48.65,100.0,1.0,0.0,3665.0,貿聯-KY,貿聯-KY,2849930.8624569587,3267293.4855607785,-9.855500148331368,2451897.58
20241211,30023370.168970816,22903.63,48.23,100.0,1.0,0.0,3665.0,貿聯-KY,貿聯-KY,2822639.4027305017,3239086.635325722,-9.326793404333312,2450824.82
20241212,30461028.626244444,23046.8,48.79,100.0,1.0,0.0,3665.0,貿聯-KY,貿聯-KY,2840283.648786211,3276695.7689724644,-8.005026544338167,2456023.46
20241213,30767389.54633598,23020.48,48.83,100.0,1.0,0.0,3665.0,貿聯-KY,貿聯-KY,2837039.976535137,3279382.1356615177,-7.079789742341576,2463867.04
20241216,29848306.786061365,23039.9,49.02,100.0,1.0,0.0,3665.0,貿聯-KY,貿聯-KY,2839433.2939787484,3292142.3774345196,-9.855500148331368,2402128.27
20241217,29585711.71169719,23018.01,49.27,100.0,1.0,0.0,3665.0,貿聯-KY,貿聯-KY,2836735.5741620306,3308932.1692411015,-10.648560264328449,2443731.01
20241218,26653400.04796389,23168.67,49.27,100.0,1.0,0.0,3665.0,貿聯-KY,貿聯-KY,2855302.886523232,3308932.1692411015,-19.504398226295887,2449986.73
20241219,27616248.653965868,22932.25,48.6,100.0,1.0,0.0,3665.0,貿聯-KY,貿聯-KY,2826166.526584063,3263935.527199463,-16.596511134306585,2445547.43
20241220,27134824.35096488,22510.25,48.15,100.0,1.0,0.0,3665.0,貿聯-KY,貿聯-KY,2774159.3195189703,3233713.9019476157,-18.050454680301232,2426760.88
20241223,26828463.430873346,23104.54,49.31,100.0,1.0,0.0,3665.0,貿聯-KY,貿聯-KY,2847399.5164069184,3311618.535930155,-18.975691482297822,2460807.66
20241224,26303273.282144994,23120.24,49.45,100.0,1.0,0.0,3665.0,貿聯-KY,貿聯-KY,2849334.3816934633,3321020.81934184,-20.561811714291988,2451465.79
20241225,25865614.824871365,23220.13,49.6,100.0,1.0,0.0,3665.0,貿聯-KY,貿聯-KY,2861644.8080293215,3331094.694425789,-21.883578574287135,2469314.98
20241226,26347039.12787236,23246.94,49.56,100.0,1.0,0.0,3665.0,貿聯-KY,貿聯-KY,2864948.867795707,3328408.327736736,-20.429635028292463,2480572.44
20241227,26303273.282144997,23275.68,49.73,100.0,1.0,0.0,3665.0,貿聯-KY,貿聯-KY,2868490.7804285293,3339825.386165211,-20.561811714291977,2477042.58
20241230,26347039.12787236,23190.2,49.45,100.0,1.0,0.0,3665.0,貿聯-KY,貿聯-KY,2857956.240002169,3321020.81934184,-20.429635028292463,2454433.9
20241231,26784697.585145988,23035.1,48.94,100.0,1.0,0.0,3665.0,貿聯-KY,貿聯-KY,2838841.7428083397,3286769.644056414,-19.10786816829732,2459001.03
20250102,26478336.665054448,22832.06,48.51,100.0,1.0,0.0,3665.0,貿聯-KY,貿聯-KY,2813819.1283000545,3257891.2021490927,-20.033104970293923,2429200.78
20250103,26400887.530309163,22908.3,49.0,0.0,0.0,100.0,,,,2823214.9327233783,3290799.1940899934,-20.26700813825581,2456498.91
20250106,26400887.530309163,23547.71,50.54,0.0,0.0,100.0,,,,2902015.7106131674,3394224.311618536,-20.26700813825581,2491059.86
20250107,26400887.530309163,23651.27,51.1,0.0,0.0,100.0,,,,2914778.427114734,3431833.4452652787,-20.26700813825581,2537617.29
20250108,26400887.530309163,23407.33,50.34,0.0,0.0,100.0,,,,2884715.303675258,3380792.478173271,-20.26700813825581,2521246.78
20250109,26400887.530309163,23081.13,49.76,0.0,0.0,100.0,,,,2844514.4720529043,3341840.1611820012,-20.26700813825581,2448190.16
20250110,26400887.530309163,23011.86,49.75,0.0,0.0,100.0,,,,2835977.649224945,3341168.569509738,-20.26700813825581,2418949.28
20250113,26400887.530309163,22488.33,48.6,0.0,0.0,100.0,,,,2771457.9025074374,3263935.527199463,-20.26700813825581,2324248.52
20250114,26400887.530309163,22797.52,48.9,0.0,0.0,100.0,,,,2809562.4246696555,3284083.2773673604,-20.26700813825581,2350707.81
20250115,26400887.530309163,22514.57,48.52,0.0,0.0,100.0,,,,2774691.715572338,3258562.7938213567,-20.26700813825581,2309107.64
20250116,26400887.530309163,23025.1,49.51,0.0,0.0,100.0,,,,2837609.3445366547,3325050.36937542,-20.26700813825581,2366903.49
20250117,26400887.530309163,23148.08,49.08,0.0,0.0,100.0,,,,2852765.3784818333,3296171.927468099,-20.26700813825581,2364628.95
20250120,26400887.530309163,23266.82,49.58,0.0,0.0,100.0,,,,2867398.8755598166,3329751.5110812625,-20.26700813825581,2405454.42
20250121,26400887.530309163,23300.01,49.67,0.0,0.0,100.0,,,,2871489.205423538,3335795.836131632,-20.26700813825581,2397608.35
20250122,26400887.530309163,23525.41,50.33,0.0,0.0,100.0,,,,2899267.4624673105,3380120.8865010072,-20.26700813825581,2423949.61
20250203,26400887.530309163,22694.71,48.17,0.0,0.0,100.0,,,,2796892.1380384653,3235057.0852921424,-20.26700813825581,2275374.62
20250204,26400887.530309163,22793.96,48.46,0.0,0.0,100.0,,,,2809123.6908849357,3254533.243787777,-20.26700813825581,2244016.25
20250205,26400887.530309163,23161.58,49.2,0.0,0.0,100.0,,,,2854429.116148608,3304231.027535259,-20.26700813825581,2302950.11
20250206,26400887.530309163,23316.6,49.41,0.0,0.0,100.0,,,,2873533.754156263,3318334.452652787,-20.26700813825581,2320286.11
20250207,26400887.530309163,23478.27,49.64,0.0,0.0,100.0,,,,2893457.937014589,3333781.061114842,-20.26700813825581,2354451.83
20250210,26400887.530309163,23252.14,49.08,0.0,0.0,100.0,,,,2865589.714896984,3296171.927468099,-20.26700813825581,2333518.08
20250211,26400887.530309163,23384.05,49.38,0.0,0.0,100.0,,,,2881846.280498776,3316319.6776359975,-20.26700813825581,2376451.38
20250212,26400887.530309163,23289.75,49.3,0.0,0.0,100.0,,,,2870224.7647967897,3310946.944257891,-20.26700813825581,2368270.05
20250213,26400887.530309163,23399.41,49.09,0.0,0.0,100.0,,,,2883739.244244084,3296843.5191403627,-20.26700813825581,2397062.12
20250214,26400887.530309163,23152.61,48.5,0.0,0.0,100.0,,,,2853323.654898906,3257219.61047683,-20.26700813825581,2375716.42
20250217,26400887.530309163,23505.33,49.24,0.0,0.0,100.0,,,,2896792.806737768,3306917.3942243117,-20.26700813825581,2405920.58
20250218,26400887.530309163,23666.11,49.41,0.0,0.0,100.0,,,,2916607.306149914,3318334.452652787,-20.26700813825581,2418897.74
20250219,26400887.530309163,23604.08,49.33,0.0,0.0,100.0,,,,2908962.739670654,3312961.7192746806,-20.26700813825581,2435336.44
20250220,26400887.530309163,23487.46,49.14,0.0,0.0,100.0,,,,2894590.511026267,3300201.477501679,-20.26700813825581,2430462.47
20250221,26400887.530309163,23730.25,49.49,0.0,0.0,100.0,,,,2924511.908664499,3323707.186030893,-20.26700813825581,2455824.17
20250224,26400887.530309163,23565.31,49.05,0.0,0.0,100.0,,,,2904184.731571333,3294157.152451309,-20.26700813825581,2464964.65
20250225,25941105.194757897,23285.72,48.41,100.0,1.0,0.0,3019.0,亞光,亞光,2869728.108293301,3251175.28542646,-21.655591047697627,2395640.67
20250226,26669166.68171196,23402.55,48.67,100.0,1.0,0.0,3019.0,亞光,亞光,2884126.2173013925,3268636.6689053057,-19.456781611934773,2435666.17
20250227,25514852.49120483,23053.18,48.13,100.0,1.0,0.0,3019.0,亞光,亞光,2841069.918883546,3232370.7186030895,-22.94291153283001,2362179.33
20250303,24711992.692136846,22756.25,47.01,100.0,1.0,0.0,3019.0,亞光,亞光,2804476.317002413,3157152.4513096036,-25.367618420116216,2300716.32
20250304,24639919.971129328,22596.88,46.7,100.0,1.0,0.0,3019.0,亞光,亞光,2784835.5857465747,3136333.1094694426,-25.58528434786009,2305727.66
20250305,23991768.19741576,22871.9,47.31,100.0,1.0,0.0,3019.0,亞光,亞光,2818729.0030144462,3177300.2014775015,-27.542759453170454,2331662.98
20250306,23690603.101814568,22715.43,47.02,100.0,1.0,0.0,3019.0,亞光,亞光,2799445.6672573965,3157824.042981867,-28.452304410287653,2321412.47
20250307,22987708.66304671,22576.07,46.59,80.0,0.8,20.0,3019.0,亞光,亞光,2782270.9649431985,3128945.601074547,-30.575107157036307,2282741.24
20250310,22376295.320943862,22459.15,46.31,20.0,0.2,80.0,,,,2767861.764350662,3110141.0342511754,-32.42162898226215,2257090.28
20250311,22305633.335719828,22071.09,45.5,20.0,0.2,80.0,,,,2720037.3170196665,3055742.1087978506,-32.635034364423426,2205698.04
20250312,22234064.458706822,22278.36,45.7,20.0,0.2,80.0,,,,2745581.2359968745,3069173.942243116,-32.85117863918998,2228056.48
20250313,22330734.30417946,21961.68,45.27,20.0,0.2,80.0,,,,2706553.6475291643,3040295.500335796,-32.559227241969076,2228950.48
20250314,22366368.454664852,21968.05,45.13,20.0,0.2,80.0,,,,2707338.6852282276,3030893.21692411,-32.45160898756796,2230230.75
20250317,22413579.78649528,22118.63,45.51,20.0,0.2,80.0,,,,2725896.1384032555,3056413.700470114,-32.309026631868896,2250249.9
20250318,22565734.63622084,22271.67,45.7,20.0,0.2,80.0,,,,2744756.761553117,3069173.942243116,-31.84950566383457,2282482.96
20250319,22440369.44379739,21960.83,45.14,20.0,0.2,80.0,,,,2706448.893676072,3031564.8085963735,-32.22811952125771,2220342.87
20250320,22533628.12200538,22377.26,46.11,20.0,0.2,80.0,,,,2757769.6549038356,3096709.20080591,-31.946470147839563,2251506.85
20250321,22304278.217455707,22209.1,45.74,20.0,0.2,80.0,,,,2737045.645567186,3071860.3089321693,-32.63912694022796,2252996.13
20250324,22244481.224915612,22106.64,45.69,20.0,0.2,80.0,,,,2724418.4928755052,3068502.350570853,-32.81971909320322,2233786.83
20250325,22256570.616885673,22273.19,46.16,20.0,0.2,80.0,,,,2744944.0860904134,3100067.1591672264,-32.78320807097127,2258523.21
20250326,22377202.435947385,22260.29,46.13,20.0,0.2,80.0,,,,2743354.2923199404,3098052.384150436,-32.41888941552938,2267273.76
20250327,22389010.98604551,21951.76,45.25,20.0,0.2,80.0,,,,2705331.108443653,3038952.316991269,-32.383226560339686,2217324.74
20250328,22212255.636155676,21602.89,44.8,20.0,0.2,80.0,,,,2662336.4299393906,3008730.6917394223,-32.91704319275806,2153865.29
20250331,21786267.171900634,20695.9,43.19,0.0,0.0,100.0,,,,2550559.1390958633,2900604.4325050367,-34.203565652075035,2025164.03
20250401,21786267.171900634,21280.17,44.08,0.0,0.0,100.0,,,,2622564.472915583,2960376.0913364673,-34.203565652075035,2079214.46
20250402,21786267.171900634,21298.22,44.0,0.0,0.0,100.0,,,,2624788.9517959743,2955003.357958361,-34.203565652075035,2085026.37
20250407,21786267.171900634,19232.35,39.6,0.0,0.0,100.0,,,,2370191.490043454,2659503.022162525,-34.203565652075035,1878671.88
20250408,21786267.171900634,18459.95,38.31,0.0,0.0,100.0,,,,2275001.047538531,2572867.6964405645,-34.203565652075035,1728751.08
20250409,21786267.171900634,17391.76,36.55,0.0,0.0,100.0,,,,2143357.496555446,2454667.5621222295,-34.203565652075035,1583887.8
20250410,21786267.171900634,19000.03,40.2,0.0,0.0,100.0,,,,2341560.4133956763,2699798.522498321,-34.203565652075035,1740320.65
20250411,21786267.171900634,19528.77,41.14,0.0,0.0,100.0,,,,2406722.239612731,2762928.139691068,-34.203565652075035,1849297.95
20250414,21786267.171900634,19513.09,40.92,0.0,0.0,100.0,,,,2404789.8391227294,2748153.122901276,-34.203565652075035,1894970.47
20250415,21786267.171900634,19857.67,41.34,0.0,0.0,100.0,,,,2447255.8187684393,2776359.9731363333,-34.203565652075035,1955784.79
20250416,21786267.171900634,19468.0,40.59,0.0,0.0,100.0,,,,2399232.9553157035,2725990.5977165885,-34.203565652075035,1894971.1
20250417,21786267.171900634,19338.73,40.14,0.0,0.0,100.0,,,,2383301.742857636,2695768.972464741,-34.203565652075035,1892468.03
20250418,21786267.171900634,19395.03,40.23,0.0,0.0,100.0,,,,2390240.1451272205,2701813.2975151106,-34.203565652075035,1907233.28
20250421,21786267.171900634,19106.2,39.65,0.0,0.0,100.0,,,,2354644.7858461523,2662860.9805238415,-34.203565652075035,1844956.77
20250422,21786267.171900634,18793.43,38.99,0.0,0.0,100.0,,,,2316099.0651026713,2618535.930154466,-34.203565652075035,1809906.76
20250423,21786267.171900634,19639.14,40.71,0.0,0.0,100.0,,,,2420324.2193373144,2734049.697783747,-34.203565652075035,1898595.03
20250424,21786267.171900634,19478.81,40.48,0.0,0.0,100.0,,,,2400565.1778473947,2718603.089321692,-34.203565652075035,1899138.64
20250425,21786267.171900634,19872.73,41.44,0.0,0.0,100.0,,,,2449111.810565597,2783075.8898589653,-34.203565652075035,1953874.22
20250428,21786267.171900634,20034.41,41.79,0.0,0.0,100.0,,,,2469037.2258221945,2806581.5983881797,-34.203565652075035,1978451.14
20250429,21786267.171900634,20232.63,41.95,0.0,0.0,100.0,,,,2493465.8243635283,2817327.065144392,-34.203565652075035,2011152.72
20250430,21786267.171900634,20235.03,42.15,0.0,0.0,100.0,,,,2493761.599948732,2830758.898589657,-34.203565652075035,1982111.33
20250502,21786267.171900634,20787.64,43.38,0.0,0.0,100.0,,,,2561865.1608402985,2913364.674278039,-34.203565652075035,2070699.54
20250505,21786267.171900634,20532.99,42.99,0.0,0.0,100.0,,,,2530482.138851849,2887172.5990597717,-34.203565652075035,2029140.74
20250506,21786267.171900634,20522.59,42.75,0.0,0.0,100.0,,,,2529200.4446492963,2871054.398925453,-34.203565652075035,2053682.98
20250507,21786267.171900634,20546.49,42.59,0.0,0.0,100.0,,,,2532145.876518623,2860308.932169242,-34.203565652075035,2043475.83
20250508,21786267.171900634,20543.4,43.15,0.0,0.0,100.0,,,,2531765.065452672,2897918.0658159833,-34.203565652075035,2065442.7
20250509,21786267.171900634,20915.04,43.69,0.0,0.0,100.0,,,,2577565.914821561,2934184.0161181996,-34.203565652075035,2118595.01
20250512,21786267.171900634,21129.54,44.17,0.0,0.0,100.0,,,,2604000.857749197,2966420.4163868367,-34.203565652075035,2163446.04
20250513,21786267.171900634,21330.14,44.71,0.0,0.0,100.0,,,,2628722.7670791913,3002686.366689053,-34.203565652075035,2211350.52
20250514,21786267.171900634,21782.87,45.73,0.0,0.0,100.0,,,,2684517.134033171,3071188.7172599053,-34.203565652075035,2280064.38
20250515,21786267.171900634,21730.25,45.63,0.0,0.0,100.0,,,,2678032.2543275664,3064472.8005372733,-34.203565652075035,2283648.02
20250516,21786267.171900634,21843.69,45.75,0.0,0.0,100.0,,,,2692012.580321557,3072531.9006044324,-34.203565652075035,2291011.26
20250519,21786267.171900634,21523.83,45.11,0.0,0.0,100.0,,,,2652593.089203452,3029550.0335795837,-34.203565652075035,2228276.78
20250520,21786267.171900634,21526.03,45.2,0.0,0.0,100.0,,,,2652864.216823222,3035594.358629953,-34.203565652075035,2245063.64
20250521,21786267.171900634,21803.91,45.9,0.0,0.0,100.0,,,,2687110.099996796,3082605.775688381,-34.203565652075035,2294610.73
20250522,21786267.171900634,21670.96,45.4,0.0,0.0,100.0,,,,2670725.364974748,3049026.192075218,-34.203565652075035,2287804.99
20250523,21786267.171900634,21652.24,45.21,0.0,0.0,100.0,,,,2668418.3154101544,3036265.950302216,-34.203565652075035,2268627.87
20250526,21225181.202195484,21536.57,45.16,100.0,1.0,0.0,2603.0,長榮,長榮,2654163.164601578,3032907.9919408993,-35.898094406264825,2249601.69
20250527,21255459.268683944,21336.54,44.76,100.0,1.0,0.0,2603.0,長榮,長榮,2629511.5019730697,3006044.325050369,-35.806651994484454,2228292.46
20250528,20946002.990110725,21357.72,44.84,100.0,1.0,0.0,2603.0,長榮,長榮,2632121.721512498,3011417.0584284756,-36.74123705010873,2221350.8
20250529,20713997.03442707,21347.3,44.94,100.0,1.0,0.0,2603.0,長榮,長榮,2630837.562513402,3018132.975151108,-37.44191534947136,2240238.43
20250602,20967575.244540367,21002.71,43.98,100.0,1.0,0.0,2603.0,長榮,長榮,2588370.3504694207,2953660.174613835,-36.67608695298023,2227182.53
20250603,21467795.454669476,21126.93,44.29,100.0,1.0,0.0,2603.0,長榮,長榮,2603679.2018002872,2974479.516453996,-35.16537812178977,2244157.92
20250604,21299038.58511611,21618.09,45.33,100.0,1.0,0.0,2603.0,長榮,長榮,2664209.675312351,3044325.050369375,-35.675038643287934,2285320.5
20250605,20448254.25584431,21674.43,45.41,100.0,1.0,0.0,2603.0,長榮,長榮,2671153.0071750227,3049697.783747481,-38.24448180780467,2266543.47
20250606,20241661.565114517,21660.66,45.49,100.0,1.0,0.0,2603.0,長榮,長榮,2669455.994754913,3055070.517125588,-38.86840982195736,2252341.2
20250609,20243309.572859757,21790.29,45.92,100.0,1.0,0.0,2603.0,長榮,長榮,2685431.5735507617,3083948.959032908,-38.86343269427602,2260896.34
20250610,20759178.477471944,22242.14,47.16,100.0,1.0,0.0,2603.0,長榮,長榮,2741117.4894568324,3167226.3263935526,-37.30546343563084,2328917.95
20250611,21169293.772875104,22470.1,,100.0,1.0,0.0,2603.0,長榮,長榮,2769211.240458156,,-36.066879336016136,2364544.07
20250612,20753448.07427675,22287.82,,100.0,1.0,0.0,2603.0,長榮,長榮,2746747.0847618883,,-37.32276975500372,2374342.42
20250613,20754701.159196433,22072.95,,100.0,1.0,0.0,2603.0,長榮,長榮,2720266.5430981996,,-37.31898532883287,2350786.63
20250616,21023268.74418797,22049.9,,100.0,1.0,0.0,2603.0,長榮,長榮,2717425.865081967,,-36.50788770782015,2368511.27
20250617,21122238.7482329,22211.59,,100.0,1.0,0.0,2603.0,長榮,長榮,2737352.512736836,,-36.20898963032135,2386485.08
20250618,21155066.15539925,22356.73,47.57,100.0,1.0,0.0,2603.0,長榮,長榮,2755239.5412520673,3194761.5849563465,-36.10984798648714,2392130.53
20250619,19272853.105028007,22003.5,47.1,40.0,0.4,60.0,,,,2711707.53710135,3163196.7763599735,-41.79429619509484,2361793.37
20250620,19237059.455559727,22045.74,47.03,40.0,0.4,60.0,,,,2716913.1874009464,3158495.6346541303,-41.90239615038915,2344222.69
20250623,19126078.988411505,21732.02,46.64,40.0,0.4,60.0,,,,2678250.3888216545,3132303.5594358626,-42.23756687803166,2328816.64
20250624,19139183.53036999,22188.76,47.49,20.0,0.2,80.0,,,,2734538.94748258,3189388.8515782403,-42.19799001395358,2360818.68
20250625,19130281.58454191,22430.61,48.18,20.0,0.2,80.0,,,,2764344.499683274,3235728.6769644055,-42.22487466976104,2381745.38
20250626,19116903.76525202,22492.34,48.24,20.0,0.2,80.0,,,,2771952.094214383,3239758.2269979855,-42.26527685530667,2379547.58
20250627,19166093.45915091,22580.08,48.29,20.0,0.2,80.0,,,,2782765.156650144,3243116.1853593015,-42.116719672946054,2374580.74
20250630,19236915.05160967,22256.02,48.36,20.0,0.2,80.0,,,,2742828.0582579314,3247817.327065144,-41.90283226296156,2337798.49
20250701,19315433.072228484,22553.72,48.64,20.0,0.2,80.0,,,,2779516.5548059833,3266621.893888516,-41.66570096607568,2363380.69
20250702,19328310.027609967,22577.74,48.65,20.0,0.2,80.0,,,,2782476.77545457,3267293.4855607785,-41.626811433386415,2368488.14
20250703,19435332.78523793,22712.97,49.32,20.0,0.2,80.0,,,,2799142.497282562,3312290.1276024175,-41.30359333501091,2391391.79
20250704,19414389.53870211,22547.5,48.86,20.0,0.2,80.0,,,,2778750.0030809953,3281396.9106783075,-41.36684377322751,2371177.55
20250707,19321839.902764637,22428.72,48.57,20.0,0.2,80.0,,,,2764111.5764099252,3261920.752182673,-41.646351776908766,2337281.53
20250708,20087855.767114457,22362.27,48.35,100.0,1.0,0.0,3017.0,奇鋐,奇鋐,2755922.289894581,3247145.735392881,-39.33291679832887,2342017.63
20250709,20492139.65676707,22527.01,48.85,100.0,1.0,0.0,3017.0,奇鋐,奇鋐,2776224.8190223137,3280725.319006044,-38.11194405464743,2381097.54
20250710,21351242.92227889,22693.25,49.41,100.0,1.0,0.0,3017.0,奇鋐,奇鋐,2796712.2078907997,3318334.452652787,-35.517376974324385,2401814.19
20250711,20896423.546419695,22751.03,49.62,100.0,1.0,0.0,3017.0,奇鋐,奇鋐,2803833.005104593,3332437.8777703154,-36.890971310965995,2384452.54
20250714,20946959.03262627,22614.97,49.33,100.0,1.0,0.0,3017.0,奇鋐,奇鋐,2787064.994220052,3312961.7192746806,-36.73834971800582,2345995.07
20250715,21553384.867105197,22835.94,50.0,100.0,1.0,0.0,3017.0,奇鋐,奇鋐,2814297.2988294675,3357958.3613163196,-34.90689060248368,2385686.36
20250716,21427046.151588757,23042.9,50.4,100.0,1.0,0.0,3017.0,奇鋐,奇鋐,2839803.0134602543,3384822.02820685,-35.28844458488412,2406274.14
20250717,21325975.1791756,23113.28,50.7,100.0,1.0,0.0,3017.0,奇鋐,奇鋐,2848476.63249637,3404969.7783747483,-35.59368777080448,2406668.07
20250718,22513559.105030168,23383.13,51.45,100.0,1.0,0.0,3017.0,奇鋐,奇鋐,2881732.899857782,3455339.153794493,-32.007080336240264,2448240.81
20250721,22033471.986067683,23340.56,50.9,100.0,1.0,0.0,3017.0,奇鋐,奇鋐,2876486.5804152195,3418401.6118200133,-33.45698546936197,2427812.92
20250722,21528117.12400191,22987.92,50.55,100.0,1.0,0.0,3017.0,奇鋐,奇鋐,2833027.2877625315,3394895.903290799,-34.98320139896376,2368740.51
20250723,21325975.1791756,23318.67,50.7,100.0,1.0,0.0,3017.0,奇鋐,奇鋐,2873788.8605985017,3404969.7783747483,-35.59368777080448,2398529.38
20250724,21629188.096415065,23373.73,51.0,100.0,1.0,0.0,3017.0,奇鋐,奇鋐,2880574.4454823975,3425117.5285426457,-34.6779582130434,2429148.08
20250725,21452313.894692045,23364.38,50.9,100.0,1.0,0.0,3017.0,奇鋐,奇鋐,2879422.1530983727,3418401.6118200133,-35.212133788404024,2431129.51
20250728,22058739.72917097,23412.98,51.05,100.0,1.0,0.0,3017.0,奇鋐,奇鋐,2885411.6086987597,3428475.486903962,-33.38067467288188,2453289.86
20250729,22185078.444687415,23201.52,50.45,100.0,1.0,0.0,3017.0,奇鋐,奇鋐,2859351.314845716,3388179.986568167,-32.99912069048143,2425217.99
20250730,22033471.986067683,23461.72,51.0,100.0,1.0,0.0,3017.0,奇鋐,奇鋐,2891418.3178749513,3425117.5285426457,-33.45698546936197,2427166.69
20250731,23322126.8843354,23542.52,51.55,100.0,1.0,0.0,3017.0,奇鋐,奇鋐,2901376.0959101627,3462055.0705171255,-29.56513484887741,2486650.41
20250801,23221055.911922246,23434.38,51.1,100.0,1.0,0.0,3017.0,奇鋐,奇鋐,2888048.9410001654,3431833.4452652787,-29.870378034797767,2502884.9
20250804,23600072.058471575,23378.94,50.8,100.0,1.0,0.0,3017.0,奇鋐,奇鋐,2881216.5249819453,3411685.6950973803,-28.725716087596425,2489168.07
20250805,24686585.011912983,23660.59,51.45,100.0,1.0,0.0,3017.0,奇鋐,奇鋐,2915927.022303944,3455339.153794493,-25.44435183895259,2528332.77
20250806,25394081.818805065,23447.36,51.0,100.0,1.0,0.0,3017.0,奇鋐,奇鋐,2889648.593956812,3425117.5285426457,-23.30764953751008,2510540.25
20250807,25899436.680870835,24003.77,52.45,100.0,1.0,0.0,3017.0,奇鋐,奇鋐,2958220.4661916182,3522498.3210208192,-21.7814336079083,2539863.23
20250808,27541839.982584596,24021.26,52.45,100.0,1.0,0.0,3017.0,奇鋐,奇鋐,2960375.9307687944,3522498.3210208192,-16.821231836702484,2573601.27
20250811,27289162.55155171,24135.5,52.85,100.0,1.0,0.0,3017.0,奇鋐,奇鋐,2974454.84862452,3549361.9879113496,-17.584339801503372,2589143.5
20250812,27541839.9825846,24158.36,52.9,100.0,1.0,0.0,3017.0,奇鋐,奇鋐,2977272.1110735913,3552719.946272666,-16.82123183670247,2635297.78
20250813,28299872.27568326,24370.02,53.35,100.0,1.0,0.0,3017.0,奇鋐,奇鋐,3003357.052892069,3582941.571524513,-14.531907942299776,2660219.92
20250814,27162823.83603527,24238.1,53.15,100.0,1.0,0.0,3017.0,奇鋐,奇鋐,2987099.2548920047,3569509.7380792475,-17.9658937839038,2686183.17
20250815,27036485.12051883,24334.48,53.15,100.0,1.0,0.0,3017.0,奇鋐,奇鋐,2998977.1094345013,3569509.7380792475,-18.347447766304253,2703314.76
20250818,28931565.853265475,24482.52,53.3,100.0,1.0,0.0,3017.0,奇鋐,奇鋐,3017221.5334485215,3579583.6131631965,-12.624138030297546,2729685.74
20250819,26821396.78777132,24353.5,53.2,100.0,1.0,0.0,3017.0,奇鋐,奇鋐,3001321.1309472458,3572867.6964405645,-18.997033363183338,2642771.38
20250820,25235570.012421653,23625.44,51.7,100.0,1.0,0.0,3017.0,奇鋐,奇鋐,2911595.142378972,3472128.9456010745,-23.786369071232176,2519753.48
20250821,26481086.715936206,23962.13,52.0,100.0,1.0,0.0,3017.0,奇鋐,奇鋐,2953088.7597883237,3492276.695768972,-20.024799575851297,2570459.72
20250822,26648809.66672205,23764.47,51.75,100.0,1.0,0.0,3017.0,奇鋐,奇鋐,2928729.175550204,3475486.903962391,-19.51826157955542,2545071.74
20250825,27697512.109488472,24277.38,52.7,100.0,1.0,0.0,3017.0,奇鋐,奇鋐,2991940.115303182,3539288.112827401,-16.351088383635705,2611148.24
20250826,27497622.978086647,24305.1,52.75,100.0,1.0,0.0,3017.0,奇鋐,奇鋐,2995356.323312292,3542646.071188717,-16.954771061690213,2604242.7
20250827,28320295.202169396,24519.9,53.0,100.0,1.0,0.0,3017.0,奇鋐,奇鋐,3021828.2381880786,3559435.862995299,-14.47022891618967,2666260.48
20250828,27220842.064612076,24236.45,52.5,100.0,1.0,0.0,3017.0,奇鋐,奇鋐,2986895.909177177,3525856.2793821353,-17.79067365383673,2640990.69
20250829,27925804.393391047,24233.1,52.5,100.0,1.0,0.0,3017.0,奇鋐,奇鋐,2986483.055756162,3525856.2793821353,-15.661625698201137,2655676.55
20250901,25714603.83114507,24071.73,52.0,100.0,1.0,0.0,3017.0,奇鋐,奇鋐,2966595.8448459874,3492276.695768972,-22.339644997053774,2551178.75
20250902,25959920.596642833,24016.78,52.0,100.0,1.0,0.0,3017.0,奇鋐,奇鋐,2959823.81634308,3492276.695768972,-21.598766886629377,2518747.64
20250903,25569804.06423949,24100.3,51.95,100.0,1.0,0.0,3017.0,奇鋐,奇鋐,2970116.80670819,3488918.7374076564,-22.77695297100013,2534614.72
20250904,25356473.10755034,24179.85,52.3,100.0,1.0,0.0,3017.0,奇鋐,奇鋐,2979920.5349594415,3512424.44593687,-23.421231138316532,2519203.29
20250905,25999658.155946694,24494.58,52.85,100.0,1.0,0.0,3017.0,奇鋐,奇鋐,3018707.805764173,3549361.9879113496,-21.478755978324006,2581619.07
20250908,26399376.666766062,24547.38,53.35,100.0,1.0,0.0,3017.0,奇鋐,奇鋐,3025214.868638668,3582941.571524513,-20.27157107843908,2592543.46
20250909,26970489.51733262,24855.18,53.9,100.0,1.0,0.0,3017.0,奇鋐,奇鋐,3063148.087441122,3619879.113498992,-18.5467602661479,2641161.31
20250910,27949071.59109183,25192.59,54.95,100.0,1.0,0.0,3017.0,奇鋐,奇鋐,3104730.4375260347,3690396.239086635,-15.591356723993648,2715696.92
20250911,28203342.094916765,25215.71,55.45,100.0,1.0,0.0,3017.0,奇鋐,奇鋐,3107579.7423301693,3723975.8226997983,-14.82343753987985,2729870.51
20250912,28074618.68221109,25474.64,56.0,100.0,1.0,0.0,3017.0,奇鋐,奇鋐,3139490.2307789004,3760913.364674278,-15.21219351658308,2732678.93
20250915,26977875.463550527,25357.16,56.0,100.0,1.0,0.0,3017.0,奇鋐,奇鋐,3125012.015883149,3760913.364674278,-18.524454061895963,2705214.22
20250916,27195507.577344388,25629.64,56.75,100.0,1.0,0.0,3017.0,奇鋐,奇鋐,3158592.4039900126,3811282.740094023,-17.867186023537066,2727955.95
20250917,26646819.366933662,25438.25,56.35,100.0,1.0,0.0,3017.0,奇鋐,奇鋐,3135005.53346824,3784419.073203493,-19.524272459176327,2717394.58
20250918,27545855.37652444,25769.36,56.95,100.0,1.0,0.0,3017.0,奇鋐,奇鋐,3175811.472641991,3824714.573539288,-16.809104995437778,2759917.21
20250919,27691830.89563646,25578.37,57.0,100.0,1.0,0.0,3017.0,奇鋐,奇鋐,3152273.898051085,3828072.531900604,-16.36824614688541,2764206.18
20250922,27791873.91394271,25880.6,57.4,100.0,1.0,0.0,3017.0,奇鋐,奇鋐,3189520.6710162107,3854936.198791134,-16.066107472370064,2793079.43
20250923,27514596.940942507,26247.37,58.45,100.0,1.0,0.0,3017.0,奇鋐,奇鋐,3234721.342426789,3925453.3243787778,-16.9035082077163,2809058.48
20250924,26851914.88093981,26196.73,58.4,100.0,1.0,0.0,3017.0,奇鋐,奇鋐,3228480.477578978,3922095.3660174618,-18.90486604981382,2763770.28
20250925,26370124.568115316,26023.85,58.2,100.0,1.0,0.0,3017.0,奇鋐,奇鋐,3207174.776258094,3908663.532572196,-20.35991497752132,2742722.53
20250926,25654516.62917431,25580.32,57.25,40.0,0.4,60.0,,,,3152514.215714064,3844862.323707186,-22.521113607918817,2672800.9
20250930,26057510.374348164,25820.54,57.8,40.0,0.4,60.0,,,,3182118.8869964727,3881799.865681665,-21.304037213521397,2755969.53
20251001,26491218.010608,25982.91,58.1,100.0,1.0,0.0,8358.0,金居,金居,3202129.337733817,3901947.615849564,-19.994202178900625,2779705.05
20251002,27272744.22382149,26378.39,59.2,100.0,1.0,0.0,8358.0,金居,金居,3250868.2245824016,3975822.6997985225,-17.633924588749416,2826116.07
20251003,27754471.83547013,26761.06,60.05,100.0,1.0,0.0,8358.0,金居,金居,3298028.409244959,4032907.9919409,-16.179065024082785,2886442.32
20251007,29806804.09926928,27211.95,61.7,100.0,1.0,0.0,8358.0,金居,金居,3353596.0149169485,4143720.617864338,-9.980841896196283,2927471.9
20251008,28644377.109653957,27063.68,61.15,100.0,1.0,0.0,8358.0,金居,金居,3335323.24574268,4106783.075889859,-13.491473180711466,2904662.41
20251009,28607058.82722021,27301.92,61.6,100.0,1.0,0.0,8358.0,金居,金居,3364683.9021672956,4137004.7011417057,-13.604177661050182,2930043.93
20251013,27127067.09769919,26923.42,61.0,100.0,1.0,0.0,8358.0,金居,金居,3318037.627584031,4096709.2008059104,-18.073882264347137,2871474.62
20251014,25187628.42833524,26793.15,60.7,100.0,1.0,0.0,8358.0,金居,金居,3301983.175298795,4076561.450638012,-23.931156852681283,2780598.46
20251015,25693638.018093675,27275.71,61.8,100.0,1.0,0.0,8358.0,金居,金居,3361453.78629721,4150436.534586971,-22.40296358812321,2831449.33
20251016,26243869.700179264,27647.87,63.0,100.0,1.0,0.0,8358.0,金居,金居,3407318.720376226,4231027.535258563,-20.741215732887746,2877414.68
20251017,25673407.155076705,27302.37,62.05,100.0,1.0,0.0,8358.0,金居,金居,3364739.360089521,4167226.3263935526,-22.464062565740395,2842554.55
20251020,27372945.9710377,27688.63,63.1,100.0,1.0,0.0,8358.0,金居,金居,3412341.9757316136,4237743.451981195,-17.33130653902853,2898938.86
20251021,26893307.568427343,27752.41,63.2,100.0,1.0,0.0,8358.0,金居,金居,3420202.211908418,4244459.368703828,-18.77985650947961,2908545.96
20251022,26958550.138233412,27648.91,62.7,100.0,1.0,0.0,8358.0,金居,金居,3407446.8897964815,4210879.785090664,-18.58281823637555,2891500.39
20251023,26584206.714496735,27532.26,62.35,100.0,1.0,0.0,8358.0,金居,金居,3393070.96395728,4187374.0765614505,-19.71336815156412,2880579.96
20251027,28014858.104301173,27993.63,63.8,100.0,1.0,0.0,8358.0,金居,金居,3449930.1230179956,4284754.869039624,-15.39267569418693,2958465.85
20251028,29249707.09542678,27949.11,63.35,100.0,1.0,0.0,8358.0,金居,金居,3444443.4859124552,4254533.243787777,-11.663323624228395,3027414.7
20251029,29060670.05854819,28294.74,64.4,100.0,1.0,0.0,8358.0,金居,金居,3487038.867376692,4325050.36937542,-12.234232026671496,3069185.54
20251030,28781959.538688432,28287.53,64.4,100.0,1.0,0.0,8358.0,金居,金居,3486150.3082228075,4325050.36937542,-13.07596219904727,3097230.11
20251031,29821825.49680672,28233.35,64.75,100.0,1.0,0.0,8358.0,金居,金居,3479473.1743868203,4348556.077904634,-9.935475960440156,3149153.2
20251103,32054412.70958746,28334.59,64.15,100.0,1.0,0.0,8358.0,金居,金居,3491949.974489356,4308260.577568838,-3.1928671044720343,3195179.66
20251104,29984722.16995486,28116.56,63.95,100.0,1.0,0.0,8358.0,金居,金居,3465079.994971815,4294828.744123573,-9.443513745173153,3142529.3
20251105,30053380.26092823,27717.06,63.15,100.0,1.0,0.0,8358.0,金居,金居,3415845.684018013,4241101.410342512,-9.23616029909912,3109173.71
20251106,29962226.095604796,27899.45,63.3,100.0,1.0,0.0,8358.0,金居,金居,3438323.39609527,4251175.28542646,-9.51145385934604,3173592.61
20251107,29635718.357764974,27651.41,62.55,100.0,1.0,0.0,8358.0,金居,金居,3407754.989364403,4200805.910006715,-10.497535814889822,3088715.43
20251110,30458879.368773337,27869.51,63.35,100.0,1.0,0.0,8358.0,金居,金居,3434633.595669845,4254533.243787777,-8.011517490078374,3143262.2
20251111,30286514.036224753,27784.95,62.9,100.0,1.0,0.0,8358.0,金居,金居,3424212.43588448,4224311.61853593,-8.532075885759784,3177028.92
20251112,32010647.23741168,27947.09,63.2,100.0,1.0,0.0,8358.0,金居,金居,3444194.5414615753,4244459.368703828,-3.325042662313065,3213308.24
20251113,31741144.540010173,27903.56,62.9,100.0,1.0,0.0,8358.0,金居,金居,3438829.9117849316,4224311.61853593,-4.138964404677332,3243626.47
20251114,30318274.781038526,27397.5,61.7,100.0,1.0,0.0,8358.0,金居,金居,3376463.1648480576,4143720.617864338,-8.436155655621603,3163914.53
20251117,32446362.44565726,27447.31,61.9,100.0,1.0,0.0,2344.0,華邦電,華邦電,3382601.740639319,4157152.451309603,-2.009144584523087,3178728.83
20251118,30786937.707203552,26756.12,60.45,100.0,1.0,0.0,2344.0,華邦電,華邦電,3297419.6044987463,4059771.6588314306,-7.020752584989316,3064590.67
20251119,29818892.259364534,26580.12,60.05,100.0,1.0,0.0,2344.0,華邦電,華邦電,3275729.3949170965,4032907.9919409,-9.944334594334087,3028315.15
20251120,29781514.67471125,27426.36,61.9,100.0,1.0,0.0,2344.0,華邦電,華邦電,3380019.8662601397,4157152.451309603,-10.05721817256801,3128963.92
20251121,27237666.155882925,26434.94,59.85,100.0,1.0,0.0,2344.0,華邦電,華邦電,3257837.4368087784,4019476.1584956343,-17.739863425171507,2972692.53
20251124,28206701.683138955,26504.24,59.55,100.0,1.0,0.0,2344.0,華邦電,華邦電,3266377.9568315535,3999328.408327736,-14.813291289301295,2986759.66
20251125,29871737.83261243,26912.17,60.35,100.0,1.0,0.0,2344.0,華邦電,華邦電,3316651.179528386,4053055.742108798,-9.784736336250305,3043387.32
20251126,28145927.427791744,27409.54,61.35,100.0,1.0,0.0,2344.0,華邦電,華邦電,3377946.972367166,4120214.909335124,-14.996834861517938,3085722.99
20251127,29410579.75052332,27554.53,61.9,100.0,1.0,0.0,2344.0,華邦電,華邦電,3395815.5149083217,4157152.451309603,-11.177474120689393,3158835.51
20251128,30008410.81303891,27626.48,62.35,100.0,1.0,0.0,2344.0,華邦電,華邦電,3404682.620473093,4187374.0765614505,-9.37197196900869,3195630.27
20251201,29822344.980405446,27342.53,61.5,100.0,1.0,0.0,2344.0,華邦電,華邦電,3369688.671548607,4130288.784419073,-9.9339070744888,3160062.67
20251202,29279012.135878973,27564.27,61.7,100.0,1.0,0.0,2344.0,華邦電,華邦電,3397015.8708249424,4143720.617864338,-11.574819836270498,3167288.88
20251203,28883888.1571421,27793.04,62.3,100.0,1.0,0.0,2344.0,華邦電,華邦電,3425209.446086273,4184016.118200134,-12.768128846993676,3185420.1
20251204,29497767.68368085,27795.71,62.2,100.0,1.0,0.0,2344.0,華邦電,華邦電,3425538.4964248124,4177300.201477502,-10.91415892884553,3183828.68
20251205,30943490.047821876,27980.89,62.75,100.0,1.0,0.0,2344.0,華邦電,華邦電,3448360.047619869,4214237.743451981,-6.547950809438113,3243373.72
20251208,33034119.678851344,28303.78,63.7,100.0,1.0,0.0,2344.0,華邦電,華邦電,3488152.955414295,4278038.952316991,-0.234066279403838,3286295.54
20251209,34370984.478015505,28182.6,63.6,100.0,1.0,0.0,2344.0,華邦電,華邦電,3473218.7531580203,4271323.035594358,0.0,3322528.34
20251210,33827518.18279428,28400.73,64.05,100.0,1.0,0.0,2344.0,華邦電,華邦電,3500101.0566582778,4301544.660846205,-1.5811775643750865,3323533.89
20251211,34592516.01573993,28024.75,63.35,100.0,1.0,0.0,2344.0,華邦電,華邦電,3453765.346439478,4254533.243787777,0.0,3275533.71
20251212,36573749.36788091,28198.02,63.45,100.0,1.0,0.0,2344.0,華邦電,華邦電,3475119.1112929583,4261249.16051041,0.0,3298790.71
20251215,35715496.10987469,27866.94,62.8,100.0,1.0,0.0,2344.0,華邦電,華邦電,3434316.869314022,4217595.701813297,-2.346637336449681,3242179.19
20251216,34966189.2959901,27536.66,62.25,100.0,1.0,0.0,2344.0,華邦電,華邦電,3393613.2191968216,4180658.159838818,-4.39539314310107,3129134.07
20251217,36241970.74343822,27525.17,61.9,100.0,1.0,0.0,2344.0,華邦電,華邦電,3392197.1935826554,4157152.451309603,-0.907149609151249,3140154.28
20251218,36632064.64891747,27468.53,61.9,100.0,1.0,0.0,2344.0,華邦電,華邦電,3385216.8897718336,4157152.451309603,0.0,3135908.47
20251219,36001505.91154537,27696.35,62.5,100.0,1.0,0.0,2344.0,華邦電,華邦電,3413293.387197354,4197447.951645399,-1.7213300517330432,3195014.82
20251222,37305164.19913352,28149.64,63.4,100.0,1.0,0.0,2344.0,華邦電,華邦電,3469156.768454548,4257891.202149093,0.0,3273312.68
20251223,37075331.93175694,28310.47,63.7,100.0,1.0,0.0,2344.0,華邦電,華邦電,3488977.4298580526,4278038.952316991,-0.6160870011179782,3266165.6
20251224,38731574.06815616,28371.98,63.85,100.0,1.0,0.0,2344.0,華邦電,華邦電,3496557.9116271846,4288112.8274009405,0.0,3312425.09
20251226,38475236.293850854,28556.02,64.4,100.0,1.0,0.0,2344.0,華邦電,華邦電,3519238.96941927,4325050.36937542,-0.6618315430563896,3343431.67
20251229,39272609.46112404,28810.89,65.25,100.0,1.0,0.0,2344.0,華邦電,華邦電,3550649.104169696,4382135.661517797,0.0,3390429.24
20251230,40637735.91666155,28707.13,65.15,100.0,1.0,0.0,2408.0,南亞科,南亞科,3537861.7397026964,4375419.744795165,0.0,3407684.78
20251231,40495409.03159583,28963.6,65.6,100.0,1.0,0.0,2408.0,南亞科,南亞科,3569469.0581765925,4405641.370047011,-0.3502333037391613,3442721.54
20260102,43040615.21513155,29349.81,66.95,100.0,1.0,0.0,2408.0,南亞科,南亞科,3617065.5118273264,4496306.245802552,0.0,3536223.49
20260105,43224828.93543548,30105.04,69.5,100.0,1.0,0.0,2408.0,南亞科,南亞科,3710139.9264997663,4667562.122229684,0.0,3572161.5
20260106,46669765.391044006,30576.3,70.4,100.0,1.0,0.0,2408.0,南亞科,南亞科,3768217.9274511784,4728005.372733378,0.0,3663622.16
20260107,48909198.81543768,30435.47,69.85,100.0,1.0,0.0,2408.0,南亞科,南亞科,3750862.062591044,4691067.8307588985,0.0,3664038.8
20260108,49305827.47965472,30360.55,70.1,100.0,1.0,0.0,2408.0,南亞科,南亞科,3741628.934739582,4707857.62256548,0.0,3607169.47
20260109,46374454.41421899,30288.96,69.85,100.0,1.0,0.0,2408.0,南亞科,南亞科,3732806.195512591,4691067.8307588985,-5.945287231302051,3546953.6
20260112,49630844.83616859,30567.29,70.35,100.0,1.0,0.0,2408.0,南亞科,南亞科,3767107.536608391,4724647.414372061,0.0,3601962.07
20260113,47908355.103063755,30707.22,70.7,100.0,1.0,0.0,2408.0,南亞科,南亞科,3784352.485624074,4748153.122901276,-3.470603288722509,3593551.63
20260114,48949393.66715347,30941.78,70.75,100.0,1.0,0.0,2408.0,南亞科,南亞科,3813259.619484709,4751511.081262592,-1.373039631432,3642801.0
20260115,49379844.87139233,30810.58,70.65,100.0,1.0,0.0,2408.0,南亞科,南亞科,3797090.554160207,4744795.16453996,-0.5057338145357108,3633539.08
20260116,51621581.82986573,31408.7,72.0,100.0,1.0,0.0,2408.0,南亞科,南亞科,3870802.75958621,4835460.0402955,0.0,3739731.21
20260119,55571768.843990706,31639.29,72.6,100.0,1.0,0.0,2408.0,南亞科,南亞科,3899220.6313329865,4875755.540631296,0.0,3820878.36
20260120,55178621.57603732,31759.99,72.6,100.0,1.0,0.0,2408.0,南亞科,南亞科,3914095.678472221,4875755.540631296,-0.7074586181647189,3838382.65
20260121,51644855.180000424,31246.37,71.85,100.0,1.0,0.0,2408.0,南亞科,南亞科,3850797.238441953,4825386.165211551,-7.066382347868924,3741800.63
20260122,54493381.81966741,31746.08,71.8,100.0,1.0,0.0,2408.0,南亞科,南亞科,3912381.4124763072,4822028.206850234,-1.940530320981337,3842858.16
20260123,54545052.75607771,31961.51,72.25,100.0,1.0,0.0,2408.0,南亞科,南亞科,3938930.96844321,4852249.832102082,-1.847549770811414,3860622.01
20260126,57188163.256108224,32064.52,72.25,100.0,1.0,0.0,2408.0,南亞科,南亞科,3951625.9030398335,4852249.832102082,0.0,3919656.49
20260127,56436187.48619881,32317.92,73.05,100.0,1.0,0.0,2408.0,南亞科,南亞科,3982854.8752443222,4905977.1658831425,-1.31491505775733,3944911.77
20260128,60029345.22448979,32803.82,74.2,100.0,1.0,0.0,2408.0,南亞科,南亞科,4042737.107265481,4983210.208193419,0.0,4008752.13
20260129,59768405.77381073,32536.27,73.75,100.0,1.0,0.0,2408.0,南亞科,南亞科,4009764.2915065577,4952988.582941571,-0.4346864849237268,3956856.45
20260130,62327009.29919164,32063.75,72.6,100.0,1.0,0.0,2408.0,南亞科,南亞科,3951531.0083729136,4875755.540631296,0.0,3937830.31
20260202,56479878.92918303,31624.03,71.5,100.0,1.0,0.0,2408.0,南亞科,南亞科,3897339.991570396,4801880.456682337,-9.381374841748496,3798494.61
20260203,54328407.44198342,32195.36,72.95,100.0,1.0,0.0,2408.0,南亞科,南亞科,3967750.602026556,4899261.2491605105,-12.833283591086667,3879555.13
20260204,57228308.88328353,32289.81,72.9,100.0,1.0,0.0,2408.0,南亞科,南亞科,3979390.603702618,4895903.290799194,-8.180563247359656,3949298.95
20260205,54052495.84752596,31801.27,72.0,100.0,1.0,0.0,2408.0,南亞科,南亞科,3919183.018537734,4835460.0402955,-13.27596742520581,3814267.32
20260206,51845735.99838388,31782.92,71.9,100.0,1.0,0.0,2408.0,南亞科,南亞科,3916921.567709193,4828744.123572868,-16.816583081171036,3753400.77
20260209,53982427.09668905,32404.62,73.95,100.0,1.0,0.0,2408.0,南亞科,南亞科,3993539.768259829,4966420.416386836,-13.388388591606644,3869225.25
20260210,53004546.02580838,33072.97,75.5,100.0,1.0,0.0,2408.0,南亞科,南亞科,4075907.1067478736,5070517.125587642,-14.957340931653157,3898921.42
20260211,56565563.58413404,33605.71,77.2,100.0,1.0,0.0,2337.0,旺宏,旺宏,4141561.892273602,5184687.709872398,-9.243898880821677,3962602.71
20260223,59226876.51941565,33773.26,77.4,100.0,1.0,0.0,2337.0,旺宏,旺宏,4162210.7253156784,5198119.543317663,-4.9739796833412315,4107649.33
20260224,64935119.82154247,34700.82,79.4,100.0,1.0,0.0,2337.0,旺宏,旺宏,4276523.059404061,5332437.877770316,0.0,4357186.74
20260225,64599329.193915464,35413.07,81.1,100.0,1.0,0.0,2337.0,旺宏,旺宏,4364300.626304802,5446608.46205507,-0.5171171294514311,4384137.95
20260226,65168150.57879694,35414.49,81.15,100.0,1.0,0.0,2337.0,旺宏,旺宏,4364475.626859381,5449966.420416387,0.0,4418091.02
20260302,67266597.73267649,35095.09,80.35,100.0,1.0,0.0,2337.0,旺宏,旺宏,4325112.826061772,5396239.086635325,0.0,4419939.52
20260303,62716119.81272115,34323.65,78.75,100.0,1.0,0.0,2337.0,旺宏,旺宏,4230040.693790931,5288784.419073204,-6.764840312036223,4235433.65
20260304,58034519.31597999,32828.88,75.6,100.0,1.0,0.0,2337.0,旺宏,旺宏,4045825.497334322,5077233.042310275,-13.724610323515416,3952994.29
20260305,62283165.56034985,33672.94,77.4,100.0,1.0,0.0,2337.0,旺宏,旺宏,4149847.305854139,5198119.543317663,-7.408479602508286,4118862.99
20260306,60226539.05979067,33599.54,76.85,100.0,1.0,0.0,2337.0,旺宏,旺宏,4140801.502539973,5161182.001343182,-10.4659056800578,4066608.85
20260309,55855729.633755304,32110.42,73.6,100.0,1.0,0.0,2337.0,旺宏,旺宏,3957282.6111068656,4942914.707857623,-16.96364686715538,3808876.34
20260310,55460508.69411974,32771.87,75.2,100.0,1.0,0.0,2337.0,旺宏,旺宏,4038799.5947874486,5050369.375419745,-17.551190987056035,3904213.12
20260311,60202281.62720897,34114.19,78.2,100.0,1.0,0.0,2337.0,旺宏,旺宏,4204226.879592224,5251846.877098724,-10.501967311535138,4182608.0
20260312,60692976.753757015,33581.86,76.6,100.0,1.0,0.0,2337.0,旺宏,旺宏,4138622.622395634,5144392.209536601,-9.772489170693063,4096162.87
20260313,64422945.854299985,33400.32,75.95,100.0,1.0,0.0,2337.0,旺宏,旺宏,4116249.6641714703,5100738.7508394895,-4.227435271332489,4148328.45
20260316,69835861.83065969,33342.51,75.6,100.0,1.0,0.0,2337.0,旺宏,旺宏,4109125.169762862,5077233.042310275,0.0,4283511.66
20260317,72922015.17712656,33836.57,76.65,100.0,1.0,0.0,2337.0,旺宏,旺宏,4170013.038773714,5147750.167897918,0.0,4379356.15
20260318,78057442.04691996,34348.58,77.8,100.0,1.0,0.0,2337.0,旺宏,旺宏,4233113.062682241,5224983.210208193,0.0,4455740.78
20260319,82532367.78571588,33689.68,76.0,100.0,1.0,0.0,2337.0,旺宏,旺宏,4151910.340560938,5104096.709200806,0.0,4464586.71
20260320,83228006.04169105,33543.88,75.9,100.0,1.0,0.0,2337.0,旺宏,旺宏,4133941.973759775,5097380.792478173,0.0,4391591.73
20260323,77276257.06516978,32722.5,74.25,100.0,1.0,0.0,2337.0,旺宏,旺宏,4032715.244520141,4986568.166554734,-7.1511372909016755,4200458.55
20260324,73670244.94075105,32612.24,74.4,100.0,1.0,0.0,2337.0,旺宏,旺宏,4019126.821176546,4996642.041638684,-11.48382804719877,4077911.76
20260325,76315385.9505381,33439.11,76.2,100.0,1.0,0.0,2337.0,旺宏,旺宏,4121030.137067336,5117528.542646071,-8.305641838505949,4221111.53
20260326,71881391.72797775,33337.62,75.8,100.0,1.0,0.0,2337.0,旺宏,旺宏,4108522.5270080087,5090664.87575554,-13.63316851304774,4204601.98
20260327,71449979.64356194,33112.59,75.0,100.0,1.0,0.0,2337.0,旺宏,旺宏,4080789.868700288,5036937.541974479,-14.151518170733526,4158379.72
20260330,72830252.69293855,32518.16,73.9,100.0,1.0,0.0,2337.0,旺宏,旺宏,4007532.418236536,4963062.458025521,-12.49309438405144,4090028.48
20260331,66084442.605201855,31722.99,72.35,100.0,1.0,0.0,2337.0,旺宏,旺宏,3909535.8048669873,4858965.748824714,-20.59831089537522,3831568.9
20260401,72648221.99370125,33174.82,75.45,100.0,1.0,0.0,2337.0,旺宏,旺宏,4088459.083144982,5067159.167226327,-12.711807660861316,4070483.27
20260402,74777559.59820831,32572.43,73.95,100.0,1.0,0.0,2337.0,旺宏,旺宏,4014220.6436569695,4966420.416386836,-10.153368854288898,3997294.78
20260407,78474217.15636346,33229.82,75.3,100.0,1.0,0.0,2337.0,旺宏,旺宏,4095237.2736392473,5057085.292142377,-5.711765920411811,4120055.13
20260408,80659275.43736617,34761.38,79.2,100.0,1.0,0.0,2313.0,華通,華通,4283986.463337383,5319006.04432505,-3.0863776828176492,4402138.15
20260409,82114067.17235611,34861.16,79.15,100.0,1.0,0.0,2313.0,華通,華通,4296283.333292254,5315648.085963734,-1.338418306906134,4396236.6
20260410,84139046.47593687,35417.83,80.75,100.0,1.0,0.0,2313.0,華通,華通,4364887.247882123,5423102.753525856,0.0,4466421.48
20260413,82369326.59919137,35457.29,80.6,100.0,1.0,0.0,2313.0,華通,華通,4369750.291462191,5413028.8784419065,-2.1033277067759895,4515001.54
20260414,77761716.93554583,36296.12,83.1,100.0,1.0,0.0,2313.0,華通,華通,4473127.555685916,5580926.796507723,-7.579512494493161,4616711.79
20260415,78948012.66398934,36722.14,84.15,100.0,1.0,0.0,2313.0,華通,華通,4525630.186856226,5651443.922095366,-6.1695895417975,4626438.06
20260416,80653495.33381489,37132.02,85.0,100.0,1.0,0.0,2313.0,華通,華通,4576143.727216037,5708529.214237743,-4.142608322901338,4760070.96
20260417,82477645.31497563,36804.34,84.15,100.0,1.0,0.0,2313.0,華通,華通,4535760.500649474,5651443.922095366,-1.9745899562058724,4770117.76
20260420,82915891.28750107,36958.8,84.55,100.0,1.0,0.0,2313.0,華通,華通,4554796.124353915,5678307.588985896,-1.45373074650379,4818791.53
20260421,85193285.05164754,37605.11,86.0,100.0,1.0,0.0,2313.0,華通,華通,4634447.257051167,5775688.38146407,0.0,5002024.53
20260422,83361448.56782109,37878.47,86.35,100.0,1.0,0.0,2313.0,華通,華通,4668136.096205939,5799194.089993284,-2.150212288111588,5054026.2
20260423,77568199.0119783,37714.15,86.35,100.0,1.0,0.0,2313.0,華通,華通,4647885.327805616,5799194.089993284,-8.95033691334548,4892535.07
20260424,76855896.14977081,38932.4,89.95,40.0,0.4,60.0,,,,4798022.2472536005,6040967.092008059,-9.786439033102525,5050356.73
20260427,76277800.65803172,39616.63,93.0,40.0,0.4,60.0,,,,4882346.63419708,6245802.552048354,-10.465008349203703,5166547.26
20260428,76240068.56833223,39521.73,92.0,40.0,0.4,60.0,,,,4870651.174598793,6178643.384822028,-10.509298330129567,5301705.1
20260429,75909771.2542544,39303.5,90.75,40.0,0.4,60.0,,,,4843756.547115819,6094694.42578912,-10.89700179041706,5276803.89
20260430,78450554.56601582,38926.63,90.5,40.0,0.4,60.0,,,,4797311.153450838,6077904.633982538,-7.9146267003837325,5272887.9
20260504,78596818.08706231,40705.14,94.6,40.0,0.4,60.0,,,,5016494.418468227,6353257.219610477,-7.742942369913533,5537881.91
20260505,79388739.92372186,40769.29,94.6,40.0,0.4,60.0,,,,5024400.253381085,6353257.219610477,-6.813383383921319,5703398.36
20260506,77024019.50313918,41138.85,95.75,40.0,0.4,60.0,,,,5069944.763909462,6430490.261920752,-9.589095600147155,5835962.48
20260507,77706283.54535814,41933.78,97.7,40.0,0.4,60.0,,,,5167911.799720492,6561450.638012088,-8.788253090311626,5977277.73
20260508,76120242.79370913,41603.94,97.0,40.0,0.4,60.0,,,,5127262.375127246,6514439.22095366,-10.64994999598616,5836588.09
20260511,77956073.3846216,41790.06,96.9,40.0,0.4,60.0,,,,5150199.77175984,6507723.304231027,-8.495049419256992,6088592.33
20260512,77794613.77484171,41898.32,96.85,40.0,0.4,60.0,,,,5163541.715449098,6504365.345869711,-8.684570940444972,6131025.69
20260513,77595490.82034257,41374.5,95.5,40.0,0.4,60.0,,,,5098986.229181712,6413700.470114171,-8.918301749602552,5991026.12
20260514,77028270.8828526,41751.75,96.05,40.0,0.4,60.0,,,,5145478.453981016,6450638.01208865,-9.584105324551096,6131470.32
20260515,75182508.1334591,41172.36,95.4,40.0,0.4,60.0,,,,5074074.530517878,6406984.553391539,-11.750664283129248,5897345.35
20260518,74828573.9263964,40891.82,94.9,40.0,0.4,60.0,,,,5039500.8294040365,6373404.969778375,-12.166112762253087,5944272.16
20260519,75064575.99547614,40175.56,93.1,40.0,0.4,60.0,,,,4951229.070796351,6252518.468770986,-11.889093195585753,5713690.86
20260520,74827471.98739225,40020.82,92.5,40.0,0.4,60.0,,,,4932158.939940303,6212222.968435192,-12.167406219834264,5690361.11
20260521,81463770.11897622,41368.21,95.85,100.0,1.0,0.0,3481.0,群創,群創,5098211.050668822,6437206.178643384,-4.37770996905489,5992678.3
20260522,89576795.32475713,42267.97,97.3,100.0,1.0,0.0,3481.0,群創,群創,5209097.317561922,6534586.971121557,0.0,6371678.52
20260525,97150605.04408649,43644.4,100.8,100.0,1.0,0.0,3481.0,群創,群創,5378728.312871414,6769644.0564137,0.0,6669958.7
20260526,92674668.83013472,43525.37,100.1,100.0,1.0,0.0,3481.0,群創,群創,5364059.076243552,6722632.639355272,-4.607213935436215,6795736.8
20260527,98997015.76046394,44256.8,102.55,100.0,1.0,0.0,3481.0,群創,群創,5454200.383029384,6887172.599059771,0.0,6981301.94
20260528,93946783.49500506,43636.44,100.5,100.0,1.0,0.0,3481.0,群創,群創,5377747.323847153,6749496.306245803,-5.101398488292386,6796325.2
20260529,100554882.61371544,44732.94,105.4,100.0,1.0,0.0,3481.0,群創,群創,5512879.794337376,7078576.225654802,0.0,7100500.58
20260601,109293873.66171616,45337.91,105.5,100.0,1.0,0.0,3481.0,群創,群創,5587436.192579485,7085292.142377434,0.0,7345029.94
20260602,109843376.56938902,45557.31,105.7,100.0,1.0,0.0,3481.0,群創,群創,5614475.010660245,7098723.975822699,0.0,7328784.45
20260603,112498398.09126362,46459.16,107.6,100.0,1.0,0.0,3481.0,群創,群創,5725618.848792127,7226326.39355272,0.0,7290175.72
20260604,105522724.62812193,45677.46,106.1,100.0,1.0,0.0,3481.0,群創,群創,5629282.275894537,7125587.64271323,-6.200686926655368,7039905.54
20260605,104371266.95722584,45070.94,104.15,100.0,1.0,0.0,3481.0,群創,群創,5554534.855920318,6994627.266621894,-7.224219430613308,6859570.68
20260608,97975047.37276591,43502.78,100.95,100.0,1.0,0.0,3481.0,群創,群創,5361275.088547816,6779717.931497649,-12.909828908599852,6565653.61
20260609,102106765.76487924,44704.44,103.5,100.0,1.0,0.0,3481.0,群創,群創,5509367.459263076,6950973.807924782,-9.237138041693935,6919898.58
20260610,94333322.93258362,43225.54,100.25,100.0,1.0,0.0,3481.0,群創,群創,5327108.07886363,6732706.514439221,-16.14696339404202,6465960.65
20260611,99263675.33571418,43149.46,99.85,100.0,1.0,0.0,3481.0,群創,群創,5317731.992812653,6705842.84754869,-11.764365519954213,6536457.9
20260612,102463025.23662464,44169.04,101.95,100.0,1.0,0.0,3481.0,群創,群創,5443384.855797078,6846877.098723976,-8.920458446437474,6739983.56
20260615,109519917.94387332,45396.99,105.25,100.0,1.0,0.0,3481.0,群創,群創,5594717.201568596,7068502.350570853,-2.647575608120244,7069080.12
20260616,113444243.48856412,45809.19,105.9,100.0,1.0,0.0,3481.0,群創,群創,5645516.658327439,7112155.809267965,0.0,7168022.67
20260617,121570013.69125389,45877.39,106.0,100.0,1.0,0.0,3481.0,群創,群創,5653921.614540327,7118871.725990598,0.0,7273438.26
20260618,131275777.93839934,46465.2,107.3,100.0,1.0,0.0,3481.0,群創,群創,5726363.217348223,7206178.643384822,0.0,7507531.01
20260622,132050111.3866628,47741.51,111.15,100.0,1.0,0.0,3481.0,群創,群創,5883655.441161609,7464741.437206179,0.0,7758870.07
20260623,129448100.45127323,47100.65,110.1,100.0,1.0,0.0,3481.0,群創,群創,5804675.965522426,7394224.311618535,-1.97047235179566,7528853.44
20260624,134210682.97055005,46043.6,107.15,100.0,1.0,0.0,3481.0,群創,群創,5674405.306213998,7196104.768300872,0.0,7525094.85
20260625,138554377.7072966,46255.26,107.2,100.0,1.0,0.0,3481.0,群創,群創,5700490.248032477,7199462.72666219,0.0,7676246.41
20260626,127914232.3000439,44571.76,103.1,100.0,1.0,0.0,3481.0,群創,群創,5493015.9989943635,6924110.141034251,-7.67940037934462,7269036.86
20260629,130597086.69860676,44999.9,104.45,100.0,1.0,0.0,3481.0,群創,群創,5545779.8985982705,7014775.016789792,-5.743081626406659,7303808.91
20260630,137695030.23569575,46125.91,107.8,100.0,1.0,0.0,3481.0,群創,群創,5684549.176388235,7239758.226997985,-0.6202239769112723,7620194.97
20260701,134951437.43112424,47018.99,109.35,100.0,1.0,0.0,3481.0,群創,群創,5794612.2012358485,7343854.936198791,-2.60037996329771,7482509.23
20260702,132955473.27451032,46744.16,108.8,100.0,1.0,0.0,3481.0,群創,群創,5760742.19953514,7306917.394224311,-4.04094372580149,7377413.9
20260703,131927519.61087994,46780.62,108.35,100.0,1.0,0.0,2327.0,國巨*,國巨*,5765235.523633702,7276695.768972465,-4.782857247871484,7433621.08
20260706,128713432.40665369,46556.39,108.25,100.0,1.0,0.0,2327.0,國巨*,國巨*,5737601.457187716,7269979.852249832,-7.102587058946957,7281539.03
20260707,117790749.1320438,45479.11,106.2,100.0,1.0,0.0,2327.0,國巨*,國巨*,5604837.656175671,7132303.559435863,-14.985905836275384,6889539.27
20260708,117795210.622016,45734.41,106.05,100.0,1.0,0.0,2327.0,國巨*,國巨*,5636300.7840517815,7122229.684351914,-14.982685808120351,6975038.07
20260709,119504295.1424648,45354.61,105.8,100.0,1.0,0.0,2327.0,國巨*,國巨*,5589494.297693197,7105439.892545332,-13.749174064406771,7093287.56
20260710,119504295.1424648,,,100.0,1.0,0.0,2327.0,國巨*,國巨*,,,-13.749174064406771,7093287.56
20260713,113595752.60484192,45380.52,106.0,100.0,1.0,0.0,2327.0,國巨*,國巨*,5592687.441615132,7118871.725990598,-18.013595467319767,7024157.06
20260714,108408589.90894082,44737.95,104.4,100.0,1.0,0.0,2327.0,國巨*,國巨*,5513497.225871489,7011417.058428476,-21.757369414945764,6871359.72
20260715,110194296.61469255,45631.59,106.3,100.0,1.0,0.0,2327.0,國巨*,國巨*,5623629.265022318,7139019.476158495,-20.46855650603563,7193144.51
20260716,106492991.26135056,45624.98,106.4,100.0,1.0,0.0,2327.0,國巨*,國巨*,5622814.649764735,7145735.392881129,-23.139930312182123,6932770.14
20260717,96305429.51289786,42671.27,100.15,40.0,0.4,60.0,,,,5258799.939858964,6725990.5977165885,-30.492683734361588,6325960.91
20260720,93928630.9390543,42449.7,99.2,20.0,0.2,80.0,,,,5231493.6913532475,6662189.388851578,-32.20811027892352,6055769.94
20260721,94040450.73779128,44232.87,102.5,20.0,0.2,80.0,,,,5451251.253965242,6883814.640698455,-32.12740564830319,6440983.02
20260722,94708193.5832667,44825.78,103.85,20.0,0.2,80.0,,,,5524321.379891696,6974479.516453995,-31.645470067107706,6772422.74
20260723,94491717.71221924,44850.81,103.9,20.0,0.2,80.0,,,,5527406.072765723,6977837.474815313,-31.801708992668605,6696718.27
20260724,93617805.87210622,43654.84,101.7,0.0,0.0,100.0,,,,5380014.936667052,6830087.3069173945,-32.432444632042774,6329034.37
20260727,93617805.87210622,43634.19,101.45,0.0,0.0,100.0,,,,5377470.034236024,6813297.515110812,-32.432444632042774,6336196.66
20260728,93617805.87210622,41603.36,97.15,0.0,0.0,100.0,,,,5127190.896027488,6524513.0960376095,-32.432444632042774,5785417.06
20260729,93617805.87210622,40039.18,93.7,0.0,0.0,100.0,,,,4934421.623167115,6292813.969106783,-32.432444632042774,5343217.36
20260730,93617805.87210622,39933.3,93.5,0.0,0.0,100.0,,,,4921372.990266519,6279382.135661517,-32.432444632042774,5210019.41
20260731,93617805.87210622,43119.75,102.85,0.0,0.0,100.0,,,,5314070.5375474775,6907320.34922767,-32.432444632042774,5715580.06
20260803,93617805.87210622,43386.41,102.0,0.0,0.0,100.0,,,,5346933.669860221,6850235.0570852915,-32.432444632042774,6019661.29
20260804,93617805.87210622,43360.66,100.65,0.0,0.0,100.0,,,,5343760.244310633,6759570.181329751,-32.432444632042774,6323324.3
20260805,93617805.87210622,44611.6,103.8,0.0,0.0,100.0,,,,5497925.873708755,6971121.558092679,-32.432444632042774,6599779.89
20260806,93617805.87210622,44396.7,103.3,0.0,0.0,100.0,,,,5471441.6348502515,6937541.974479516,-32.432444632042774,6751378.81
20260807,93617805.87210622,44225.91,102.85,0.0,0.0,100.0,,,,5450393.504768149,6907320.34922767,-32.432444632042774,6560198.05
20260810,93617805.87210622,44928.76,104.25,0.0,0.0,100.0,,,,5537012.617293506,7001343.183344526,-32.432444632042774,6848086.5
20260811,93617805.87210622,45120.72,104.6,0.0,0.0,100.0,,,,5560669.734516765,7024848.89187374,-32.432444632042774,6874048.27
20260812,93617805.87210622,45518.07,105.2,0.0,0.0,100.0,,,,5609639.079842154,7065144.392209537,-32.432444632042774,7018754.13
20260813,93617805.87210622,46021.48,106.7,0.0,0.0,100.0,,,,5671679.241237032,7165883.143049026,-32.432444632042774,7134164.29
20260814,93232231.87889075,45811.01,106.4,100.0,1.0,0.0,2408.0,南亞科,南亞科,5645740.954812884,7145735.392881129,-32.71072814758063,7158819.9
20260817,93955790.48724672,45857.27,106.45,100.0,1.0,0.0,2408.0,南亞科,南亞科,5651442.029217698,7149093.3512424445,-32.18850819298308,7137364.29
20260818,92658086.92990428,45308.68,104.9,100.0,1.0,0.0,2408.0,南亞科,南亞科,5583833.8924313495,7044996.6420416385,-33.125110542772354,6922770.82
20260819,88938233.29906578,44719.35,103.1,100.0,1.0,0.0,2408.0,南亞科,南亞科,5511204.965086157,6924110.141034251,-35.809871351050006,6726685.04
20260820,93692199.26609734,44933.74,103.8,100.0,1.0,0.0,2408.0,南亞科,南亞科,5537626.351632805,6971121.558092679,-32.37875207088222,6785021.58
20260821,94530035.0154794,45224.29,104.65,100.0,1.0,0.0,2408.0,南亞科,南亞科,5573433.683416602,7028206.850235057,-31.77405392763624,6761784.05
20260824,90505640.31637762,44762.32,103.8,100.0,1.0,0.0,2408.0,南亞科,南亞科,5516500.580459586,6971121.558092679,-34.67861368655162,6729834.84
20260825,93572547.5423733,45169.46,104.4,100.0,1.0,0.0,2408.0,南亞科,南亞科,5566676.443692955,7011417.058428476,-32.46510930167056,6797433.84
20260826,96581547.11040255,45832.62,105.9,100.0,1.0,0.0,2408.0,南亞科,南亞科,5648404.167477996,7112155.809267965,-30.29339909097917,6942911.94
20260827,98343646.7103675,45975.22,106.05,100.0,1.0,0.0,2408.0,南亞科,南亞科,5665978.166832219,7122229.684351914,-29.021624334293055,7118361.86
20260828,98733991.2760308,46331.45,106.95,100.0,1.0,0.0,2408.0,南亞科,南亞科,5709879.890464441,7182672.934855607,-28.739897713941936,7164736.93
20260831,97909511.555066,46128.47,106.25,100.0,1.0,0.0,2408.0,南亞科,南亞科,5684864.670345786,7135661.5177971795,-29.33495630004201,7119981.28
20260901,95716338.46074092,46948.72,108.45,100.0,1.0,0.0,2408.0,南亞科,南亞科,5785952.138580721,7283411.685695097,-30.917853304536724,7192927.39
20260902,95597195.04643312,46164.72,106.8,100.0,1.0,0.0,2408.0,南亞科,南亞科,5689332.114080643,7172599.059771659,-31.00384366895486,7064967.39
20260903,90565731.17766877,45857.66,106.2,100.0,1.0,0.0,2408.0,南亞科,南亞科,5651490.092750294,7132303.559435863,-34.63524381092193,6804175.83
20260904,93760779.1305434,46551.13,107.9,100.0,1.0,0.0,2408.0,南亞科,南亞科,5736953.21569681,7246474.1437206175,-32.32925535660955,6975860.36
20260907,95902813.13911292,47326.27,109.9,100.0,1.0,0.0,2408.0,南亞科,南亞科,5832481.335328175,7380792.47817327,-30.783267388553643,7203712.79
20260908,96326520.69463624,47105.78,109.65,100.0,1.0,0.0,2408.0,南亞科,南亞科,5805308.1858358,7364002.686366689,-30.47746142086463,7138379.17
20260909,96205096.9097368,47183.36,109.65,100.0,1.0,0.0,2408.0,南亞科,南亞科,5814869.13162753,7364002.686366689,-30.565097616060093,7199022.72
20260910,94767767.63200152,46940.49,109.15,100.0,1.0,0.0,2408.0,南亞科,南亞科,5784937.874803124,7330423.1027535265,-31.602473194890024,7152730.07
20260911,92024800.65007488,46184.85,107.7,100.0,1.0,0.0,2408.0,南亞科,南亞科,5691812.931801544,7233042.310275353,-33.582177501109285,6976628.96
20260914,89555318.90114841,45862.52,106.9,100.0,1.0,0.0,2408.0,南亞科,南亞科,5652089.038310332,7179314.976494292,-35.364497042209145,6891977.6
20260915,88990861.9846679,45511.49,106.25,100.0,1.0,0.0,2408.0,南亞科,南亞科,5608828.161779385,7135661.5177971795,-35.77188721336127,6802936.94
20260916,93199710.09685709,45848.9,106.9,100.0,1.0,0.0,2408.0,南亞科,南亞科,5650410.511864298,7179314.976494292,-32.734200363018225,6963946.5
20260917,91181274.94512144,46288.0,108.05,100.0,1.0,0.0,2408.0,南亞科,南亞科,5704525.1199739715,7256548.018804566,-34.19098230317438,6951064.59
20260918,95697684.75932236,47180.75,109.85,100.0,1.0,0.0,2408.0,南亞科,南亞科,5814547.47567862,7377434.519811953,-30.931316395149395,7185989.72
20260921,96115668.42344797,47718.84,111.35,100.0,1.0,0.0,2408.0,南亞科,南亞科,5880861.5942797,7478173.270651444,-30.62964157906483,7241090.14
20260922,93409211.14483742,47800.17,111.85,100.0,1.0,0.0,2408.0,南亞科,南亞科,5890884.6894233115,7511752.854264606,-32.582995434349044,7366703.86
20260923,95318469.02532488,48157.29,112.45,100.0,1.0,0.0,2408.0,南亞科,南亞科,5934896.096501715,7552048.354600403,-31.20501091153529,7413609.37
20260924,96365299.24052818,48024.6,112.4,100.0,1.0,0.0,2408.0,南亞科,南亞科,5918543.403834729,7548690.396239087,-30.449473459362697,7432790.19
20260929,90630485.02603984,47631.96,111.3,100.0,1.0,0.0,2454.0,聯發科,聯發科,5870154.518095304,7474815.312290127,-34.588508478958715,7417339.3
20260930,90984344.85864098,47940.13,112.05,100.0,1.0,0.0,2454.0,聯發科,聯發科,5908133.33563381,7525184.687709872,-34.333114287554174,7582047.3
20261001,91393278.738044,48353.49,112.9,100.0,1.0,0.0,2454.0,聯發科,聯發科,5959075.750592167,7582269.97985225,-34.03797104764377,7685211.5
20261002,91523916.45680664,48475.74,112.8,100.0,1.0,0.0,2454.0,聯發科,聯發科,5974141.819463512,7575554.063129617,-33.94368480355366,7803725.56
